:020000040000fa
:10000000f87f0020354e01002d7f0100317f010077
:1000100000000000000000000000000000000000e0
:10002000000000000000000000000000297f010027
:100030000000000000000000297f0100297f01006e
:10004000fd7e0100297f0100e1680100297f010098
:10005000297f0100297f0100e16e0100056f010089
:10006000297f0100297f0100297f0100297f0100ec
:10007000297f0100297f010000000000f92d010007
:10008000712e0100297f0100297f0100297f0100d5
:1000900059770100297f0100297f0100297f010094
:1000a000297f0100297f0100297f0100297f0100ac
:1000b000297f010000000000297f010085ac0000bd
:1000c00085ac000085ac000085ac0000e5bf0000f9
:1000d000e5bf0000e5bf0000e5bf0000c9aa0000c1
:1000e000c9aa0000c9aa0000c9aa0000297f01000e
:1000f000297f0100297f0100297f0100297f01005c
:10010000297f0100297f0100297f0100297f01004b
:10011000297f0100297f0100297f0100297f01003b
:10012000297f0100896b0100297f0100297f0100df
:10013000297f0100297f0100297f0100616d0100f5
:10014000297f0100297f0100297f0100297f01000b
:0c015000297f0100297f0100297f0100a8
:020000040000fa
:10015c00f8b5c046f8bc08bc9e467047495c010027
:10016c00f8b5c046f8bc08bc9e467047255c01003b
:020000040000fa
:10017c009c7b000001000000908100000100000049
:020000040000fa
:10018c000d0a44525620555342205553424653565d
:10019c00313a20496e76616c6964204472697665e7
:1001ac0072204d6f64756c6520496e6465782069aa
:1001bc006e204452565f555342465356315f496e3a
:1001cc00697469616c697a6528292e000d0a44529c
:1001dc00562055534220555342465356313a2044eb
:1001ec00726976657220697320616c7265616479dd
:1001fc0020696e697469616c697a656420696e2026
:10020c004452565f555342465356315f496e69749a
:10021c0069616c697a6528292e0000000d0a445228
:10022c00562055534220555342465356313a20449a
:10023c007269766572206e6f742079657420696eb0
:10024c00697469616c697a656420696e20445256e0
:10025c005f555342465356315f5461736b73282973
:10026c002e0000000d0a555342205553424653565a
:10027c0031204472697665723a204261642044727e
:10028c006976657220496e64657820696e204452e7
:10029c00565f555342465356315f4f70656e282951
:1002ac002e0000000d0a555342205553424653561a
:1002bc0031204472697665723a20447269766572af
:1002cc0020737461747573206e6f74207265616431
:1002dc007920696e204452565f555342465356312d
:1002ec005f4f70656e28292e000000000d0a5553d3
:1002fc0042205553424653563120447269766572fa
:10030c003a20556e737570706f7274656420494f26
:10031c0020496e74656e7420696e204452565f5588
:10032c005342465356315f4f70656e28292e00009c
:10033c000d0a5553422055534246535631204472b0
:10034c00697665723a204472697665722063616ed3
:10035c00206265206f70656e6564206f6e6c79200d
:10036c006f6e63652e204d756c7469706c652063bf
:10037c00616c6c7320746f204452565f5553424627
:10038c005356315f4f70656e28292e000d0a555358
:10039c004220555342465356312044726976657259
:1003ac003a20496e76616c69642064726976657274
:1003bc002068616e646c6520696e204452565f55ee
:1003cc005342465356315f436c6f736528292e0098
:1003dc000d0a555342205553424653563120447210
:1003ec00697665723a204472697665722068616e2e
:1003fc00646c65206e6f74206f70656e6564206927
:10040c006e204452565f555342465356315f436cef
:10041c006f736528292e00000d0a55534220555341
:10042c004246535631204472697665723a20496ec1
:10043c0076616c6964206f626a65637420696e20f2
:10044c004452565f555342465356315f5461736b59
:10045c00735f4953522829000d0a555342205553b6
:10046c004246535631204472697665723a20496e81
:10047c0076616c69642053797374656d2053746173
:10048c0074757320696e204452565f55534246531f
:10049c0056315f5461736b735f49535228290000c6
:1004ac000d0a555342465356312044726976657293
:1004bc003a2057686174206d6f6465206172652005
:1004cc00796f7520747279696e673f000d0a555308
:1004dc004220555342465356312044726976657218
:1004ec003a20496e76616c696420636c69656e7440
:1004fc002068616e646c6520696e204452565f55ad
:10050c005342465356315f436c69656e744576654c
:10051c006e7443616c6c4261636b53657428292e55
:10052c00000000000d0a55534220555342465356c5
:10053c003120446576696365204472697665723a48
:10054c0020556e737570706f7274656420656e647f
:10055c00706f696e7420696e204452565f55534219
:10056c00465356315f4445564943455f456e64706a
:10057c006f696e744973456e61626c656428292ecf
:10058c00000000000d0a5553422055534246535665
:10059c003120446576696365204472697665723ae8
:1005ac00204472697665722048616e646c652069be
:1005bc007320696e76616c696420696e20445256b2
:1005cc005f555342465356315f4445564943455f48
:1005dc00456e64706f696e744973456e61626c65cb
:1005ec006428292e000000000d0a55534220555353
:1005fc0042465356312044657669636520447269de
:10060c007665723a204472697665722048616e6430
:10061c006c6520697320696e76616c696420696e03
:10062c00204452565f555342465356315f4445560b
:10063c004943455f456e64706f696e7449735374ba
:10064c00616c6c656428292e000000000d0a55535e
:10065c0042205553424653563120446576696365b2
:10066c00204472697665723a20556e737570706f9e
:10067c007274656420656e64706f696e7420696e47
:10068c00204452565f555342465356315f444556ab
:10069c004943455f456e64706f696e74456e616267
:1006ac006c6528292e0000000d0a55534220555325
:1006bc00424653563120446576696365204472691d
:1006cc007665723a204472697665722048616e6470
:1006dc006c6520697320696e76616c696420696e43
:1006ec00204452565f555342465356315f4445564b
:1006fc004943455f456e64706f696e74456e616207
:10070c006c6528292e0000000d0a555342205553c4
:10071c0042465356312044657669636520447269bc
:10072c007665723a20496e76616c69642068616ef8
:10073c00646c6520696e204452565f555342465393
:10074c0056315f4445564943455f49525053756293
:10075c006d697428292e00000d0a555342205553fb
:10076c00424653563120446576696365204472696c
:10077c007665723a2044657669636520495250204b
:10078c00697320616c726561647920696e20757380
:10079c006520696e204452565f555342485356317a
:1007ac005f4445564943455f4952505375626d69e4
:1007bc007428292e000000000d0a55534220555371
:1007cc00424853563120446576696365204472690a
:1007dc007665723a20456e64706f696e7420697329
:1007ec00206e6f742070726f766973696f6e6564ba
:1007fc0020666f7220696e204452565f55534248f2
:10080c005356315f4445564943455f4952505375e1
:10081c00626d697428292e000d0a555342205553d8
:10082c0042465356312044657669636520447269ab
:10083c007665723a204d75746578206c6f636b2009
:10084c006661696c656420696e204452565f55532d
:10085c0042465356315f4445564943455f495250d1
:10086c005375626d69742829000000000d0a5553f8
:10087c004220555342465356312044657669636590
:10088c00204472697665723a2044726976657220ea
:10089c0048616e646c6520697320696e76616c6961
:1008ac006420696e204452565f555342465356316c
:1008bc005f4445564943455f4164647265737353a5
:1008cc00657428292e0000000d0a555342205553fb
:1008dc0042465356312044657669636520447269fb
:1008ec007665723a204472697665722048616e644e
:1008fc006c6520697320696e76616c696420696e21
:10090c00204452565f555342465356315f44455628
:10091c004943455f43757272656e745370656564c7
:10092c0047657428292e00000d0a55534220555353
:10093c00424653563120446576696365204472699a
:10094c007665723a204472697665722048616e64ed
:10095c006c6520697320696e76616c696420696ec0
:10096c00204452565f555342465356315f444556c8
:10097c004943455f52656d6f746557616b65757062
:10098c00537461727428292e000000000d0a55530f
:10099c00422055534246535631204465766963656f
:1009ac00204472697665723a2044726976657220c9
:1009bc0048616e646c6520697320696e76616c6940
:1009cc006420696e204452565f555342465356314b
:1009dc005f4445564943455f52656d6f7465576179
:1009ec006b65757053746f7028292e000d0a555362
:1009fc00422055534246535631204465766963650f
:100a0c00204472697665723a204472697665722068
:100a1c0048616e646c6520697320696e76616c69df
:100a2c006420696e204452565f55534246535631ea
:100a3c005f4445564943455f417474616368282996
:100a4c002e0000000d0a5553422055534246535672
:100a5c003120446576696365204472697665723a23
:100a6c00204472697665722048616e646c652069f9
:100a7c007320696e76616c696420696e20445256ed
:100a8c005f555342465356315f4445564943455f83
:100a9c00534f464e756d62657247657428292e005a
:100aac000d0a555342205553424653563120446546
:100abc0076696365204472697665723a204472697e
:100acc007665722048616e646c6520697320696e6e
:100adc0076616c696420696e204452565f555342ae
:100aec00465356315f4445564943455f495250433e
:100afc00616e63656c28292e000000000d0a5553a9
:100b0c0042205553424653563120446576696365fd
:100b1c00204472697665723a2049525020697320dc
:100b2c00696e76616c696420696e204452565f551b
:100b3c005342465356315f4445564943455f4952eb
:100b4c005043616e63656c28292e00000d0a5553c5
:100b5c0042205553424653563120446576696365ad
:100b6c00204472697665723a204d75746578206cf4
:100b7c006f636b206661696c656420696e204452fa
:100b8c00565f555342465356315f4445564943458b
:100b9c005f49525043616e63656c28292e0000003a
:100bac000d0a555342205553424653563120446545
:100bbc0076696365204472697665723a20556e7366
:100bcc007570706f7274656420656e64706f696e99
:100bdc007420696e204452565f5553424653563129
:100bec005f4445564943455f456e64706f696e744a
:100bfc0044697361626c6528292e00000d0a5553f7
:100c0c0042205553424653563120446576696365fc
:100c1c00204472697665723a204472697665722056
:100c2c0048616e646c6520697320696e76616c69cd
:100c3c006420696e204452565f55534246535631d8
:100c4c005f4445564943455f456e64706f696e74e9
:100c5c0044697361626c6528292e00000d0a555396
:100c6c00422055534246535631204465766963659c
:100c7c00204472697665723a204d75746578206ce3
:100c8c006f636b206661696c656420696e204452e9
:100c9c00565f555342465356315f4445564943457a
:100cac005f456e64706f696e7444697361626c65e4
:100cbc00282900000d0a55534220555342465356dd
:100ccc003120446576696365204472697665723ab1
:100cdc00204472697665722048616e646c65206987
:100cec007320696e76616c696420696e204452567b
:100cfc005f555342465356315f4445564943455f11
:100d0c0044657461636828292e0000000d0a555350
:100d1c0042205553424653563120446576696365eb
:100d2c00204472697665723a204d75746578206c32
:100d3c006f636b206661696c656420696e20445238
:100d4c00565f555342465356315f444556494345c9
:100d5c005f44657461636828290000000d0a5553cf
:100d6c00422055534246535631204465766963659b
:100d7c00204472697665723a20556e737570706f87
:100d8c007274656420656e64706f696e7420696e30
:100d9c00204452565f555342465356315f44455694
:100dac004943455f49525043616e63656c416c6cbd
:100dbc0028292e000d0a55534220555342465356ae
:100dcc003120446576696365204472697665723ab0
:100ddc00204472697665722048616e646c65206986
:100dec007320696e76616c696420696e204452567a
:100dfc005f555342465356315f4445564943455f10
:100e0c0049525043616e63656c416c6c28292e000d
:100e1c000d0a5553422055534246535631204465d2
:100e2c0076696365204472697665723a204d7574f3
:100e3c006578206c6f636b206661696c65642069f2
:100e4c006e204452565f555342465356315f4445cb
:100e5c00564943455f49525043616e63656c416c22
:100e6c006c28292e000000000d0a555342205553c2
:100e7c004246535631204465766963652044726955
:100e8c007665723a20556e737570706f7274656406
:100e9c0020656e64706f696e7420696e20445256c2
:100eac005f555342465356315f4445564943455f5f
:100ebc00456e64706f696e745374616c6c436c65d1
:100ecc00617228292e0000000d0a555342205553fb
:100edc0042465356312044657669636520447269f5
:100eec007665723a204472697665722048616e6448
:100efc006c6520697320696e76616c696420696e1b
:100f0c00204452565f555342465356315f44455622
:100f1c004943455f456e64706f696e745374616cc0
:100f2c006c436c65617228292e0000000d0a555324
:100f3c0042205553424653563120446576696365c9
:100f4c00204472697665723a204d75746578206c10
:100f5c006f636b206661696c656420696e20445216
:100f6c00565f555342465356315f444556494345a7
:100f7c005f456e64706f696e745374616c6c282974
:100f8c00000000000d0a555342205553424653565b
:100f9c003120446576696365204472697665723ade
:100fac0020556e737570706f7274656420656e6415
:100fbc00706f696e7420696e204452565f555342af
:100fcc00465356315f4445564943455f456e647000
:100fdc006f696e745374616c6c28292e00000000cc
:100fec000d0a555342205553424653563120446501
:100ffc0076696365204472697665723a2044726939
:10100c007665722048616e646c6520697320696e28
:10101c0076616c696420696e204452565f55534268
:10102c00465356315f4445564943455f456e64709f
:10103c006f696e745374616c6c28292e000000006b
:10104c000d0a5553422055534246535631204465a0
:10105c0076696365204472697665723a20447269d8
:10106c0076657220646f6573206e6f74206861768c
:10107c0065206120636c69656e7420696e20465f23
:10108c004452565f555342465356315f4445564978
:10109c0043455f5461736b735f49535228292e008b
:1010ac000d0a555342205553424653563120446540
:1010bc0076696365204472697665723a2044726978
:1010cc00766572206e656564732061206576656e49
:1010dc00742068616e646c657220696e20465f4492
:1010ec0052565f555342465356315f444556494319
:1010fc00455f5461736b735f49535228292e00006e
:10110c001b5b33313b316d6572726f723a20696ec5
:10111c0076616c69642073656e64207265717565a7
:10112c0073742073746174652068616e646c650af5
:10113c001b5b306d000000001b5b33313b316d6578
:10114c0072726f723a2073656e6420726571756588
:10115c007374207374617465206661696c75726553
:10116c000a1b5b306d0000001b5b33313b316d653e
:10117c0072726f723a20746f6f206d616e7920639a
:10118c006f6d6d616e64730a1b5b306d0000000047
:10119c001b5b33313b316d6572726f723a20736534
:1011ac006e642072657175657374207374617465f7
:1011bc00206661696c7572652c20706f737369623f
:1011cc006c65206e6f2073706163650a1b5b306dfc
:1011dc00000000001b5b33313b316d6572726f7226
:1011ec003a20696e74656765722074797065206d3c
:1011fc0069736d617463682025642076732025649f
:10120c000a1b5b306d0000001b5b33313b316d659d
:10121c0072726f723a20737472696e672f6279748e
:10122c00652074797065206d69736d6174636820d5
:10123c0025642076732025640a1b5b306d0000004a
:10124c001b5b33313b316d6572726f723a20726584
:10125c00616420656c656d656e742073697a6520b8
:10126c006d69736d61746368202564203c2025646e
:10127c000a1b5b306d0000001b5b33313b316d652d
:10128c0072726f723a207265616420656c656d656f
:10129c006e742073697a65206d69736d617463680f
:1012ac0020256420213d2025640a1b5b306d000045
:1012bc001b5b33313b316d6572726f723a207479fe
:1012cc007065206d69736d61746368202564207688
:1012dc00732025640a1b5b306d0000001b5b3331ef
:1012ec003b316d6572726f722c20434d4435322048
:1012fc006d616e75616c20636c6b2077616b6575cd
:10130c00702077726974652c207374617475733de9
:10131c003078253034780a1b5b306d001b5b333121
:10132c003b316d6572726f722c2063736120434d7b
:10133c00443533207772697465206661696c656425
:10134c002c207374617475733d3078253034780ab1
:10135c001b5b306d000000001b5b33313b316d6556
:10136c0072726f722c20434d443532206175746f4c
:10137c0020636c6b2077616b657570207772697474
:10138c00652c207374617475733d30782530347816
:10139c000a1b5b306d0000001b5b33313b316d650c
:1013ac0072726f722c206c656e67746820434d44aa
:1013bc003533207772697465206661696c65642cbd
:1013cc00207374617475733d3078253034780a1b42
:1013dc005b306d001b5b33313b316d6572726f722c
:1013ec002c206d65737361676520434d4435332044
:1013fc007772697465206661696c65642c207374fe
:10140c00617475733d3078253034780a1b5b306d10
:10141c00000000001b5b33313b316d6572726f72e3
:10142c002c20696e746572727570742063686563c4
:10143c006b206661696c65642c20737461747573c0
:10144c003d253032780a1b5b306d00001b5b33315d
:10145c003b316d6572726f722c206d6573736167b1
:10146c006520434d443533207265616420666169a3
:10147c006c65642c207374617475733d3078253001
:10148c0034780a1b5b306d001b5b33313b316d656f
:10149c0072726f722c206e6f2061636b20746f20e0
:1014ac006d6573736167650a1b5b306d000000002e
:1014bc001b5b33313b316d6572726f722c20756e14
:1014cc006b6e6f776e206576656e742074797065bf
:1014dc000a1b5b306d0000001b5b33313b316d65cb
:1014ec0072726f722c20696e7465727275707420d2
:1014fc00636c65617220283078253032782920663b
:10150c0061696c65642c207374617475733d25304e
:10151c0032780a1b5b306d001b5b33313b316d65e0
:10152c0072726f722c20756e68616e646c656420cb
:10153c006576656e74203078253032780a1b5b3006
:10154c006d0000001b5b33313b316d6572726f7245
:10155c002c206d73672825642920434d4435332096
:10156c007772697465206661696c65642c2073748c
:10157c00617475733d3078253034780a1b5b306d9f
:10158c00000000001b5b33313b316d6572726f7272
:10159c002c206c656e67746820434d443533207283
:1015ac00656164206661696c65642c207374617478
:1015bc0075733d3078253034780a1b5b306d000034
:1015cc001b5b33313b316d6572726f722c2072650f
:1015dc006365697665206d657373616765206578f1
:1015ec006365656473206275666665722e2025647a
:1015fc002025642025640a1b5b306d001b5b333196
:10160c003b316d6572726f722c206d736728256487
:10161c002920434d4435332072656164206661692d
:10162c006c65642c207374617475733d307825304f
:10163c0034780a1b5b306d001b5b33313b316d65bd
:10164c0072726f722c2073657175656e6365206e96
:10165c00756d626572206d697373696e672c206598
:10166c007870656374696e6720253034782c206738
:10167c006f7420253034780a1b5b306d000000003d
:10168c001b5b33313b316d6572726f722c20696e4e
:10169c0076616c6964206d6573736167652074791c
:1016ac0070652072656365697665642025640a1b24
:1016bc005b306d001b5b33313b316d6572726f7249
:1016cc002c20756e6b6e6f776e206576656e742050
:1016dc00747970652025640a1b5b306d0000000076
:1016ec001b5b33313b316d6572726f722c206661fe
:1016fc00696c656420746f20616c6c6f63617465d8
:10170c0020736c6162206f66202564206279746599
:10171c00730d0a1b5b306d001b5b33313b316d6508
:10172c0072726f723a206661696c656420746f2006
:10173c00616c6c6f63617465207265637620627591
:10174c00666665720d0a1b5b306d00001b5b3331e6
:10175c003b316d6572726f723a206661696c6564bb
:10176c0020746f20616c6c6f636174652073656e9f
:10177c0064206275666665720d0a1b5b306d000035
:10178c001b5b33313b316d6572726f723a2066614f
:10179c00696c656420746f20616c6c6f6361746537
:1017ac002072656376207061636b65742062756668
:1017bc006665720d0a1b5b306d0000001b5b3331dc
:1017cc003b316d6572726f723a20736f636b657427
:1017dc0020777269746520636f6d6d616e64207221
:1017ec0065717565737420696e697469616c697370
:1017fc006174696f6e206661696c65640d0a1b5bb0
:10180c00306d00001b5b33313b316d6572726f7252
:10181c003a20736f636b657420777269746520630b
:10182c006f6d6d616e642072657175657374207473
:10183c0072616e6d697373696f6e206661696c6538
:10184c00640d0a1b5b306d001b5b33313b316d65e6
:10185c0072726f723a20756e6b6e6f776e20616468
:10186c006472657373207479706520282564290d62
:10187c000a1b5b306d0000001b5b33313b316d4547
:10188c0072726f722c206c656e677468206d697350
:10189c006d617463682025642076732025640d0abd
:1018ac001b5b306d000000001b5b33313b316d6501
:1018bc0072726f723a206e6f20616c6c6f63617420
:1018cc006564207061636b65742062756666657211
:1018dc00730d0a1b5b306d001b5b33313b316d6547
:1018ec0072726f723a207061636b657420627566f8
:1018fc00666572732066756c6c0d0a1b5b306d002f
:10190c001b5b33313b316d6572726f723a206661cd
:10191c00696c656420746f20777269746520746fcc
:10192c002072656365697665206275666665720d01
:10193c000a1b5b306d0000001b5b33313b316d6566
:10194c0072726f723a206e6f206672656520736fcb
:10195c00636b6574730d0a1b5b306d001b5b33315d
:10196c003b316d6572726f723a206661696c6564a9
:10197c0020746f20637265617465206e65772072c8
:10198c0065636569766520736f636b65740d0a1bff
:10199c005b306d001b5b33313b316d6572726f7266
:1019ac003a20616464726573732074797065206d7c
:1019bc0069736d617463682028256420213d20259e
:1019cc0064290d0a1b5b306d000000001b5b33317a
:1019dc003b316d6572726f723a20756e61626c6527
:1019ec0020746f2066696e64206c697374656e690f
:1019fc006e6720736f636b65740d0a1b5b306d0033
:101a0c0025642e25642e25642e25640025783a2520
:101a1c00783a25783a25783a25783a25783a25780f
:101a2c003a25780025783a25783a25783a25783a77
:101a3c0025783a25783a25642e25642e25642e25a2
:101a4c00640000003a3000004346472049442025fa
:101a5c0064206e6f742068616e646c65640d0a009e
:101a6c004449204944202564206e6f742068616ebf
:101a7c00646c65640d0a00004e564d4320494420a9
:101a8c002564206e6f742068616e646c65640d0a49
:101a9c0000000000526563656976652062756666b4
:101aac00657220616c6c6f636174696f6e20666126
:101abc00696c65640d0a00004661696c656420748c
:101acc006f20696e697469616c6973652057494e42
:101adc0043206465766963650d0a00004661696c94
:101aec00656420746f20696e697469616c697365d3
:101afc002057494e4320736f636b6574730d0a0056
:101b0c004661696c656420746f207365742062751e
:101b1c00732073746174650d0a00000057494e43bd
:101b2c003a2052657365740d0a00000057494e4304
:101b3c003a20496e697469616c697a696e672e2ef8
:101b4c002e000000636f6d706c6574650d0a0000eb
:101b5c006661696c65642072657365740d0a0000ba
:101b6c006661696c6564206f700d0a00726573653f
:101b7c00742074696d6564206f75740d0a00000023
:101b8c0057494e43206576656e7420757064617498
:101b9c0065206661696c65642c207265736574746c
:101bac00696e670d0a0000005753434e43204944a9
:101bbc00202564206e6f742068616e646c65640d02
:101bcc000a0000005363616e20506172616d733abc
:101bdc002025642025642025642025640d0a00003e
:101bec004543445341206375727665204944202552
:101bfc0064206e6f742068616e646c65640d0a00fd
:101c0c0045585443525950544f2041454343422068
:101c1c004f702074797065202564206e6f74206875
:101c2c00616e646c65640d0a000000004d515454e3
:101c3c002041454343422070726f70657274792065
:101c4c002564206e6f742068616e646c65640d0a87
:101c5c00000000004e455449464320494420256469
:101c6c00206e6f742068616e646c65640d0a0000f0
:101c7c00534e545020414543434220737461747554
:101c8c0073202564206e6f742068616e646c6564cb
:101c9c000d0a00004a4f494e3a204173736f636935
:101cac006174696f6e20666f756e6420666f72204a
:101cbc006e657720636f6e6e656374696f6e0d0a67
:101ccc00000000004a4f494e3a204e657720617360
:101cdc00736f63696174696f6e206661696c6564aa
:101cec000d0a00004a4f494e3a204e6f2061737323
:101cfc006f63696174696f6e20666f756e640d0a2f
:101d0c0000000000574946494320436f657820493d
:101d1c0044202564206e6f742068616e646c656469
:101d2c000d0a000057494649432049442852737014
:101d3c0029202564206e6f742068616e646c656464
:101d4c000d0a000050505320414543434220494462
:101d5c002025303478206576656e7420756e686148
:101d6c006e646c65640d0a004f5441204145434339
:101d7c004220737461747573202564206e6f742017
:101d8c0068616e646c65640d0a0000005b4d515413
:101d9c00545d3a4d51545420636f6e6e6563746993
:101dac006e672e2e2e2e2e0d0a0000005b4d515408
:101dbc00545d3a4d51545420646973636f6e6e6573
:101dcc006374696e672e2e2e2e2e0d0a00000000f5
:101ddc005b4d5154545d3a4d51545420636f6e6eab
:101dec006563742073746174757320756e6b6e6f9c
:101dfc00776e2e0d0a0000005b4d5154545d3a4530
:101e0c0052524f52203a20556e6b6e6f776e204daa
:101e1c00515454205365727669636520526571750f
:101e2c006573740d0a0000005b4e45545d3a4552d3
:101e3c00524f52203a204e65742043616c6c6261a3
:101e4c00636b204e554c4c005b4e45545d3a4552ed
:101e5c00524f523a20536f636b6574206572726fe8
:101e6c00722025642066726f6d206576656e742015
:101e7c0025640d0a000000005b4e45545d3a736505
:101e8c0074736f636b6f707420544c5320535543b1
:101e9c00434553530d0a00005b4e45545d3a736540
:101eac0074736f636b6f707420544c5320464149ac
:101ebc004c206572726e6f203a2025640d0a00006a
:101ecc005b4e45545d3a4552524f523a2046616939
:101edc006c656420746f2062696e6420736f636b31
:101eec0065740d0a000000005b4e45545d3a736545
:101efc0074736f636b6f7074205355434345535326
:101f0c000d0a00005b4e45545d3a736574736f6344
:101f1c006b6f7074204641494c20206572726e6f55
:101f2c00203a2025640d0a005b4e45545d3a45521b
:101f3c00524f523a204661696c656420746f20637d
:101f4c006f6e6e65637420746f20746865207365a2
:101f5c0072766572210d0a005b4e45545d3a536fe3
:101f6c00636b6574204c697374656e696e672e2e95
:101f7c002e2e2e2e0d0a00005b4e45545d3a416309
:101f8c0063657074206572726f72210d0a00000017
:101f9c005b4e45545d3a4552524f523a20434944a8
:101fac00207461626c652066756c6c2c20636c6fa0
:101fbc0073696e6720616363657074656420736f09
:101fcc00636b65740d0a00005b4e45545d3a5749ce
:101fdc004e435f534f434b45545f4556454e545ffc
:101fec00544c535f434f4e4e4543540d0a00000072
:101ffc005b4e45545d3a4552524f52203a20556e35
:10200c006b6e6f776e204e657420536572766963c4
:10201c006520526571756573740d0a005b574946ee
:10202c00495d3a5359535f57494e43535f5749469d
:10203c00495f436f6e6e6563744e6f746966794366
:10204c00616c6c6261636b203a2063757272656eb1
:10205c007453746174652025640d0a005b574946fe
:10206c00495d3a444e53207265736f6c766520540b
:10207c00696d65204f757420282564290d0a0000b0
:10208c005b574946495d3a444e53207265736f6cf9
:10209c007665204572726f7220282564290d0a001e
:1020ac005b574946495d3a444e53207265736f6cd9
:1020bc0076652074797065206572726f72202825a0
:1020cc0064290d0a000000005b574946495d3a41fe
:1020dc0073736f63696174696f6e20737461746577
:1020ec0020697320636f6e6e65637465640d0a00fe
:1020fc005b574946495d3a57696669205374617468
:10210c0065203a3a20434f4e4e4543544544203abd
:10211c003a204d4143203a20253032583a2530326e
:10212c00583a253032583a253032583a2530325800
:10213c003a253032580d0a005b574946495d3a4101
:10214c0073736f63696174696f6e20737461746506
:10215c0020697320636f6e6e656374696e672e2ed3
:10216c002e2e2e2e0d0a00005b574946495d3a4132
:10217c0073736f63696174696f6e207374617465d6
:10218c0020697320636f6e6e656374696f6e206671
:10219c0061696c65642e200d0a0000005b5749468e
:1021ac00495d3a4173736f63696174696f6e207333
:1021bc007461746520697320646973636f6e6e65f6
:1021cc00637465642e200d0a000000005b574946bd
:1021dc00495d3a4173736f63696174696f6e207303
:1021ec007461746520697320726f616d65642e2053
:1021fc000d0a000066653830000000005b57494648
:10220c00495d3a204e6574776f726b20696e746508
:10221c0072666163652075702e200d0a0000000047
:10222c0054696d6520555443203a2025640d0a00ed
:10223c0054696d653a20253032643a253032643a5f
:10224c0025303264206f6620253032642f253032e1
:10225c00642f253032640d0a000000005b5749469c
:10226c00495d3a4e6f20415020466f756e64205286
:10227c00657363616e0d0a005b574946495d3a23ed
:10228c00253032640d0a00005b574946495d3a3ee1
:10229c003e232020524920205265636f6d6d656e80
:1022ac0064204348204253534944202020202020be
:1022bc0020202020202020535349440d0a000000e8
:1022cc005b574946495d3a3e3e2320202020202082
:1022dc004175746820547970650d0a3e3e230d0ad1
:1022ec000000000041637469766500005b57494645
:1022fc00495d3a4e6f20526567756c61746f7279e7
:10230c0020446f6d61696e7320446566696e656407
:10231c000d0a00004552524f52212121203a2046ed
:10232c00756e6374696f6e2025732c204c696e6515
:10233c00204e6f203a2025642c20537461747573e1
:10234c00203a2025640d0a005b574946495d3a2323
:10235c002e20202043432020202020204368616e23
:10236c006e656c7320566572205374617475730db1
:10237c000a0000005b574946495d3a253032643a01
:10238c00205b252d36735d20307825302d36782056
:10239c0025642e25642025730d0a00005b574946e1
:1023ac00495d3a444f4e45200d0a00005b574946a3
:1023bc00495d3a4552524f52203a20447269766533
:1023cc00722048616e646c6520496e76616c69643c
:1023dc000d0a00005b574946495d3a5b4552524f26
:1023ec00525d203a20494e56414c49445f5041526f
:1023fc00414d4554455220666f7220415554484515
:10240c004e5449434154494f4e0d0a005b574946bf
:10241c00495d3a5b574946495d203a20436f6e6ee1
:10242c00656374696e6720746f204150203a2025d3
:10243c00730d0a005b574946495d3a4552524f525b
:10244c00203a20556e6b6e6f776e20576966692047
:10245c005365727669636520526571756573740d89
:10246c000a0000000d0a55534220446576696365e5
:10247c00204c617965723a20436f6e74726f6c20d8
:10248c007472616e736665722048616e646c6572fd
:10249c00206973204e554c4c000000000d0a55531a
:1024ac004220446576696365204c617965723a20f7
:1024bc00496e76616c696420696e7374616e6365d4
:1024cc00496e6465782076616c7565000d0a55530c
:1024dc004220446576696365204c617965723a20c7
:1024ec00496e697469616c697a6174696f6e206494
:1024fc00617461206973204e554c4c000d0a555384
:10250c004220446576696365204c617965723a2096
:10251c00555342204d617374657220446573637228
:10252c006970746f72207461626c65206973204edf
:10253c00554c4c000d0a5553422044657669636531
:10254c00204c617965723a20496e76616c69642021
:10255c0068616e646c6500000d0a55534220446539
:10256c0076696365204c617965723a20496e7661b3
:10257c006c69642053797374656d204d6f64756c50
:10258c0065204f626a656374000000000d0a5553a4
:10259c004220446576696365204c617965723a2006
:1025ac0053797374656d204d6f64756c65204f6243
:1025bc006a65637420697320696e76616c69640066
:1025cc000d0a55534220446576696365204c617948
:1025dc0065723a20696e7374616e6365496e6465e9
:1025ec007820697320696e76616c69640000000064
:1025fc000d0a55534220446576696365204c617918
:10260c0065723a20446576696365204c6179657220
:10261c00206973206e6f7420726561647920746f09
:10262c00206265206f70656e656400000d0a55535d
:10263c004220446576696365204c617965723a2065
:10264c004e6f206672656520636c69656e74206fd1
:10265c00626a6563747300000d0a55534220446529
:10266c0076696365204c617965723a20496e7661b2
:10267c006c696420636c69656e742068616e646c4f
:10268c00650000000d0a5553422044657669636568
:10269c00204c617965723a20496e76616c696420d0
:1026ac0048616e646c6500000d0a55534220446508
:1026bc0076696365204c617965723a20496e766162
:1026cc006c696420436c69656e742048616e646c3f
:1026dc00650000000d0a5553422044657669636518
:1026ec00204c617965723a20496e76616c69642080
:1026fc00706f696e74657220746f20636f6e66699b
:10270c006775726174696f6e20646573637269704a
:10271c00746f72000d0a55534220446576696365e7
:10272c00204c617965723a2048696768207370653e
:10273c00656420646576696365206465736372699a
:10274c0070746f72206973204e554c4c0000000061
:10275c000d0a55534220446576696365204c6179b6
:10276c0065723a2046756c6c2f4c6f7720737065d0
:10277c00656420646576696365206465736372695a
:10278c0070746f72206973204e554c4c0000000021
:10279c000d0a55534220446576696365204c617976
:1027ac0065723a20556e6b6e6f776e20436f6e7448
:1027bc00726f6c205472616e736665722072656301
:1027cc0065697665642066726f6d20486f7374005e
:1027dc0055534220446576696365204344433a204f
:1027ec00496e76616c696420696e646578000000de
:1027fc0055534220446576696365204344433a202f
:10280c00496e76616c696420696e74657266616389
:10281c00652070726573656e74656420746f2043f7
:10282c004443200055534220446576696365204338
:10283c0044433a2043616e6e6f742068616e646c21
:10284c0065207468697320656e64706f696e74209e
:10285c007479706500000000555342204465766918
:10286c006365204344433a20496e76616c69642069
:10287c0043444320696e6465780000005553422040
:10288c00446576696365204344433a20496e76611a
:10289c006c696420696e7374616e6365000000007e
:1028ac005b4150505d203a204d5154542052583abf
:1028bc002046726f6d20546f706963203a20257327
:1028cc00203b204d7367202d3e2025730d0a000000
:1028dc004d61745f6e6574004f4b30313330406a1c
:1028ec00756c79303732300031302e302e312e333a
:1028fc00310000005a50520041646d696e000000b6
:10290c004f6472794033303034303300256c5825a5
:10291c006c58256c58256c583b252e32663b25751a
:10292c003b252e32663b252e32663b252e32660029
:10293c005a50522f53656e736f7200003136322e1f
:10294c003135392e3230302e3132330057494e4327
:10295c005330325f4452495645525f5354415445ab
:10296c005f4d5154545f434f4e4e4543540d0a0036
:10297c0057494e435330325f4452495645525f5388
:10298c00544154455f574149545f464f525f4d5136
:10299c0054545f434f4e4e4543540d0a0000000003
:1029ac0057494e435330325f4452495645525f5358
:1029bc00544154455f5345545f4d5154545f5055e9
:1029cc00424c4953485f5041594c4f41440d0a0009
:1029dc0057494e435330325f4452495645525f5328
:1029ec00544154455f4d5154545f5055424c4953da
:1029fc00480d0a0057494e435330325f44524956f2
:102a0c0045525f53544154455f574149545f464fbb
:102a1c00525f5055424c4953480d0a0054696d653c
:102a2c003a20256c640d0a0052657365742072653a
:102a3c0061736f6e3a2025730d0a0000506f776535
:102a4c0072204f6e20526573657400004e6f6e6578
:102a5c000000000042726f776e204f757420564450
:102a6c0044434f5245204465746563746f72205221
:102a7c00657365740000000042726f776e204f75ad
:102a8c0074205644442f4156444420446574656375
:102a9c00746f7220526573657400000042726f7718
:102aac006e204f757420564444504c4c2044657431
:102abc006563746f72205265736574004578746534
:102acc00726e616c2052657365740000576174639b
:102adc0068646f6720526573657400005379737472
:102aec00656d2052657365742052657175657374dc
:102afc00000000004261747465727920766f6c740a
:102b0c006167653a20252e326620560d0a414443f2
:102b1c00207261772076616c75653a2025750d0af7
:102b2c0053544154312070696e2073746174757301
:102b3c003a2025750d0a53544154322070696e2089
:102b4c007374617475733a2025750d0a00000000ca
:102b5c0054656d70657261747572653a20252e32fc
:102b6c006620b0430d0a54656d70657261747572a0
:102b7c00653a20252e326620b0460d0a48756d69df
:102b8c00646974793a20252e32662025250d0a00b9
:102b9c004d43552073657269616c206e756d62656d
:102bac00723a20256c58256c58256c58256c580d9c
:102bbc000a46572076657273696f6e3a20252e325d
:042bcc00660d0a0088
:020000040000fa
:102bd000f0b54546de4657464e46e0b5437805001b
:102be00083b0002b00d100e2866b002e00d132e2d0
:102bf00040f20023446aa28b134203d0228b13427b
:102c000000d0a38340f20013a28b134203d0228b87
:102c1000134200d0a3838023a28b134203d0228bc4
:102c2000134200d0a3834023a28b134203d0228bf4
:102c3000134200d0a3832023a28b134203d0228b04
:102c4000134200d0a3830123a28b13420bd0228b0b
:102c5000134208d0a383a3820f33a383002204214d
:102c6000686b2383b0471023a28b13420cd0228bb6
:102c7000134209d0a383a3820f3ba38300222383a3
:102c80000321686bab6b98470423a28b134208d0d7
:102c9000228b134205d0a38300220721686bab6b04
:102ca00098470823a28b134203d0228b134200d0f3
:102cb000b3e140f207171026e35d1e4236d040f222
:102cc0000913e35c1e4231d06b6c022298464146e8
:102cd000db799343cb71cb7b9343cb730b689946e2
:102ce000002b00d114e20822296d186814f09cfe14
:102cf00040f204134022e655e2544b461968cb7962
:102d00008a791b0213430722002b00d006e22123fd
:102d1000ea544a461f3b1372063353609369424696
:102d200013604b46db680bb14846984740f20712e8
:102d30000223a15c0b4238d040f20911615c0b42c6
:102d400033d0696c8e6886b340f2210948462f5c07
:102d5000082f00d12de2376a002f00d1f8e18b89ce
:102d6000984699469f4202d8bbb29846b9467368c6
:102d70003168db1bc9184a46286e14f055fe4a46d6
:102d8000336a41469b1a33626b6e9b0b9b036b66e7
:102d900043f6ff736a6e0b4013436b66022240f2e8
:102da0000713e254023b7e32e25440f20712012341
:102db000a15c0b4200d083e001260127238cf34065
:102dc0001f4279d073019946a046c84443460a334e
:102dd000ff331b7840f20712dbb2009343469b5c43
:102de000dbb201930823009801990b4215d00342ee
:102df00013d0494640f26a0a69188a445146087855
:102e0000844602206146084207d051460978814332
:102e100008005146087041468b5402230099019adc
:102e2000134249d00b4247d02b00b20044339b5889
:102e300098689a4600283fd0036a002b00d017e11b
:102e400080221100036919401a4200d06ee15246f7
:102e5000836901729360c26812b1904753469b68c0
:102e6000002b00d1e0e151461a6a89898b468a46d7
:102e70008a4202d891b28b4692465968891a8c468a
:102e800019688c4449466046691808665046121a0b
:102e90001a624b6e58469b0b9b034b6643f6ff73bf
:102ea0004a6e034013434b660a2240f20713414621
:102eb000ca54023b7632ca54012e41d102267de724
:102ec00040f20911615c0b4200d175e721216f6c62
:102ed000685c3e68052800d159e1002e00d182e1ee
:102ee00043f6ff726b6d1a4090464146336a726832
:102ef0005918914202d9d21a92b29046306842468d
:102f0000c018296d14f090fd336a7268434433622f
:102f1000934200d230e10022327207212122a954cb
:102f2000e6320639a154033a3f31a154b2693a60fe
:102f30007360f368002b00d13ee7300098473be711
:102f400001260127238cf3401f424ad07301994682
:102f5000a046c84443460a33ff331b784246dbb2df
:102f6000009340f20713d35cdbb20193019b5b0734
:102f70000bd54b460222eb185a3319780a423fd13f
:102f800040f2071304224146ca54009a019b1f4293
:102f900027d0174225d02b00b20044339b58186825
:102fa0009a46f0b1ac46cc44634643f6ff725b6d83
:102fb00041681a40036ad31803628b4200d387e04a
:102fc00051468988914200d9c0e002684146d31831
:102fd0006246136540f207130522ca54033b3b3295
:102fe000ca54012e05d10226ace714f0d9fe0228fe
:102ff0000ad803b0f0bcbb46b246a946a046f0bd15
:10300000197891431970bbe714f0c4fe41f24c01ea
:10301000c0f2000113f010feebe700221933ea546e
:1030200047f60472237bc0f201021b079b0fd25ca0
:10303000280030230021ea545030602214f0fefcb6
:10304000ab6b1bb100220221686b98478023a372ef
:10305000783ba3832de614f0a3fe0228c9d914f00f
:1030600099fe41f2ac01c0f2000113f0e5fdc0e7aa
:103070005246928993469246934202d89ab2934618
:103080009a464268d21a9446026894444a46614677
:10309000aa18116651465b1a0362536e59469b0b80
:1030a0009b03536643f6ff73506e0b400343536616
:1030b000414640f207130a22ca544b46e3180a332a
:1030c000ff33083a1a7040f205137e32ca54f3e611
:1030d00000225146027282690a604360c36813b1dc
:1030e000984753461a68002a72d04b461268eb186c
:1030f0001a654146052240f20713ca544b46e318ad
:103100000a33ff331a7040f204133b32ca5468e7a3
:1031100021230122ea54e733e65407e67f230a78a5
:1031200093429b4104221a400232f0e5934303612b
:103130004b46e9184b6e40469b0b9b034b6640f297
:1031400007130a21c154023bc254b5e60122c0e76d
:1031500040f2800c6046376938408046604638420d
:1031600047d0696e8743890b890337616966a35429
:1031700040f20513e05418e6ba8842454cd840f2b4
:1031800004134022e25403333f3ae25414e6002e83
:1031900044d0002030726854a3540433ff33c73a3c
:1031a000e254b3693b60f3687060002b00d0c4e662
:1031b00002e600232b54b26933728a607360f368ad
:1031c0000bb13000984740f207130222e254ece5bd
:1031d0004b460522e3180933ff331a70414640f28b
:1031e0000713ca54fde603226a540632ff32a35481
:1031f000e2e505234a46ab5443463372b3698b601c
:10320000f3680bb13000984740f207130222e254f2
:10321000033b3e32e254c8e501227de604226a54b3
:103220000532ff32a354c7e54b460a22e31809339f
:10323000ff331a70414640f20713ca543ce6c046b9
:020000040000fa
:1032400070b50c0082b0152800d9afe2d24b8000d7
:103250001b589f4644f64413c2f200035a681b6889
:103260004a600b60002042e044f64413c2f20003bf
:10327000002059603be044f68c13c2f2000318684a
:103280000b78002b00d199e2012111f069fa002896
:10329000e8d00a2800d186e20f2800d183e240f26c
:1032a0002e43009016e044f68c1341f24d02c2f218
:1032b000000302211868c0f201020ef017f900287d
:1032c000d0d00a2800d16ee20f2800d16be240f284
:1032d0001f43009047f2d06242f220310020c0f23a
:1032e0000102c0f2000110f00ffb0120404202b0c9
:1032f00070bd002900d185e2080014f0c5f944f63c
:103300008c13c2f20003c2b2186846f2cd3321001a
:10331000c0f201030df0eafd0028a3d00a2800d175
:1033200041e20f2800d13ee240f218430090d1e77d
:1033300044f68c13c2f20003186841f23563c0f200
:1033400001030a0000930121642312f0ebff00281f
:1033500000d187e70a2800d125e20f2800d122e218
:1033600040f246430090b5e714f0b8fd42f66a43d8
:103370000022c2f200031a7014f0b4fd44f68c135c
:10338000c2f20003186843f6c563c0f20103217856
:1033900001220093002309f031fb002800d161e7ee
:1033a0000a2800d1ffe10f2800d1fce140f20b43d5
:1033b00000908fe714f092fd44f68c1542f66a43b4
:1033c0000026c2f20003c2f200051e7014f08afd4e
:1033d000638828680022002100960bf03bfa002841
:1033e00000d007e243f6c563c0f2010321782868e4
:1033f00000220093002309f001fb002800d131e7ef
:103400000a2800d1cfe10f2800d1cce140f20043df
:1034100000905fe744f68c03621e9441c2f2000301
:1034200000201c7463e744f68c1443f25941c2f245
:1034300000042068c0f2010113f03afe002800d019
:10344000c0e145f26903c0f2010344f23c4244f298
:10345000c0612068009344f68c03c2f20002c2f2fd
:103460000003c2f2000105f031fc002800d1f9e6aa
:103470000a2800d197e10f2800d194e140f2b5333a
:10348000009027e7486814f0fff8050044f2c06098
:10349000c2f2000013f03cfc002800d019e144f215
:1034a0003c40c2f2000013f0a5ff002800d010e15c
:1034b00044f2c0606168eab2c2f2000011f0c6f8de
:1034c000002800d005e1237b052b00d962e1334ab7
:1034d0009b00d3589f4644f68c15c2f2000528681d
:1034e00010f084fb002800d074e10121286811f05d
:1034f0001dfa002800d08ae100220121286810f07e
:103500009bfe002800d1ade60a2800d14be10f2830
:1035100000d148e140f2a7330090dbe644f68c137b
:1035200042f6e961c2f200031868c0f2010111f02d
:103530004bfd002800d195e60a2800d133e10f2881
:1035400000d130e140f294330090c3e644f68c138e
:10355000c2f200031b6800200b60c8e644f68c151d
:10356000c2f200052868431c00d18be020600020d7
:10357000bde600230b7044f29873c2f20003d868d2
:1035800013f02aff20700020b1e644f64413c2f283
:10359000000300201960aae6c834010020350100ac
:1035a00044f2c0600978c2f2000012f0fbfb002870
:1035b00000d157e60a2800d1f5e00f2800d1f2e04b
:1035c00040f2d133009085e644f68c14c2f2000438
:1035d000206811f033fb002800d003e10023002213
:1035e0000021206810f0b8f8002800d13ae60a2837
:1035f00000d1d8e00f2800d1d5e040f2c9330090c7
:1036000068e644f68c13c2f20003186841f65913b9
:10361000c0f2010344f23c4244f2c061009344f61c
:103620008c03c2f20002c2f20003c2f2000105f0f4
:103630007dff002800d115e60a2800d1b3e00f284d
:1036400000d1b0e040f2ef33009043e644f68c1333
:10365000c2f20003186811f01bfb002800d101e63c
:103660000a2800d19fe00f2800d19ce040f2bc3333
:1036700000902fe644f2c060c2f2000010f036f86d
:10368000002034e60021002010f050fc2860431c8c
:1036900000d06be742f2b8310020c0f2000110f018
:1036a00033f9002023e6a568280013f0edffc2b22d
:1036b00044f23c4005232900c2f200000ff0eef96d
:1036c0002378002b00d0aae0637bdbbb002800d16d
:1036d000c8e50a2867d00f2865d040f2e83300908b
:1036e000f8e5a568280013f0cfffc2b244f23c40d1
:1036f00002232900c2f200000ff0d0f9e0e744f203
:103700003c40c2f2000014f0e5f9d9e7a5682800b2
:1037100013f0baffc2b244f23c4004232900c2f2c3
:1037200000000ff0bbf9cbe7a568280013f0acff51
:10373000c2b244f23c4003232900c2f200000ff061
:10374000adf9bde744f68c1543f25941c2f20005cc
:103750002868c0f2010113f0abfc42f21841626824
:103760000020c0f2000110f0cff845f26903c0f26a
:103770000103009344f23c4244f68c0344f2c061de
:103780002868c2f20003c2f20002c2f2000105f092
:103790009dfa9be742f2e0310020c0f2000110f0f8
:1037a000b3f80020a3e504204042a0e542f24041e6
:1037b0000020c0f2000110f0a7f896e5002110f0fb
:1037c000cfff64e50a28eed00f28ecd040f2b133e9
:1037d00000907fe50a28e6d00f28e4d040f29d3320
:1037e000009077e50a28ded00f28dcd040f2c53300
:1037f00000906fe50a28d6d00f28d4d040f2fb33d2
:10380000009067e50223009340f2134362e50a2823
:10381000c9d00f28c7d040f2a33300905ae5012b3e
:1038200000d053e744f2c060a17bc2f2000012f066
:10383000b9fa002800d04ce744f68c05c2f2000526
:10384000280013f045fce37b00202b744fe5c046b5
:020000040000fa
:10385000f0b5c6460123040000b58eb00d005b42f2
:10386000022002a90293fff7ebfc0d2c18d8d04bd5
:10387000a4001b599f4644f66313c2f20003197853
:10388000029813f059fa47f27c5140f20b420020a3
:10389000c0f2010112f0dcfe0eb080bcb846f0bdf3
:1038a00041f6fc710020c0f2000110f02df801205b
:1038b0004042f1e76a68002a00d13ae144f6631118
:1038c000c2f200012b78097802980df0f5ff00286c
:1038d00000d12ee147f27c5140f21742c0f20101c3
:1038e00012f0b6fed8e7002de1d0286807a90cf049
:1038f0009bfd0028dbd0686803a90cf095fd00282b
:10390000d5d01823012200930021029807ab0df0b7
:1039100033ff002800d021e20021029803aa10f012
:10392000c3fe002800d027e246f611130122002131
:103930000298c0f201030ff00fff002800d024e22c
:1039400047f27c5140f2d832c0f20101002012f05f
:103950007ffea1e700230022002102980ff0fcfe69
:1039600047f27c5140f2df32c0f2010112f070feea
:1039700092e745f2c5010298c0f2000113f09efae9
:1039800003ab984600234246039353609360d36091
:10399000287b444244410f2364429c436b7820348b
:1039a000022b00d140e1012b00d121e12a78012a2c
:1039b00000d136e1002a00d116e1022a00d12fe120
:1039c0006a7b6968042a00d13fe1002900d174e1d3
:1039d0004246062005f08cff012800d02be16b78d1
:1039e000022b00d1a7e1012b00d1b0e147f6c4269c
:1039f000c0f20106039a33689a4200d1fce0012329
:103a0000688807af002b00d04be106333b8014f0f1
:103a100055fa09ab788007ce07c332681a602b7855
:103a2000a868012b05d0002b00d155e1022b00d056
:103a3000fee03b00002221000df00cfc002800d12c
:103a400051e147f27c5140f2ea32c0f2010100201c
:103a500012f0fefd20e700222c68564b197919b1af
:103a600019688c4200d143e101324c330a2af5d166
:103a7000022120000cf018fc002800d108e147f2d8
:103a80007c5140f2f732c0f20101002012f0e0fd5b
:103a900002e744f63c1347f27c51c2f2000340f2c5
:103aa0004642c0f2010100201d6012f0d1fdf3e694
:103ab00044f6881347f27c51c2f2000340f24d42b3
:103ac000c0f2010100201d6012f0c2fde4e644f6e0
:103ad0003c1347f27c51c2f200031b6840f256428d
:103ae0002b60c0f20101002012f0b2fdd4e6029872
:103af00012f078f944f6631347f27c51c2f20003e6
:103b0000187040f2fe32c0f20101002012f0a0fd58
:103b1000c2e644f6631347f27c51c2f200031b78fd
:103b200040f204422b70c0f20101002012f090fd1f
:103b3000b2e6aa688ab144f66313c2f200031978a8
:103b400002980ef0a9fc40b147f27c5140f22042ad
:103b5000c0f2010112f07cfd9ee6ea689ab12b6981
:103b60008bb144f66311c2f20001097802980cf09f
:103b70007df840b147f27c5140f22942c0f2010188
:103b800012f066fd88e66a69b2b144f66313c2f2c8
:103b90000003197802980ef061fa68b147f27c517f
:103ba00040f23242c0f2010112f052fd74e6c0460a
:103bb0005c630100ec330020aa695ab144f663113a
:103bc000c2f200012b7f097802980cf04dfd00280d
:103bd00000d0b3e047f27c5140f23f42c0f2010115
:103be000002012f035fd57e602221443e4b2e7e666
:103bf00008221443e4b2d9e643465a6873689a42ed
:103c000000d0fce643469a68b3689a4200d0f6e6d4
:103c10004346da68f3689a4200d0f0e60023efe604
:103c200040221443e4b2cbe604221443e4b2bde6de
:103c300002210cf039fb47f27c5140f2e832c0f22d
:103c40000101022012f004fd26e600295dd0424663
:103c5000042005f04dfe0128edd16b78022b00d138
:103c600085e0012b0cd0039b6888002b52d00423e5
:103c700007af3b8014f022f9039b78807b60cee68f
:103c800011220121042008f09dfc039ba860ebe7b2
:103c900047f27c5140f2f532c0f2010112f0d8fc3b
:103ca000fae506233b8014f009f94246788009ab17
:103cb00043ca43c312681a60b1e6022b00d092e6f1
:103cc000062690b3fd220221300008f07bfca8609c
:103cd000042e00d08ae6c6e73a0021000df0bafab9
:103ce000002800d0ade60221a8680cf0ddfaa2e7ba
:103cf00043f2e8334c20c2f200039c4650430021bb
:103d00004c22604413f09afeb2e6022b32d0012b13
:103d1000b6d06888042307af3b8014f0cff87880d2
:103d2000002014f0f1f8786079e6062202213000d4
:103d300008f048fccbe70626287bc2e747f27c5117
:103d400040f23b42c0f2010112f082fca4e51122d4
:103d50000121062008f036fca86047e647f27c51b6
:103d600040f2c932c0f2010112f072fc94e504265f
:103d7000287ba6e70426a4e747f27c5140f2cf3225
:103d8000c0f2010112f064fc86e547f27c5140f27a
:0c3d9000d532c0f2010112f05bfc7de5b1
:020000040000fa
:103d9c00d84700201c00000000000000d04100208b
:103dac007800000000000000343d002034010000c9
:103dbc00000000001443002050000000010000002f
:103dcc00d9160100fd530100fd690100296a0100ab
:103ddc00556a0100f1670100b5620100dd0c0100bc
:103dec000da900006d9e0000e1c200003dae000078
:103dfc00b9400100655c0100ed6b000041f800006a
:103e0c0061ec0000816a0100516e010000000000ad
:103e1c00c444002080000000000000008845002001
:103e2c003000000000000000b4420020040000003c
:103e3c0000000000444500200400000000000000c9
:103e4c00f44700201c000000000000006449002022
:103e5c000400000000000000bc40002090000000a6
:103e6c000000000068490020040000000000000071
:103e7c00d44800200c0000000100000000000000ed
:103e8c00000000000000ffffb448002010000000fc
:103e9c00000000006c490020100000000000000031
:103eac004c41002084000000000000007c490020f0
:103ebc0004000000000000007030002078030000b7
:103ecc00000000002c48002018000000000000003a
:103edc000020002067080000000000001c490020a2
:103eec0008000000000000003847002060000000bf
:103efc00000000005c3f0020c0000000000000003b
:103f0c00e04800200c00000000000000b845002034
:103f1c00580000000000000067280020010000008d
:103f2c0000000000104600202c00000000000000e3
:103f3c00244900201000000000000000b8420020be
:103f4c005c000000000000007f4400200100000025
:103f5c0000000000c344002001000000000000002d
:103f6c00000000200020000000000000ec480020b1
:103f7c000c00000000000000804900200800000038
:103f8c000000000034490020080000000000000080
:103f9c00634900200100000000000000e83300200d
:103fac00f802000000000000884900200400000016
:103fbc00000000003c490020080000000000000048
:103fcc001a4900200200000001000000010000005e
:103fdc001c400020a000000000000000484500200c
:103fec004000000000000000692c002001000000cf
:103ffc0001000000010000004449002008000000fe
:10400c00000000008c48002014000000000000009c
:10401c006a2c00200100000000000000c0460020b7
:10402c0029000000000000003c4400204300000078
:10403c00000000008c49002004000000010000007a
:10404c00ffffffff683e0020f400000000000000ae
:10405c00104900200a00000000000000b4430020ba
:10406c004400000000000000a449002002000000f1
:10407c0000000000484200206c000000000000001e
:10408c006828002001040000000000006c2c0020b7
:10409c00010400000000000034390020000400007e
:1040ac0000000000984700202000000000000000e5
:1040bc003c4600202c00000000000000444800207a
:1040cc001800000000000000684600202c000000d2
:1040dc00000000005c4800201800000000000000f8
:1040ec00f84300204400000000000000b847002006
:1040fc002000000000000000c44800201000000058
:10410c0000000000ec460020280000000000000029
:10411c00e03600205402000000000000104800208f
:10412c001c000000000000004c49002008000000aa
:10413c00000000008044002043000000000000004c
:10414c00f84800200c00000000000000544900203a
:10415c000f00000000000000a04800201400000028
:10416c0000000000144700202400000000000000a4
:10417c007448002018000000000000009049002046
:10418c000800000000000000984900200400000016
:10419c0001000000010000009c4900200400000008
:1041ac0000000000644300205000000000000000ec
:1041bc00944600202c00000000000000a0490020c4
:1041cc000400000000000000044900200c00000066
:1041dc00000000000000000000000000666666663b
:020000040000fa
:1041ec00f0b5ce46474680b514008db02ab1137990
:1041fc001bb153881b0a0e2b04d00db0c0bcb946a2
:10420c00b046f0bd16000e2510366d442a000c3b4e
:10421c000221300006f0b4f92f8844f24c15c2f29a
:10422c0000052b78db07da0f9046aa880bb1974272
:10423c000bd0d24a6388944663449bb22179052bf8
:10424c00dbd8cf4a9b00d3589f46cc4a6388944610
:10425c0063449bb22779052bcfd8ca4a9b00d3580d
:10426c009f46012fc9d1fb232a8844f678141340aa
:10427c000422c2f20004276813432b80002fbcd009
:10428c0044f67416c2f2000600230322a97a3068a1
:10429c00b8472468002cb0d000230722a97a3068d4
:1042ac00a047aae7012fa8d1042210212b78934311
:1042bc002b707a32ab5a0b43ab5244f67813c2f2e2
:1042cc0000031c68002c98d044f67413c2f200034f
:1042dc001868a97a0023763aa0478ee7022f00d0ff
:1042ec008be77e220821ab5a0b43ab5244f6781372
:1042fc00c2f200031c68002c00d17ee744f6741354
:10430c00c2f200031868a97a0123743aa04774e733
:10431c0060222b781a4200d1eee07b1f012b00d9d2
:10432c006be7ab6d002b00d1ebe0da781b789a428f
:10433c0000d139e1217e082900d143e1092900d1be
:10434c009fe144f66413c2f200031b68002b00d1fa
:10435c0053e741f65400c0f2000098474de7602245
:10436c002b781a4200d098e0022f00d045e72a00a3
:10437c002000463218300223022106f001f92800f1
:10438c000bf03efd39e7052f00d036e70026282339
:10439c00217ee25c91420bd044f66413c2f200031e
:1043ac001b682bb141f6a010c0f200009847217e8b
:1043bc00082900d1b3e00929c3d120000627102316
:1043cc00714a1830af8106f0dbf802232000190087
:1043dc006e4a203006f0d4f8eb8920005bbaeb81f2
:1043ec00092110236a4a2f85283006f0c9f80223c8
:1043fc0020001900674a303006f0c2f86b8d5bbaaa
:10440c006b856b781bb92a78043313432b702b788c
:10441c00002e00d19ce0db0700d450e144f664137d
:10442c00c2f200031b6843b141f6d810c0f2000081
:10443c0098472b78db0700d4dfe644f24c10c2f22d
:10444c00000012f07df8d8e6052900d0d5e64346e9
:10445c00002b00d0ffe0802644f24c103200414685
:10446c00c2f2000013f0e4fa01222b7840f205515d
:10447c0013432b7002232b72db026b67ab677c231d
:10448c00e95244f66c13c2f200031b68af80ab51c7
:10449c00002b00d1fde0160079e7fb1e012b00d9a3
:1044ac00abe612236b4498462000022342460321bc
:1044bc00183006f065f8042f00d1dae043461a886c
:1044cc00354b3648fb18db00f31859680123009371
:1044dc00002309f041fa002800d0a6e044f664134a
:1044ec00c2f200031b68002b00d186e641f60c10cb
:1044fc00c0f20000984780e62a002000463228309f
:10450c0039e744f66413c2f200031b68002b00d198
:10451c0073e641f6b400c0f2000098476de604273c
:10452c0020003b001e4a1830af8106f029f8022308
:10453c0020001900154a203006f022f82000eb89e3
:10454c0008215bbaeb81174a3b002f8528304ce7da
:10455c005b0700d451e644f67813c2f200031c68e2
:10456c00002c00d149e644f67410c2f2000000237e
:10457c000322a97a0068a0473fe6c04600f2ffff7d
:10458c00b0680100c8680100604100205a41002059
:10459c007c41002076410020ffffff1f9841002046
:1045ac005c4100207841002044f66413c2f2000301
:1045bc001b68002b00d120e641f6e400c0f200009d
:1045cc0098471ae605ab984604234246138006aa80
:1045dc002000183005f0d4ff022316222000190009
:1045ec006a44203005f0ccff434642465b882000ed
:1045fc005bba538004ab9946032102234a46283008
:10460c0005f0beff062f63d04b461a88354b364853
:10461c009c4601236744ff000093f61943467168da
:10462c0009f09af9002800d158e710232a7813438f
:10463c002b7044f67813c2f200031c68002c00d1d6
:10464c00dbe544f67410c2f2000000230522a97abf
:10465c000068a047d1e544f66413c2f200031b685e
:10466c00002b00d1c9e541f64410c0f20000984778
:10467c00c3e520000223032105aa203005f080ffaa
:10468c001ce705ab98460623424613800a3307aa5b
:10469c009ee744f24c1084224146c2f2000013f013
:1046ac00c7f944f66413c2f200031b68002b00d157
:1046bc00a3e541f66810c0f2000098479de544f66a
:1046cc006413c2f200031b68002b00d0ace694e527
:1046dc0020001222022303216a44303005f050ffdf
:0c46ec0092e7c046ffffff1f984100202e
:020000040000fa
:1046f800f0b5ce46474680b5040099b028b1022be4
:104708000cd0032b42d0012b04d019b0c0bcb94641
:10471800b046f0bd100011f08dfdf6e7209b002b90
:10472800f3d08368002bf0d040f600122099098856
:104738009142ead1209a568840f24c329b58002b7d
:10474800e3d0209b04aad968587a11f0a7fa002868
:10475800dbd0731e9e41002503af01233a000221de
:1047680004a805f00fffa068f600012240f25431ba
:1047780040f25833aa404158c35811423ed0052d43
:1047880000d91be2d64aad0052599746209b002b10
:10479800bbd08368002bb8d040f600122099498816
:1047a8009142b2d1209a1279012aaed940f24c3204
:1047b8009b58002ba9d0209803af04233a0004216a
:1047c800103005f0dffe3b883e2b2fd8c54a9b00f2
:1047d800d3589f46092e00d1e9e102257242724161
:1047e80040f24c3c524200211340624679560096f2
:1047f800825820009046eab2c047a0680135062dcd
:10480800b3d140f2583543592bb1180011f012fdbd
:104818000023a068435140f24c330022c25074e791
:10482800092e00d1d2e101251233d7e713f0b4faeb
:10483800032800d869e713f0a9fa41f660413a88dd
:10484800c0f200010ff05cf85fe7092ed9d005250a
:104858004c33c3e7092ed4d004253c33bee7092ed8
:1048680000d19ce103252c33b8e740f250322025d3
:10487800a3689a582a4200d147e740f25836209850
:104888009a59092110238c32183005f07bfe40f22a
:104898005432a36899580d439d504c2299590423ca
:1048a800885c03438b5430e740f250332025a268dc
:1048b800d3582b4200d128e740f25837209804ae4d
:1048c800112332000921183005f05cfea36810227c
:1048d800d8593100503013f0a3f86021a268307c19
:1048e800d359585440f254315058054355504c212f
:1048f8000122585c02435a5407e740f250332026fd
:10490800a268d358334200d1ffe604ab984640f280
:10491800583914252098092111234246183005f0ea
:1049280031fe02217b5e49466b43a26864335058ce
:1049380010224146c01813f073f84b46a168ca58b4
:1049480002203b5e40466b43007cd31874331870da
:1049580040f25433c8580643ce504c210223505cd1
:1049680003435354d1e640f250321025a3689a58b5
:104978002a4200d1c9e640f2583620989a590821af
:1049880004234832183005f0fdfd40f25432a36884
:1049980099580d439d503c2299590423885c034340
:1049a8008b54b2e640f250331025a268d3582b42fc
:1049b80000d1aae608232098190004aa183005f0a7
:1049c800e1fd40f25833a2680599d3580498596418
:1049d80040f254311864505805433c205550032286
:1049e800195c91430a431a548fe640f25032082565
:1049f800a3689a582a4200d187e640f25836209890
:104a08009a59290004233832183005f0bbfd40f2ca
:104a18005431a3685a582a435a509a592c23d15cc6
:104a28000d43d55471e640f250320825a3689a58d0
:104a38002a4200d169e640f2583620989a590c214a
:104a480004233432183005f09dfd40f25432a36837
:104a580099580d439d502c2299590423885c03438f
:104a68008b5452e640f250320825a3689a582a42dd
:104a780000d14ae640f2583620989a590c2104236e
:104a88003032183005f07efd40f25432a368995850
:104a98000d439d502c2299590223885c03438b5463
:104aa80033e640f250320825a3689a582a4200d1ca
:104ab8002be640f2583620989a590a2101232d32c4
:104ac800183005f05ffd40f25432a36899580d4341
:104ad8009d502c2299590123885c03438b5414e67a
:104ae80030e6000048e6000040f250320425a36892
:104af8009a582a4200d108e640f2583620989a5926
:104b0800052110231832183005f03cfd40f25431cd
:104b1800a3685a582a435a509b591a7815431d704e
:104b2800f3e540f250370625a368da592a4200d146
:104b3800ebe540f2583620989a590b212b00123297
:104b4800183005f01ffd40f25431a268d35950586f
:104b58002b40034353500223925911780b4313708f
:104b6800d3e540f250320425a3689a582a4200d16e
:104b7800cbe540f2583620989a5905211023013286
:104b8800183005f0fffc40f25432a36899580d43e1
:104b98009d509a59012311780b431370b5e540f2e3
:104ba8005433c358db0600d52be60525dde540f276
:104bb8005433c3581b07f2d40425d6e540f25433c6
:104bc8000225c35809262b4200d1cee540f25433c2
:0c4bd800c3585b07ebd40325c7e5c046bb
:020000040000fa
:104be400f0b5c64600b50400a2b0012b0dd040b10b
:104bf4000278d10705d5022b10d0032b01d1289bb5
:104c0400fbb922b080bcb846f0bd44f66c13c2f2c6
:104c140000031100186810f09bfaf2e7289b002ba0
:104c2400efd05d881b882e00711e8e41b349f6b209
:104c34008c4663449bb2092be3d8b1499b00cb5803
:104c44009f46289a5b881600157940f6076210364d
:104c5400934200d1f2e00432934200d1dde00b3afa
:104c64009342ced1012dccd18388002bc9d10233fc
:104c7400021d1900300005f087fcc2e7289b587a12
:104c84000228bed9d9680eaa11f00af8002800d06b
:104c94003ce1002d00d16ce19a4b9c466544012d0a
:104ca40000d875e144f67813c2f200031d68002da4
:104cb400a7d044f67410c2f2000001230422a17aa2
:104cc4000068a8479de7037a012b9ad1c388fd2b7e
:104cd40000d196e7042302781343037044f6781353
:104ce400c2f200031d68002d00d18ae7817a44f6e0
:104cf4007410c2f20000330003220068a84780e762
:104d0400d20678d4002d00d07be7142223781a42ef
:104d140000d176e720000bf077f872e7037a012bd5
:104d240000d1e1e044f67813c2f200031d68002dbf
:104d340000d166e744f67413c2f200031868012236
:104d44003300a17aa8475ce7602313422ad044f6d3
:104d54006c17c2f2000740f2001138680af0e0f95b
:104d6400050000d14de744f6e533022240f200117c
:104d74000094c0f200030ef0c5fa8046002800d16a
:104d84000ae121000df04afe44f67c13c2f200034e
:104d94004146186808f0acfc002800d1fce046232a
:104da4000022e25244f67813c2f200031d68002d7b
:104db40000d126e744f67413c2f2000318680022f7
:104dc4003300a17aa8471ce744f67813c2f2000323
:104dd4001d6865b144f67413c2f20003817a062299
:104de40018683300a8472378db0700d409e72000bc
:104df40011f0aafb05e744f67813c2f200031f681a
:104e0400002f00d17ee7817a44f67410c2f20000cc
:104e1400330005220068b84774e7022d00d0f0e69d
:104e240007aa01230221300005f0aefb28980423d1
:104e340002210eaa183005f0a7fbe2e6162202238f
:104e440002216a44300005f09ffb289b0eaad96812
:104e5400587a10f025ff002800d1d2e61a22022346
:104e64006a44022112a805f08ffb6b46a288db8af4
:104e74009a4200d0c5e60223289806af19003a00ea
:104e8400183005f081fb6b4639885a8b91420ad061
:104e940044f66413c2f200031b6823b141f6840094
:104ea400c0f200009847032d00d993e046223988c8
:104eb400a35a5b1aa352002301203a8800902000d1
:104ec40011494c306918c9007118496808f048fd47
:104ed400002871d054223988a35a5b1aa352102394
:104ee4002278134323708ce6c388fd2b00d119e785
:104ef400042203781343037014e7c04600f2ffff53
:104f0400e86c0100f4f1ffffffffff1f289b0eaace
:104f14005b7a07ae033bdb00d01802233200190092
:104f240005f032fb289b0eaa5b7a1a27023bdb00b2
:104f3400d01802236f443a00190005f025fb3f887e
:104f4400368875bb237a012b75d0002120000b0015
:104f54003200029101910091603006f0f5f9682267
:104f6400a35a9b1ba352237a012b5ad04423be1964
:104f7400e65244f67813c2f200031d6845b144f6c4
:104f84007410c2f2000000230422a17a0068a8472a
:104f9400200004f0bbfb34e62900386810f0d8f890
:104fa4002fe64423e35abb4200d075e6002368226f
:104fb400a352203aa3546fe644f66413c2f20003ea
:104fc4001b68002b00d11ce641f60c10c0f2000057
:104fd400984716e60223220028981900463220300a
:104fe40005f0d2fa072d00d065e7a36d002b58d049
:104ff400da781b789a4246d03023289ad15c082963
:1050040038d009291cd044f66413c2f200031b688b
:10501400002b00d1f5e541f65400c0f2000098479a
:10502400efe5e16e0029a1d0203aa35cc9785b18b2
:105034005b1ba3549ae7e36e002b86d0dd7884e7ec
:1050440007ab9846062342462898138030300a332b
:1050540009aa05f099fa02231e22289819006a4425
:10506400383005f091fa434642465b885bba538078
:10507400434621e707ab9846042342462898138009
:10508400303008aae5e744f66413c2f200031b6853
:10509400002b00d1b5e541f6e400c0f200009847ca
:1050a400afe544f66413c2f200031b68002b00d181
:1050b400a7e541f6b400c0f200009847a1e5c04658
:020000040000fa
:1050c400f0b54746ce46d04e80b590460f001a0044
:1050d400300000248bb0057915b101688f4218d0d7
:1050e40001344c300a2cf6d144f63c13c2f20003ce
:1050f4001d684346062b00d1e3e041f634610020ed
:10510400c0f200010ef0fefb0bb0c0bcb946b046c5
:10511400f0bd4c236343994644f63c13c2f20003aa
:105124001d684346062b00d1cbe0002a00d0d7e00f
:105134000a2be9d8b54a9b00d3589f460022052183
:105144003800a847e0e741f6d4710020c0f200011e
:105154000ef0d8fb43f2e8324c23c2f2000294462c
:105164000122634363445a72012100223800a84794
:10517400cae7002204213800a847c5e7002203211a
:105184003800a847c0e743f2e8324c23c2f20002d9
:105194009446634363449a7a9206b5d4012200216b
:1051a4005a7238000022a847aee744f69c181c2324
:1051b400c2f200084246029300233800136003a998
:1051c40002aa0bf0cff80600431c00d0c4e043460b
:1051d4001b680b2b98d041f684710020c0f20001ab
:1051e4000ef090fb91e043f2e8324c23c2f200024d
:1051f4009446634363449b7a5b0600d584e741f697
:1052040064710020c0f200010ef07cfb7ce74c25a9
:1052140043f2e8386543c2f2000845442a8dab7a6c
:10522400002a77d0590600d4c9e0042a00d156e1f7
:10523400424647f6c42314324a44c0f2010323cb46
:1052440023c21b6813604c2543f2e8326543c2f263
:1052540000022b009446283363441a6849464346a7
:105264000c315b19da6038001c22614407f024fd1c
:10527400013000d165e143f2e833c2f200039c46f9
:1052840065442b8d042b00d146e1424603ab190043
:1052940030324a4461ca61c1126838000a6000228f
:1052a4001a6114320021009201f078fa43f2e832d4
:1052b4004c23c2f2000294460122634363445a72af
:1052c40022e70023327912b1326897426ad001335f
:1052d4004c360a2bf6d1002208213800a84713e7e0
:1052e40041f654610020c0f200010ef00bfb0023d4
:1052f400327912b13268974247d001334c360a2bc7
:10530400f6d14346002b00d1fee6022138000af014
:10531400c9fff9e69b0600d590e043f2e83349461d
:10532400c2f200039c460c311c223800614407f091
:10533400c3fc013000d19ce043f2e8334c25c2f2b7
:1053440000039c4665436544ab7a5a0700d58ae05e
:105354001b0700d4d8e6a9e743f2e833c2f20003fe
:105364009c464c234a4663430c326344997a624414
:1053740003ab0bf06dff002800d1b5e00123002240
:10538400437207213000a847bee64c20584343f23d
:10539400e833c2f200039c464c220021604412f020
:1053a4004bfbaee74c20584343f2e833c2f2000310
:1053b4009c464c220021604412f03efb8be79b0686
:1053c40078d444f69c14c2f200040023236043f210
:1053d400e8334946c2f200039c4628311c223800b7
:1053e400614406f0bdfe013000d08de62368962ba3
:1053f40000d189e641f634710020c0f200010ef0bc
:1054040081fa002309e0c046ec330020646c0100fb
:1054140001334c360a2b00d177e73279002af7d0d2
:1054240032689742f4d14c2243f2e8315343c2f23a
:1054340000015818002112f0fffa66e704230093d4
:1054440044f6631340f20042fd213800c2f2000327
:1054540001f0a4f9002852d141f68461c0f20001a0
:105464000ef050fa59e70221380007f0d1fcab7a6c
:105474006ee741f6cc610020c0f200010ef042fa62
:10548400002304e001334c360a2b00d13de7327986
:10549400002af7d032689742f4d14c20584343f2a3
:1054a400e833c2f200039c464c220021604412f00f
:1054b400c3fa2ae70423009344f6631340f200423c
:1054c400fd213800c2f2000301f068f900284dd133
:1054d40041f6f461c0f200010ef014fa71e7002005
:1054e40012f010fd2861aee641f69c71c0f2000195
:1054f4000ef008fa022130000af0d4fe04e644f665
:105504009c1341f6a461c2f2000300201a68c0f2a1
:1055140000010ef0f7f900e743464a462c339b5846
:10552400424603934b461032d35800210493002380
:1055340005930c3300932322380003ab01f02ef9ba
:10554400b4e641f6cc610020c0f200010ef0daf9b5
:10555400002304e001334c360a2b00d1d5e632791e
:10556400002af7d032689742f4d15ce744f69c14e1
:1055740041f61071c2f2000400202268c0f200015a
:085584000ef0c0f921e7c0465a
:020000040000fa
:10558c00f0b59db011930b684d680a938b6814901d
:10559c000e930b6910911593cb68039313685468a1
:1055ac0004930594049805990022002310f013fd30
:1055bc0068b90a9b5b073bd408230a9a1a400b92e2
:1055cc000e9a08920a9a1a4212d0183309e08020d7
:1055dc00000684460599049a61440b0004920593d5
:1055ec002d23039a13700e9b013b089301230b93fd
:1055fc00059b04995b00be4a5b08e9b993421bd139
:10560c00039a119b94460b98413b6044192b11d87b
:10561c00b84912f037fc039812f030f80a9b0200dc
:10562c00009303990e9b14980df0d0fc1db0f0bda7
:10563c002b23d6e7b049ece7934201d80cd159b1f2
:10564c00039a119b94460b98413b6044192b01d84b
:10565c00aa49dee7aa49dce7002204980599002351
:10566c0011f098f9040000d106e10023a54c069333
:10567c0007940024119812f04efbc3b20f93002d27
:10568c0000dacce10993672b0bd105b90135652301
:10569c000993231d14dbac4212da66230993002c08
:1056ac000eda099b0135662b0ad1002c04da002393
:1056bc00944c0693079400240f9b672b00d02d1954
:1056cc00049a059b0c920d93069e079f0023129340
:1056dc0032000c980d993b000af060ff0af0f6fbc3
:1056ec008022120694460c9b1690179118930d9bd2
:1056fc0063441993189a199b0092019332003b0052
:10570c0012f0f2fa80231b06cb180c9039003000f3
:10571c000d9300227c4b0af041ff129b06000133d3
:10572c000f0012939d42d3d10022784b06f0aafbb6
:10573c000c9a0d9b06000f0010f02efc002800d0d8
:10574c00c8e00c9a0d9b3000390011f023f930b1f0
:10575c001698179911f02cf8c00700d4bae00498e9
:10576c00059932003b0004f045fd002204900591a0
:10577c0006980799644b06f085fb049a059b0c90e0
:10578c000d9110f09ff9002800d1a6e0099b01347f
:10579c00662b00d0a5e0260001350027731b0b9d5e
:1057ac0018930697189b9e4200d0d8e0069b002bbe
:1057bc0000d116e10021039b5819099b0170652b40
:1057cc0028d1159b039a013bd1548c4201da6442d7
:1057dc000131002c00d00de1159a9a1a0332002adf
:1057ec0000dd07e12b225c1e01b102320399023b62
:1057fc000a55119a413a192a01d845220992039a5d
:10580c00d118099a0a709d4201da12f03bfb089bf1
:10581c00023b089303230a9a1340022b00d0fae6aa
:10582c00089b002b00dcf6e6039811f027ff0b9b7e
:10583c00834200dcece01800039b30219c46089a64
:10584c00604412f0f5f800230e93e4e606960797f1
:10585c0001340022069807992b4b06f013fb060027
:10586c000f0002000b000498059910f0b4fb0028ff
:10587c00ecd00027012622e00022224b069207934f
:10588c00e7e7234b9c4211da87b90498059900226b
:10589c00204b06f0f7fa0022049005910698079920
:1058ac001c4b06f0effa3700069007910698079903
:1058bc000022154b0af072fe06900791013c069ae5
:1058cc00079b0498059910f086fb0028d9d1d1e6e6
:1058dc000625dce60026002741e7069a079b0c927a
:1058ec000d93099e653e731e9e417642264054e7f9
:1058fc000000f07f787001007c7001008070010066
:10590c00847001000000f03f0000244000001440af
:10591c00d4feffff00005043069b5bb9002e09da52
:10592c00039a16992e335354089b0135013b089367
:10593c00012306937a192b009446302102e0039a36
:10594c00d15401336345fad1089a7d19d71b039ab8
:10595c003030d0547b1e01350027089320e0109b7b
:10596c0016951b69053bab4200d81fe70c9a0d9ba3
:10597c00049805990af012fe0af0a8fa12901391f5
:10598c0010f016ff092800dd092010230a9a134095
:10599c000343c1d10f9b672bbed1002ebcda01375c
:1059ac0080220c980d9912069446049b013e1a9382
:1059bc00059b63441b931a9a1b9b00920193129aaa
:1059cc00139b12f091f980231b06cb1804900593be
:1059dc000c980d990022154b0af0e0fd0c900d91de
:1059ec00e0e60a9bdb0600d4e4e62e23039a53552b
:1059fc000135dfe60a2294fbf2f67243a21a039ced
:105a0c003032013be254089a3400013a0892e0e645
:105a1c00039b08991a5c5b181a54013807e70f9b13
:105a2c00672b00d154e7062509933ae60000244081
:020000040000fa
:105a3c00f0b599b012930b68cc680a934b6816902a
:105a4c000e938b680b930b69119353681268069233
:105a5c000793069807990022002310f0bcfa70b93e
:105a6c000a9b5b0738d408230a9a0a991a400592b4
:105a7c000b9a194212d01833237013000be08020bc
:105a8c00000684460799069a61440b000692079318
:105a9c002d2323700b9b5a1e01230593079b0699fc
:105aac005b005b08e1b9ae48834219d1129b059aa1
:105abc00413ba018192b11d8aa4912f0e3f9aa48b6
:105acc0011f0dcfd0a9b0200009321000b9b169841
:105adc000df07cfa19b0f0bd2b23dae7a249ece704
:105aec009f48834201d80dd161b1129b059a413b6d
:105afc00a018192b04d89d4912f0c4f99c48dfe773
:105b0c009b49f9e7059b0598591c30232354129b9c
:105b1c00413b0f930f987823192800d8203b059808
:105b2c0063540230931e059009930022069807993e
:105b3c00002310f02fff002800d166e10023002283
:105b4c0008938c4b02920393182310930e9b002bfb
:105b5c0000db10930025029e039f109b01331793cb
:105b6c00069a079b0c920d930c980d9932003b00f2
:105b7c000af014fd0af0aaf932003b0014901591ba
:105b8c0006f080f902000b000c980d9911f081ffc2
:105b9c00794b0c900d9100223000390006f072f90f
:105bac000e9b06000f000135002b06da0c980d99a0
:105bbc000022002310f0eefe20b9179b9d42d3d19a
:105bcc00109d01350022300039006c4b06f05af95b
:105bdc0006000f0002000b000c980d9910f0fbf959
:105bec00002800d017e10c980d9932003b0010f002
:105bfc00d1fe30b11498159910f0dafdc00700d41d
:105c0c0009e10698079932003b0004f0f3fa06907c
:105c1c000791079b069a5b005b081ab9504a93429e
:105c2c0000d143e7119b059a053b1493934200d88e
:105c3c0035e100266b4217001500179310960c9651
:105c4c00029a039b069807990af0a8fc0af03ef901
:105c5c001290139110f0acfd030000d0dee00c9a12
:105c6c00002a00d1dae00136029a039b12981399ac
:105c7c0006f008f902000b000698079911f009ffcd
:105c8c00002206900791029803993b4b06f0faf814
:105c9c000c9b179a013b029003910c93934203d0f7
:105cac00149b2f009d42cbd3109bd3b9002e00dc4c
:105cbc00f6e00e9b002b00dcf2e00a9bdb0700d524
:105ccc00eee02e22302163191a707219a218597045
:105cdc0001339342fbd1ad19f643099b0135f318ff
:105cec0009930021119b089a6019013b0170e15442
:105cfc008a4202da524208920131089a002a00d0f4
:105d0c00b7e0119a9a1a013200d1b2e02b225e1e32
:105d1c0001b102320f99a255023b7022192900d809
:105d2c00203ae1180a709d4201da12f0abf8032315
:105d3c000a9a1340022b11d1099b9d1e002d0ddddb
:105d4c00200011f09bfc059b984200dba0e0e018c2
:105d5c002a00302111f06cfe00230b932000afe6db
:105d6c000000f07f787001007c70010080700100f1
:105d7c00847001000000f03f0000b03f00002040a4
:105d8c00089b0296039701330893029a039b100019
:105d9c00190004f02ffa06000f0002000b00069801
:105dac00079910f018f90028ead0029a039b06987c
:105dbc00079910f010f9002800d1c5e60298039954
:105dcc0000223b4b06f05ef80022002310f0e2fdaf
:105ddc0078b1029803990022364b06f053f8002252
:105dec000290039106980799324b06f04bf80690f7
:105dfc000791029803992e4b002206f043f8089b5a
:105e0c0002900391013b0893cfe700222a4b0890a4
:105e1c0002920393b9e700260027f2e6109a4ab9da
:105e2c000c9a3ab12e22e255099a0135013a09929f
:105e3c00012210923022771901e062550135bd42e2
:105e4c00fbd11800099a5730961b092b01dc303313
:105e5c0018000f9b192b06d820230343613b192be9
:105e6c0001d811f05fff731e7d1c0026e0550993cd
:105e7c00fae60a22089e089f96fbf2f67243ba1abb
:105e8c003032013be254099a0896013a099234e700
:105e9c00099b225c023be3181a54013853e7059d19
:105eac000a9bdb0600d41ce72e236355013518e74b
:0c5ebc000000e03f000050430000f03ff9
:020000040000fa
:105ec800f0b5de4657464e464546e0b50400abb051
:105ed800a8b106789eb14378012b10d0017d012925
:105ee8003bd0022914d059b144f66413c2f200031e
:105ef8001b6823b141f2c060c0f200009847002639
:105f080030002bb0f0bcbb46b246a946a046f0bd57
:105f1800437d002bf3d0c28a002af0d040f2140b44
:105f28008169834400296bd00968a268e3698d0000
:105f3800d01a854249d944f66413c2f200031d6899
:105f48002db141f2cc50637dc0f20000a8470c226d
:105f58000021584611f06efdd1e7c369002bced061
:105f680019680029cbd0427d002ac8d0c28a002aed
:105f7800c5d005004ff6fc709a88143503320240ec
:105f880080209a804005002303f0c8f9002800d03b
:105f980082e0e269e38a918889085b1a1100e3824a
:105fa800637d0831013bdbb263759268e161002ac9
:105fb80000d18ee0002ba3d1a36903b1d9610c22d3
:105fc8000021280011f036fd9ae7802061682a0038
:105fd800c9184005002303f097f8020028b344f6d7
:105fe8006413c2f200031b68002bb0d06068a1697b
:105ff800091a41f208608910c0f200009847a6e724
:1060080040681100a061012b61d0010080206275f9
:1060180000239200400503f077f8010076d1a269c9
:10602800637d11689b00e3617fe76268e369d118cb
:10603800099141b3042d26d94b1c07938b784a78d4
:106048001b0213430b930b79ca781b02a76c1343eb
:1060580098462fb10a780b00e06c21000095b847ec
:10606800099b19784b1e012b5ed9032900d11ae12f
:1060780044f66413c2f200031b6823b141f28c603a
:10608800c0f200009847a3690433a361637d013b14
:10609800dbb2abb3637533e744f66413c2f20003b3
:1060a8001b684bb16268a169891a020041f250501d
:1060b8008910c0f2000098470c220021280011f036
:1060c800b9fc01232000637010f00cf917e7026097
:1060d800a8e7a769002f00d112e77b6898462bb183
:1060e800002300933a002100b868c0470c22002121
:1060f800280011f09ffc2000396807f05bfaffe6e2
:106108000c220021584611f095fcf9e644f6641378
:10611800c2f200031b68002b00d118e741f290502f
:10612800c0f20000984712e7012900d1b7e0092d15
:10613800a9d9424653ba9bb208935b46b146a346d7
:106148000a93002306aad3775b46d9688a460029b2
:1061580000d1e6e05e46087b0024b3468d6900283e
:106168004ed0ab7940225b0603d4ab7b08351a428c
:10617800fbd02f68f7b33b78012b4cd0cbbb3e79d3
:10618800fb7836021e43b0454dd044f66413c2f284
:1061980000031b6876ba3a00b6b23bb141f24460dc
:1061a800089a3100c0f2000098472a68012313704a
:1061b80020220633ab80ab7906a91343ab71bb78b9
:1061c8007a781b028c4613431f22624404923a00d9
:1061d800083203927a795bba5146029258460222f3
:1061e8009bb20196009408f023ff82460028a8d0ad
:1061f800007b08350134e4b2a042b2d85e46f168ab
:10620800002306aa8a46d3770029a4d10a9b340022
:106218009b464e4637e706abdb7f06aa0133d377aa
:106228005346187be5e7079b7a781b789a42e0d1ba
:10623800079bba785b789a42dbd1079bfa789b7800
:106248009a42d6d1079b3a79db789a42d1d10a9bf8
:10625800a0465c469b460b9b4e465bba9ab20a9296
:106268007a790792099a1278012a33d00ead2b80d9
:1062780043462b72079b29006b723b000998083331
:1062880011930ff0cdfa53465f68002f00d1fae65c
:1062980052460095032321009068b847f3e6062d7f
:1062a80000d946e7efe6702200210ea811f0c2fbe4
:1062b8002500270009980ea90ff0b2fa20354837b3
:1062c8002b681bb1210068680eaa98470835bd42a3
:1062d800f6d1d8e640f2070909994a46380011f084
:1062e8009ffb4b46aa79ab8019331343099aab71cc
:1062f8005379927906a912028c461a431f236344e4
:106308000493079b08370293089b52ba01934346ac
:106318005146009320000a9b92b2039708f088fe2a
:0c632800b1e60a9b5c464e469b46ace684
:020000040000fa
:10633400f0b5431e040083b003330dd8012545573f
:10634400012d0bd038dc6b1c06d0002d00d083e06f
:106354000378002b00d082e003b0f0bd80680028f1
:106364007ad02026835d002b00d089e0037b002bac
:1063740000d0cfe011f012fd012807d911f008fd7b
:1063840041f62831c0f200010df0bcfa43f20003db
:1063940042f20002a168c4f200035a611c31642075
:1063a4000ef06eff20230121a268d1546368002bf4
:1063b400d2d020009847cfe7022d4dd140f2353797
:1063c4008668f35d012b00d1d6e0032b00d1dbe01e
:1063d4009125735d002b70d1b068fff773fd002821
:1063e400bad111f0dbfc002800d033e1636813b1ab
:1063f40008212000984720000bf0fefea36802212c
:10640400986810f087f8002800d115e1a0680af018
:10641400c7ff11f0c3fc012807d911f0b9fc41f6fc
:106424003831c0f200010df06dfa0223a568002096
:106434002b7310f055f80a22a368a8601a7500227d
:106444005a73012363706368002b00d184e702212f
:10645400afe730000ff0f0feff2363707ce7836842
:106464001d7110f005fda368986911f06dfc43f2ed
:10647400000342f20002c4f200035a6125706be784
:10648400c0690bf0effb002800d165e70023a0688a
:106494008355037bf3bb43f2000342f20002c4f2d0
:1064a4000003196a0a421ad101009a6164201c315e
:1064b4000ef0e6fea3689d554ee711f00dfd735de9
:1064c400013bdbb2735511f00bfd47f26d71a3680c
:1064d400c0f20101986806f0ddf9a6687ce711f0c6
:1064e4005dfc012807d911f053fc41f63831c0f2a4
:1064f40000010df007fa0ef0edfc0028acd0642387
:10650400a0680375633b437363681bb120000221d9
:106514009847a06840f2e9110c30c0f2010105f07f
:1065240099ff002844d0431d00d19ce0031d00d1f5
:10653400bfe001280ad1a268137d002b00d1cfe06f
:10654400013bdbb21375002b00d1cee011f026fc29
:10655400012807d911f01cfc40f21071c0f20001af
:106564000df0d0f9a16864201c310ef089fe2023bf
:106574000121a268d154efe60bf03efea0680af0b8
:106584000fffa368dd55e7e6002035730ff0a8ff81
:10659400002240f23431a368b0601a755a735a521b
:1065a400012363706368002b00d1d5e6022100e764
:1065b400a368032198680ff0adff00286cd06368ce
:1065c40013b103212000984740f280200ef088fa8e
:1065d400060000d140e746f6c973052240f2802147
:1065e4000094c0f200030cf08dfe050000d130e7ea
:1065f400012600277642002300223100009710f084
:106604005dfe012128000ff045fd310028000cf04b
:1066140041fe002128000ff0e3f83100002300229e
:106624002800009710f0bafe2900a0680df0d2fdf2
:1066340000286fd166708fe611f0b0fb002800d1fe
:10664400e4e611f0a5fb41f60c31c0f200010df0b7
:1066540059f9dbe611f09cfb41f68c31c0f20001e4
:106664000df050f9c2e611f099fb012807d911f099
:106674008ffb41f65c31c0f200010df043f9f522c5
:10668400a3681a71ff2363706368002b00d163e66b
:106694000521200098475fe611f080fb00288ed08a
:1066a40011f076fb41f60c31c0f200010df02af92d
:1066b40085e711f073fb012807d911f069fb41f656
:1066c4006c31c0f200010df01df90022a3681a73a9
:1066d4006368002b00d13fe60721200098473be682
:1066e40013736368002bf7d136e611f057fb0128ca
:1066f40007d911f04dfb41f67831c0f200010df0dd
:1067040001f9a3685a7bb2bb072120001a7311f068
:1067140021fb21e601223921a3685a542f315a540e
:106724000223637011f03afb012807d911f030fb02
:1067340041f65031c0f200010df0e4f89126a5684d
:10674400ab5d5bb943f20003c4f200031b6a5b0454
:106754001ad50421200011f0fdfafde511f0bcfb6f
:10676400ab5d013bdbb2ab5511f0bafba568ab5d89
:10677400002be7d0f2e7f5221a71ff23062120004f
:10678400637011f0e7fae7e511f0a6fb9122ab5c28
:0c6794000133ab5411f0a4fbdbe7c0465e
:020000040000fa
:1067a000f0b54546de4657464e46e0b587b0040094
:1067b0000d0098460492002800dde4e144f24c1af2
:1067c0004301c2f2000a1e1805935346b600f7189b
:1067d0004346002b00d1dde1109b002b00d1d9e115
:1067e0005346f35cda0700d4dbe1ba88002a00d113
:1067f000c0e144f66c19c2f200094b4640f20011a8
:10680000186808f08ffc8346002800d1d7e144f6d1
:10681000e533022240f200110097c0f200030cf0b1
:1068200073fd0390002800d1d0e1b5b9049b142b6f
:1068300000d18ee0232b00d101e1012b4ad063244b
:106840004b46594618680ef085fc44f69c13c2f27c
:1068500000031c600120404235e04ff6ff739d426b
:1068600052d0062d00d1c8e0fd2de8d144f24c12e3
:10687000c2f200029446059b1b199b006344da8810
:10688000fd2adcd140f2004204999142d7d1109afe
:10689000042a00d054e1033a5a7042461900127893
:1068a00049310a70998803980ef03efb44f67c1338
:1068b000c2f200031868039906f01cff03000020d1
:1068c000002b00d182e107b0f0bcbb46b246a9461e
:1068d000a046f0bd109b042b00d031e1059b202287
:1068e0009c4644f24c13c2f2000364449c460023cd
:1068f000a4006444a188019343461b680398009355
:1069000002230bf011ffd1e7049b092b00d119e101
:1069100000ddc4e0072b00d1e2e0082b00d08ee7b9
:10692000109b042b00d00be144f24c12c2f2000287
:106930009446059b04221b199b00634499880023fd
:10694000019343461b680398009302230bf0ecfe6f
:10695000ace744f24c123300c2f2000294462833f2
:1069600063441d605d609d60dd601d615d619d61d2
:10697000109b142b00d062e744f24c12c2f20002ca
:106980009446059b1b199b0063449b89062b00d0f2
:1069900055e743461b78ff2b00d0d1e03036b018c6
:1069a0004146102211f040f810250926059b44f2bb
:1069b0004c119c468c4b6444a4001a59c2f200014d
:1069c00023008c462833634438001a6006f016fc16
:1069d000002800d106e144f24c13c2f200039c46a9
:1069e0006444e389a1885bba9bb2019332004346b9
:1069f000039800950df0fcfd58e7059b9c4644f27a
:106a00004c13c2f2000364449c46a4006444237afd
:106a1000022b00d013e7049b012b00d00fe7109b43
:106a2000042b00d08ce00023a188019343461b680f
:106a300002220093039802230bf076fe36e744f21d
:106a40004c123300c2f20002944600222833634401
:106a50001a605a609a60da601a615a619a61109bf2
:106a60000c2b00d0ebe644f24c12c2f2000294462a
:106a7000059b1b199b0063449b89042b00d0dee619
:106a800043461b681bba1b0f0e2b59d12c36b0186e
:106a90004146042210f0c8ff0425082686e7049b1f
:106aa0000d2b35d0642b00d0c9e6109b042b47d1a9
:106ab00043461b68dab2022a42d8059a60219446fe
:106ac00003221a4053466444a4001b5d52018b43c9
:106ad000134352463900039813550bf0a1ffe5e626
:106ae000109b042b2cd144f24c12c2f200029446ab
:106af000059b05221b199b00634499880023019381
:106b000043461b680398009302230bf00dfecde66d
:106b1000109b042b14d144f24c12c2f20002944692
:106b2000059b01221b199b00634499880023019354
:106b300043461b680398009302230bf0f5fdb5e66e
:106b400016247de6109b042bfad144f24c12c2f2bb
:106b500000029446059b03221b199b0063449988fd
:106b60000023019343461b680398009302230bf014
:106b7000dbfd9be6db071bd544f69c130b32c2f210
:106b800000031a6066e644f69c130922c2f2000371
:106b90001a605fe644f69c131622c2f200031a60e4
:106ba00058e644f69c130e22c2f200031a6051e626
:106bb00044f69c135f22c2f200031a604ae644f6d0
:106bc0009c130c22c2f200031a6043e64b4659465e
:106bd00018680ef0bffa44f69c134d22c2f200036f
:0c6be0001a6037e60c242be65841002018
:020000040000fa
:106bec00f8b545464e46de465746e0b50f264bb245
:106bfc009846431e0e4004001500c909033300d902
:106c0c0064e10823d356022b00dd9ae1022e00d951
:106c1c009ee1436ac9009946330010339b00c318a8
:106c2c005f687f180121fb79194200d15de1526840
:106c3c00bb88b2fbf3f04343d01a9a4233d043469d
:106c4c00002b00db4ee1e3789b46002b3ed000236b
:106c5c0040f2000aab6103332b723b682a62002bb3
:106c6c0047d01a009b69002bfbd19561ea61e37850
:106c7c0093b9534673b10a23e356002b0adb1f2149
:106c8c005a094ef200100b401e399940cef200000a
:106c9c00920011500123a3730020f0bcbb46b246f6
:106cac00a946a046f8bde3789b464346002b64db1f
:106cbc005b46002b5ad1a37b012b00d190e011f045
:106ccc0069f8022867d87f204042e6e7a37b012bb6
:106cdc00f5d15b460a20a37320560ff0ddf85b4616
:106cec00ab6103232b726a683b6882462a62002bd5
:106cfc00b7d140f2040b5946eb6129723d60002e6e
:106d0c0052d140461d31635c002800dac7e0032bea
:106d1c0073d0042b00d1ebe0012ba8d10822216dfc
:106d2c00286810f07bfe494640f204134022ca54f6
:106d3c00f43bc7328b5402328b542a68093b91794d
:106d4c0039b11278783393429b415a461a4013005a
:106d5c0002332122a354ab693b6002232b72eb68f4
:106d6c00002b00d183e72800984780e703230022fb
:106d7c0040f2000aa8612b726fe72b69194200d010
:106d8c0032bb5b46002b00d061e7a37b012b96d175
:106d9c0040f2000b9de710f0f7ff40f62401c0f223
:106dac0000010ff043ff8ee741462b68002951dbb1
:106dbc007601a2191365052340f207124e44b35411
:106dcc0032000a32ff3213704022ff33f2544ee786
:106ddc0080210b432b615b46002b00d037e7d4e7b7
:106dec005b460a20a37320560ff056f85b46ab6146
:106dfc000323824600222b722fe743f6ff76636d46
:106e0c001e406b68b118994201d99b1a9eb2286832
:106e1c00216d8018320010f001fe2b6a6a68f3189d
:106e2c002b62934200d29ae0002208212a7221326e
:106e3c00a154203aff3148464254023142540432a4
:106e4c00ff32c93981546b60ab693b60eb68002b36
:106e5c0089d10ce7b9880f00914201d3170091b288
:106e6c0068687601801a1818a3191866d71b5a6e11
:106e7c002f62920b92035a6643f6ff72586e0a40c9
:106e8c0002435a660a2340f207124e44b3543200ae
:106e9c000a32ff3213708022fb33f254e7e6062be2
:106eac0039d0072b00d0e2e608236354636e9b0baa
:106ebc009b0363664946022340f207128b5402324d
:106ecc008b540433ff33893aca54d0e610f062ff76
:106edc00022807d910f058ff40f21471c0f20001db
:106eec000ff0a4fe7d204042d7e676204042d4e647
:106efc0066540123494640f207122e728b5402321b
:106f0c008b540433ff33c93aca54eb683e60002bf0
:106f1c0000d028e7abe6be883700964201d91700af
:106f2c0096b236bbd21b2a6221230922e254636e2d
:106f3c009b0b9b03636643f6ff73626e33401343f4
:106f4c00b7e710f027ff022826d87b204042a4e6a2
:106f5c0010f020ff022828d87c2040429de6ba88f9
:106f6c00b2420dd92121012208202a726054e63147
:106f7c0061e73a00206e296810f050fd2a6ad1e7cb
:106f8c000123494640f207128b5402328b540433ce
:106f9c00ff33c93aca546ae610f0f6fe40f2647147
:106fac00c0f200010ff042fecfe710f0edfe40f210
:0c6fbc00c471c0f200010ff039fecde7f7
:020000040000fa
:106fc80070b582b038b185682db1022b09d0032b7a
:106fd80027d0012b01d002b070bd10000ff02af9a4
:106fe800f9e7069b002bf6d0069a1b88518841f6d4
:106ff8000062934200d17ce060d840f200329342b4
:1070080070d041f600229342e5d111b93c23012208
:10701800ea5468230022ea54eb6e002bdbd0984731
:10702800d9e7069b002bd6d0069a5b881000147906
:1070380041f600521030934200d197e022d840f236
:107048000032934273d041f600229342c3d1012cff
:10705800c1d901ae04233200042103f093fa338826
:107068000e2b00d10be10f2b00d1bfe0012b00d07c
:10707800ade02a000698022140320333183003f0ad
:1070880081faa8e741f60062934236d042f2001234
:107098009342a0d1012c9ed92a00012302217132ea
:1070a80003f070fa2a000698012372320221183080
:1070b80003f068fa7023ff22ea548ce742f20012c8
:1070c800934200d087e770242a576e6f01326ad046
:1070d800fd232b55002e00d17de70021b04700236a
:1070e8006b6778e7002900d075e724230122ea546a
:1070f80071e739230022ea546de7022c00d86ae7c9
:107108000698042301aa0221203003f03bfac02389
:10711800019adb059a4200d1ade00023c6f20f03c5
:107128009a4200d1a3e038230122ea5453e7022c03
:1071380000d050e76a4601230221033203f022fa05
:107148006b46db780d2b00d1eae000d9dde00a2b95
:1071580000d1cee00b2b00d0bbe02a002a3202235c
:1071680006981900183003f00dfa34e7022c00d005
:1071780031e70123022101aa03f004fa6b461979c9
:10718800022900d19ce0032900d195e0012900d013
:1071980082e040f230330698ea18013104231830af
:1071a80003f0f0f917e77822ac5c002244b1994269
:1071b80070d042f2011399426ad04b4259414ab207
:1071c80070232900ea547031002e87d103e710f0ac
:1071d800e3fd032800d8fee610f0d8fd41f66c2147
:1071e8003288c0f200010cf08bfbf4e6032c00d8c7
:1071f800f1e60223f25e012a00ddece606981201b0
:10720800483204230221aa18183003f0bbf90223dc
:10721800f25e069812014c3204230221aa1820308b
:1072280003f0b0f90223f25e069805321201042336
:107238000221aa18283003f0a5f9042c00d181e016
:107248006b460698dc1c220001230221303003f033
:1072580099f92278022a6ed06bd8002a6bd00222c4
:10726800b35e01221b01eb1854331a70b3e63823be
:107278000322ea54afe638230222ea54abe62a0096
:107288000698012302214432183003f07bf9a2e664
:10729800032295e7022293e710f07efd032800d829
:1072a80099e610f073fd6b4641f684211a79c0f215
:1072b80000010cf025fb8ee640f22e33ea184ee76b
:1072c80040f22c330698ea1818300b0003f05af9ec
:1072d80081e610f061fd032800d87ce610f056fd29
:1072e8006b4641f65421da78c0f200010cf008fb35
:1072f80071e60698042301aa0221183003f042f926
:10730800019b1a0cea842b8565e60e2be1d12a0035
:10731800069804230c213432183003f033f95ae666
:107328002a000698052306212c32183003f02af982
:1073380051e6032a06d10221735e1b01eb18543370
:107348001a7048e60222b35eff221b01eb18543381
:047358001a7040e681
:020000040000fa
:10735c00f0b5c64600b5050014008ab050b34ab368
:10736c0086683eb320005288cf4b2779d3189bb246
:10737c001030082b1ed8cd499b00cb589f46012faf
:10738c0018d106ac22000223022103f0f9f840f2d6
:10739c00bc232288f4586cb10433f1580223934275
:1073ac009b415b425b000293002300222800019367
:1073bc000093a0470ab080bcb846f0bd012ff9d1ac
:1073cc00bb4b02219c46624453425a410223541c3b
:1073dc0006aa03f0d5f840f2b423f758002fe9d0f1
:1073ec006b4640f2b8221b8bb15828000022009447
:1073fc00b847dfe7012fddd106ac220002230221c2
:10740c0003f0bef823885a42534140f2bc22b458d0
:10741c000233002cced00432b158c4e77b1f012bb1
:10742c00c8d80123022106aa03f0aaf819222000c9
:10743c00012302216a44183003f0a2f81a2220001a
:10744c00012302216a44203003f09af800230793a9
:10745c00052f00d014e140f2bc23f3589846002bc2
:10746c0000d11ce140f2c42340f2c422f35cb718f3
:10747c0003b1079740f2c022b1580122e36a02928d
:10748c00628e28000192626b009206aac0473422d9
:10749c000021380010f0ccfa8ce7012f00d889e7d6
:1074ac001622012302216a4403f06af86b469b7d85
:1074bc002a2b45d87f4a9b00d3589f46012f00d0da
:1074cc0078e70123022106aa03f05af840f264215e
:1074dc00735c022b00d1efe0032b02d0042b00d005
:1074ec0068e76b461b7e002b00d063e701227754c4
:1074fc0040f26023f458002c00d15be740f2682383
:10750c0040f2b02128007158f318a04752e7022f1f
:10751c0000d04fe706ad01232a00022103f030f81a
:10752c0040f269232000f21802210123183003f0e5
:10753c0027f801232a78134040f26822b35439e724
:10754c0010f028fc032800d834e710f01dfc6b4623
:10755c0041f638419a7dc0f200010cf0cff929e7d1
:10756c00200040f2c522012303211830b21803f089
:10757c0007f8002800d11de740f2c4230122f25481
:10758c0018e7200040f2d422202305211830b2182d
:10759c0002f0f6ff002800d10ce740f2f4230022a1
:1075ac00f254e9e7200040f2c822042303211830ea
:1075bc00b21802f0e5ff0028ded1fbe640f274239e
:1075cc002000f21803210223183002f0d9fff1e653
:1075dc0040f27d232000f21805213023183002f0f0
:1075ec00cfffe7e640f26c232000f21803210423be
:1075fc00183002f0c5ffdde6200040f2cc22042357
:10760c0003211830b21802f0bbff0028b4d1d1e628
:10761c0040f27b232000f2180a210123183002f0db
:10762c00afffc7e640f27a23f4e740f27923f1e7a3
:10763c0040f27023d8e7032f00d0bbe640f2fc23c6
:10764c00f358002b00d1b5e6e26928000692628b54
:10765c0006a90792626a0892628c09929847a9e679
:10766c0040f27823d6e740f27c232000f218032165
:10767c000123183002f084ff9ce640f276239fe74a
:10768c0020000223022105aa303002f079ff2000ed
:10769c0016220223022138306a4402f071ff40f2b4
:1076ac00c423f718f3e6c04600f8ffff9cfb00006c
:1076bc00fcf7ffffc0fb00006b461b7e002b00d1cc
:1076cc0014e7032440f2c42334227454f01800212c
:0876dc0010f0aef922000be7eb
:020000040000fa
:1076e400f0b54646d6464f46c0b5040016001d0008
:1076f400ccb040b1836833b140f20053994243d0d7
:107704000133994205d04cb0e0bcba46b146a84614
:10771400f0bd032af7d104ab9946012102234a465e
:1077240028000f2702f030ff28006f4401233a009d
:107734000221083002f028ff0cab9846280040f2e2
:10774400001342460521103002f01eff40f2403281
:10775400a3689d584db1002098504b463a7819883b
:10776400434600902000a847a36840f244329d5845
:10777400002dc8d0002098504b463a7819880090c4
:1077840043462000a847bee7022abcdd0f276f440a
:1077940001233a000221280002f0f6fe0cab9846c1
:1077a400280040f2001342460521083002f0ecfea6
:1077b4000028a8d040f24032a3689a58f2b13b782e
:1077c4009a46012b00d114e11c2b9cd128000921dd
:1077d4000c3b05aa103002f0d7fe40f2020a5246d2
:1077e40004ab1a70a1683a78009340f24033cb5846
:1077f4002000994600214346c847a36840f244321a
:107804009a58002a00d17ee73a78302a03d87d4975
:1078140092008a58974604aa914649466a69049296
:107824006a8a8a8049463a78009140f244312000bd
:107834005d5843460021a84765e76a69049204aa93
:107844009146efe704ab9946280002234a460321f8
:10785400103002f099fe28001222012303216a4409
:10786400183002f091fe2800132201236a440321f8
:10787400203002f089fe4a46eb6a53606b8d138117
:10788400a368cfe704ab9946280010234a46092190
:10789400103002f079fea368c4e704ab99462800cf
:1078a40004234a460821103002f06efea368b9e7ab
:1078b400092e00d027e704ab994628004a466b6995
:1078c400032193611830042302f05efe2800042390
:1078d400032105aa203002f057fe280004230321c7
:1078e40006aa283002f050fe28000423032107aa28
:1078f400303002f049fe2800042308aa032138305e
:1079040002f042fe4a466b6c5361a3688ae7ea6957
:107914006969059204aa9146049149466a8b0a81d1
:1079240080e704ab994628004a466b6903219360bb
:107934001830022302f028fe280012220223032119
:107944006a44203002f020fe28000223032128305c
:1079540005aa02f019fea36864e704ab994628005f
:107964004a466b69032153601830022302f00cfe6f
:10797400a36857e704ab994628004a466b6903217c
:1079840053611830022302f0fffd28001222012364
:1079940003216a44203002f0f7fd2800132201235a
:1079a40003216a44283002f0effd28000423032158
:1079b40005aa303002f0e8fd28000423032106aaba
:1079c400383002f0e1fd28000423032107aa4030e7
:1079d40002f0dafd2800022308aa0321483002f04d
:1079e400d3fd4a466b6d503593616b889383a368ce
:1079f40018e728000821033305aa103002f0c4fd5b
:087a0400ede6c046a0ff000002
:020000040000fa
:107a0c000023f0b51600b1b0039007910493079dc5
:107a1c002b78002b00d1cbe001235b420c9310abf5
:107a2c0000240e9380230b940d940f932b5d0bb1bc
:107a3c00252b2dd134b12900220003982d190ff0dc
:107a4c00edf90795079b1a78252a00d0a5e001339c
:107a5c001800002105930793243a03782b2b23d08d
:107a6c002bd8202b23d0232b24d001b107902a2be9
:107a7c002bd00ef0aff801250d900020079a1100c5
:107a8c000b780132303b092b63d968b307912be09b
:107a9c000134cbe701230b990b430b9311000130fd
:107aac00dbe702230b99f7e704230b99f4e7082390
:107abc000b99f1e710230b99eee72d2bead0302b25
:107acc00efd00029d5d00790d3e7336801301a1dc9
:107adc001b68079032600d93002b05da01220b997d
:107aec005b424a400b920d930b9bda0702d50222a4
:107afc0093430b93079b1a782e2a0dd100270c97d2
:107b0c005a785d1c07952a2a25d1023307933368ce
:107b1c001a1d1b6832600c9307a80ef02ffe079df0
:107b2c000700287810f0f7f8252800d1d1e061384b
:107b3c00172800d9d7e00ff099ff1fd6b23ea2a2aa
:107b4c00a2d63ed6d6d6d6985e7dd6d6c2d64ed640
:107b5c00d66d280093e728000ef03cf801210c901c
:107b6c002a0013780135303b092b03d9002fd3d0d1
:107b7c000792d1e70f00f3e73200390008a80ef0a6
:107b8c008ffc002800d177e06b1c079303982b78af
:107b9c0008aa0ba9fdf74cff2418049b1c19a3423f
:107bac0000dcabe04f22564b1a6001235b4204937e
:107bbc00049831b0f0bd33000122390008a808f058
:107bcc00b7f8002858d00135039808aa0ba90795d7
:107bdc0009f08efae0e733000022390008a808f01b
:107bec00a7f8002848d00135039808aa0ba90795d7
:107bfc000cf09effd0e733000022390008a808f0f3
:107c0c0097f8c8b30135039808aa0ba907950bf090
:107c1c008dfcc1e733000022390008a808f088f871
:107c2c0050b36b1c07932b78039808aa0ba906f08a
:107c3c008bf9b1e733000022f02108a808f078f89e
:107c4c00d0b1089b099a0135079513435bb92d48b0
:107c5c000ff014fd02000b9b2a4900930d9b039817
:107c6c000bf0b4f998e77823dee7049b39001a1976
:107c7c0008a833000bf0e6f9013507958de73200c3
:107c8c00390008a80ef00cfc0028f5d06b1c0793eb
:107c9c0003982b7808aa0ba9fdf772fc7ce7802fc0
:107cac00ead1336801351a1d1b68326008aa1370bb
:107cbc000123079503980ba90df050fb6ce7802f5f
:107ccc00dad132680135131d336012680023079531
:107cdc00f0e7802fd0d101220b9b013500930d9b37
:107cec0007950949bbe7059b0122079300235242e4
:107cfc000c920b930d9300930232f2e7049486e6f8
:0c7d0c009c49002070700100767001009e
:020000040000fa
:107d1800f0b585b005000c00160017000393019319
:107d280000900291002b00d0c8e010008a424bd985
:107d38000ef09efa020060b12100202381401b1a38
:107d480087402800d84003000b4302932b00934040
:107d58000093029b390cb3fbf1f00d00040045437e
:107d6800beb25d1b7443009b2d041b0c1d43030016
:107d7800ac4207d9ed19013baf4203d8ac4201d957
:107d8800831eed192d1bb5fbf1f46846614366436c
:107d9800691a058809040d432100ae4207d9ed1977
:107da8000139af4203d8ae4201d9a11eed19ac1b6f
:107db80018040a9b084323b1d4401c6000230a9a84
:107dc8005360019905b0f0bd0ef052fa0200a8bb4d
:107dd8000123a41b0193390cb4fbf1f50b002e0011
:107de8006b43b8b2e41a4643009b24041b0c1c43a3
:107df800ac46a6420ad90123e4195b429c44a74237
:107e080004d8a64202d9ab1e9c46e419a41bb4fbb5
:107e1800f1f56943641a6946684323040c8829000c
:107e28001c43a04207d9e4190139a74203d8a0424c
:107e380001d9a91ee4196346241ab9e7202187400d
:107e4800091a230084400098cb40c8400100214310
:107e58008c4600993c0c9140b3fbf4f5009121004d
:107e680069432e005b1a6146b8b24643090c1b04ed
:107e78000b4329009e4207d9db1901399f4203d8d9
:107e88009e4201d9a91edb199b1bb3fbf4f56c4379
:107e98001b1b644668431b04a4b21c432e00a0426b
:107ea80007d9e419013ea74203d8a04201d9ae1e62
:107eb800e41909043143241a01918ce7039b8b428e
:107ec80009d90a9b1bb900231800019379e70a9b7b
:107ed80018605960f7e703980ef0caf90100c8b9ad
:107ee800039ba34201d3ae4209d8ae1bb542ad41b4
:107ef8000120039b6d42e41a631b029300960a9bc0
:107f080013b9002301935ce7009a0a9b1a60029a4e
:107f18005a60f6e720231b1a0093009a039bd74068
:107f280083401f432300d3402a00864084400098a2
:107f38008d40c24022433c0c20000295b3fbf4f56f
:107f48009446684301962e001b1a6046bab25643ff
:107f5800000c1b04034328009e4207d9db19013893
:107f68009f4203d89e4201d9a81edb199b1bb3fb75
:107f7800f4f56c431c1b63466a4324049bb22343f9
:107f88002c009a4207d9db19013c9f4203d89a4238
:107f980001d9ac1edb199b1a9c466b469d88019b38
:107fa80000041a0c2b002043060ca4b2754363434b
:107fb800564362431c0c5219a218954202d98024d8
:107fc80064023619140c9bb21204a419d318a445e0
:107fd80003d30bd1029a9a4208d2019a01389a1a0d
:107fe80093429b415b42db19e41a13000a9a002a68
:107ff80087d0029a009dd31a6246121b029c9c42ab
:10800800a4416442121b1400cb40ac40ca400a99f8
:0880180023430b600b007be722
:020000040000fa
:10802000f0b5ce46474680b5040099b028b1022b82
:108030000cd0032b3dd0012b04d019b0c0bcb946e5
:10804000b046f0bd10000ef0f9f8f6e7209b002bcb
:10805000f3d08368002bf0d041f60043209a1288b9
:108060009a42ead1209b587a5d880028e5d0d968e9
:1080700004aa0df017fe0028dfd003ae042332005f
:10808000042104a802f082fa33880c2b00d1f9e015
:10809000209b587a0128d0d931880a2900d10ee1d5
:1080a0000b001e3b042bc8d8200006aa07f0dafffd
:1080b000c3e7209b002bc0d08368002bbdd041f6c6
:1080c0000043209a52889a42b7d1209b1b79022bf9
:1080d000b3d1209803ae042102333200103002f0f5
:1080e00055fa31880b000a3b9bb2182b03d8884afb
:1080f0009b00d3589f460ff053fe03289dd90ff0e5
:1081000049fe41f630513288c0f200010bf0fcfb11
:1081100093e7209a2000183207f0a4ff8de740f281
:108120006035a3685b59002b00d186e7209804ae28
:10813000012332000a21183002f028faa368200037
:1081400031785b59984778e70223a2682098190094
:108150009632183002f01afa9622a368995a103a09
:1081600099520232995c002900d066e740f25c32f5
:108170009d58002d00d160e799507e330093012374
:1081800020001a001900a84757e740f25c33a268a4
:10819000d358002b00d150e720980221735e18308d
:1081a000013300d19be00025112204af0495062382
:1081b00005217d603d816a4402f0e8f9c0b2387063
:1081c000002800d139e70223f65ea36899467d2393
:1081d0004a46d35c98469e4200db2ee7112349466f
:1081e0006b44180006227f310ff090f92b0020b964
:1081f0004a469633d35a3b810123484640f25c32cb
:10820000711c00978558c9b242462000a84714e760
:108210008822a36804ae9a5c0ab97e331e002098b7
:10822000771c06233a000521183002f0aff9c3b2db
:1082300098463370002b00d1ffe68823a568eb5cdd
:10824000002b00d1f9e62900c2b27f3138000ff0cf
:108250005df918b97e23eb5c434550d028000a2213
:1082600000217e300ff0eafba068390032787f30c1
:108270000ff0dafb7e223178a368995400210a328c
:108280009954dae6072d00d0d7e6862240f2ff7136
:10829000a368995202329a5c002a00d0cde640f2df
:1082a0005c329f58002f00d1c7e6002199507e33e1
:1082b0000093012320001a001900b847e8e640f2b5
:1082c0005c33a268d658002e00d1b6e66db100210d
:1082d0002000d1500b000a000091b047ade6012309
:1082e00002217d3202f052f9a7e6022800d0a4e66e
:1082f000d55001213200200009f0f8f89de640f247
:108300005c330121ea58e850200009f0eff894e6c8
:04831000903f010099
:020000040000fa
:10831400f0b5002485b00194a14207da04000d00f1
:1083240000216042a941012464420194002b07da30
:10833400019c1d00e4430194140000236242ab41fc
:1083440015001e0004000f00002b00d0bae010003e
:108354008a4243d90df08eff38b1202322001b1a24
:108364008740da40854084401743290cb7fbf1f37a
:108374001a00a8b2424394460a005a43ba1a120495
:10838400270c3a431f00944507d95219013f9542df
:1083940003d8944501d99f1e52196346d21ab2fbe1
:1083a400f1f359435843521a1204a4b214431a0065
:1083b400a04206d92c19013aa54202d8a04200d9fc
:1083c4009a1e3b0413431800019b310023b10300a0
:1083d400340000215842a14105b0f0bd0df04aff20
:1083e400a0bb01267a1b290cb2fbf1f7abb20293b6
:1083f4003b00a8b2434308007843121a1204200c2d
:108404000243bc4693420ad9012052194042844493
:10841400954204d8934202d9b81e84465219d21afe
:10842400b2fbf1f35943a8b25843521a1204a4b24e
:1084340014431a00a04206d92c19013aa54202d8c5
:10844400a04200d99a1e63461b04bbe720223b00ce
:1084540039002700121a85408140d740d3400f438a
:10846400290c8440b3fbf1f00600aab25643b4468b
:108474000e0046439b1b1b043e0c334306009c45e5
:1084840007d95b19013e9d4203d89c4501d9861e3c
:108494005b1960461b1ab3fbf1f0414342435b1a7c
:1084a4001b04bfb21f430300ba4207d97f19013b23
:1084b400bd4203d8ba4201d9831e7f193604ba1ac1
:1084c4001e4390e78b4276d818000df0d3fe30b9e6
:1084d400be4273d30300ac424341002673e720231a
:1084e40032002e001b1a8240de4021001643d94080
:1084f4003a008540da4087400b000295350c3b4337
:10850400b2fbf5f703933b00b1b24b439c462b00ff
:108514007b43d21a039b12041b0c1a433b00944561
:1085240007d99219013b964203d8944501d9bb1e41
:1085340092196746d21bb2fbf5f77d43551b6a4679
:10854400794392892d042a433d00914207d9921917
:10855400013d964203d8914201d9bd1e9219521a87
:1085640003926a46029f16893f0cbc463700624656
:108574001b042b43adb26f43190c4e435543514377
:108584003a0c9446ad196544ae4202d98022520297
:1085940089182e0c039a71188a420ad300268a423b
:1085a40000d010e784402d04bfb2ed19ac4200d3d3
:1085b40009e7013b91e70026330004e706000123a5
:0285c40001e7cd
:020000040000fa
:0285c6007047fc
:020000040000fa
:1085c80010b543f2e064c2f200042378172b08d8f0
:1085d800954a9b00d3589f4601200ff04ffc0f236c
:1085e800237010bda37c002bfbd0002342f6002192
:1085f800a37400200133c0f20001a3720ef018fb2f
:108608000f232370ede744f2f8310420c2f2000191
:1086180000f06efc0028e4d142f6dc11c0f2000143
:108628000ef006fb15232370dbe70bf0d5f944f2b7
:10863800f83342f63c12c2f20003c0f200025a605c
:108648007a4a42f6ac119a6001225a700022002040
:108658009a70c0f2000103321a730ef0e9fa14237b
:108668002370bee7e37b002bbbd00c232370b8e755
:1086780000210320faf7e0fd0028b2d1122323706d
:10868800afe7637a002bacd013232370a9e7237cd0
:10869800002ba6d042f67c110020c0f200010ef09b
:1086a800c7fa0f2323709ce744f2b8710120c2f285
:1086b800000100f01dfc002800d092e742f6581196
:1086c800c0f200010ef0b4fa0e23237089e744f2d9
:1086d800b8710020c2f2000100f00afc002800d0a6
:1086e8007fe70d2323707ce7a37b002b00d178e77d
:1086f8001123237075e7637b002b00d171e70b23ef
:1087080023706ee7237b002b00d16ae70a232370ce
:1087180067e744f6c4010520c2f20001faf78cfdb0
:1087280000287ad1092323705be742f64811042018
:10873800c0f20001faf780fd002800d051e70823b5
:1087480023704ee744f2b9310520c0f2010100f070
:10875800cffb002800d044e70723237041e741f20c
:10876800fd211320c0f20101faf766fd002800d0b0
:1087780037e70523237034e701202d49faf75cfd1c
:1087880000284ad1042323702be70823e356022b41
:1087980046d00123237024e700202649faf74cfd30
:1087a800002800d01de7022323701ae744f6c4030b
:1087b80042f6dc02c2f20003c0f200025a6042f63e
:1087c800e402c0f200029a60002140f2031219701c
:1087d8009a8144f2b87342f6f402c2f20003c0f27e
:1087e80000021a6040f25b721a8242f60012c0f26e
:1087f80000025a6042f60412c0f200029a6042f681
:108808000c12c0f20002da6040f20312c0f23c021d
:1088180099749a6101232370e3e617232370e0e635
:1088280001332370dde6c0461844010034370020c8
:08883800e4360020e8360020c0
:020000040000fa
:10884000f0b54f464646d646c0b50d00411e040061
:1088500017001e0086b003317ad883689846002b33
:1088600076d0002e74d08378002b00d177e0002ad8
:1088700065d010000ef008ff8146002d00d170e099
:108880006b68002b00d189e040f25c2241468a5c93
:10889000032a5dd0002800d190e040f63d620e9999
:1088a000230020310b204944c0f201020df000f8f2
:1088b0008046002800d17fe000220021404609f0d8
:1088c000f3fe686878b14378002b00d0b0e04368cd
:1088d000002b00d0bae04388002b00d081e0037c5d
:1088e000002b00d0c0e040f25c22a3689a5c052a0d
:1088f00000d196e029786a78ab78002f64d00e9882
:10890000297804904846029005200396009001972c
:10891000404609f03dfd4146a0680bf05dfc002893
:108920004ad0119b0bb142461a6040f2b422a368b0
:108930000f990020995010990432995009e03db1e7
:108940006b682bb140f25c2241468a5c032a35d128
:10895000022006b0e0bcba46b146a846f0bd0120f0
:10896000f7e740f63d620e99230003204944c0f228
:1089700001020cf09dff8046f0b10022002109f0b9
:1089800093fe40f25c22a3689a5c052a3ad047f62f
:10899000d465c0f201050022ab78b0e740f63d6235
:1089a0000e99230003204944c0f201020cf080ff1d
:1089b0008046002800d07fe70820cae75b88002bac
:1089c000c6d040f2000968e70e980396049002971b
:1089d00068684088019003200090404609f0d8fc68
:1089e00099e7002f00d17ae7002223210092404628
:1089f000033209f0a7fa01222321404609f054fe70
:108a000068686ce740f2f8229b5c002bbfd047f609
:108a1000d465c0f2010501222621404609f044fe3a
:108a200068e740f2f8229b5c002b00d162e7f2e796
:108a30000022012100924046033209f083fa01220c
:108a40000121404609f030fe686840e7002202211b
:108a500000924046033209f075fa01220221404695
:108a600009f022fe686836e740f2100a82442021ad
:108a700050460ef039fe5346009005220321404631
:108a800009f060fa01220321404609f00dfe2ae7b1
:020000040000fa
:108a9000f0b5574645464e46de46e0b587b01f0066
:108aa00013ab1b7805009a46129b8946904623b368
:108ab0000123129a5b4213600cf0e6f90600e0b164
:108ac0005346012b05d0022b00d18ae0afb14346bb
:108ad0009bb1119b8bb1109b7bb133681a0104933e
:108ae0000592d31a44f2d012c2f2000293469b00c0
:108af0009b44584608f080ff30b907b0f0bcbb4635
:108b0000b246a946a046f0bd44f2d011c2f200011f
:108b10008c463268130103939b1a9b006344186ac6
:108b20005c6a002859d0039900238c4603e0013386
:108b30002c34984251d021780029f8d16046039016
:108b40000120207044f2d010a1626146c2f2000000
:108b50008446891a89006144898d10028c464ff63b
:108b6000ff710840614609040143ff201840084393
:108b700061464ff6ff73013189b22062994238d0c5
:108b8000039b9b1a44f2d012c2f2000294469b004f
:108b9000634499854b466380109b24226360119b3c
:108ba0002761a3604346e3600023a561a354637576
:108bb00053462375129b233a227718605b469b6ac3
:108bc000cbb1059b049a9b1a9b0063449b6a23b11b
:108bd0001a009b6a002bfbd19462584609f024f9d5
:108be0008be7002f00d188e74346002b00d074e7c5
:108bf00083e70121c4e75b46049a9c62059b9d1aaa
:108c000044f2d013c2f200039c46ad0065446a6989
:108c100073699a4209d03000eb6800215b69143017
:108c2000984773696b61638899460223049a237796
:108c3000059b9b1a44f2d012c2f2000294469b009c
:108c40006344d8685346012b31d0e1682269022b76
:108c500035d0a5686368009585684846a847002810
:108c6000bbd10123129a5b421360049a059b9b1aa5
:108c700044f2d012c2f2000294469b006344db68c7
:108c80001b6998472423e054e35c5a1e9341012258
:108c90005b421a435b4662759b6a002b9dd0594626
:108ca0009a6a8a6200221a779a621a7095e70368b4
:108cb000a26848466168984700288ed1d1e743688a
:0c8cc00048469847002888d1cbe7c04602
:020000040000fa
:108ccc00f0b54746ce4680b50d00411e0400170096
:108cdc001e0089b0033100d9cbe08368002b00d192
:108cec00c7e08278002a00d1bde0002d00d1c2e09f
:108cfc00002128000df030f8002800d1c7e0002f2b
:108d0c0000d0bee02823eb5c99464a46a3683ab1f2
:108d1c00962249469a5a01390a41d20700d4a8e052
:108d2c0079229a5c002a00d0b3e07a229b5c002b5b
:108d3c0000d0aee0002e00d1bbe03378012b00d97f
:108d4c0097e0337a022b00d993e047f2bd722300ef
:108d5c0000211120c0f201020cf0a4fd8046002875
:108d6c0000d196e02023eb5c0522012100932b001f
:108d7c000ef0f4fa00230222009304214b464046e5
:108d8c000ef0ecfa2723eb5c002b00d183e00623da
:108d9c00213500930b222b00052140460ef0defa04
:108dac00002f00d191e0002200230221fb56404607
:108dbc00009202320ef0d2faba78002a00d08ce07f
:108dcc000122797802230a4203d14b0801214b403e
:108ddc001340002232210092404603320ef0befabc
:108dec000025736803220721404600950ef0b6fa61
:108dfc00337803220821404600950ef0affa337aff
:108e0c0003220921404600950ef0a8fa317801950d
:108e1c0073781422009340460a2309f0f5fa0121d5
:108e2c0040460cf051fb4146a0680bf0cff90028ee
:108e3c002fd040f20432a368109999507a22012164
:108e4c0099542232023999500c3200219d5407b1a9
:108e5c007956a72299540021013a995404320131d0
:108e6c000020995200e0012009b0c0bcb946b046c0
:108e7c00f0bd0220f8e7b7b1002100200cf06cff28
:108e8c0028b138000af044fe002800d03ae7092047
:108e9c00eae70820e8e700930b220023052140466f
:108eac000ef05cfa7ce740f20432109900209950e5
:108ebc00dae742f210720492022203ab0396059693
:108ecc00069607961a721e003fe700230222022123
:108edc00404600970ef042fa82e7009203210522e9
:0c8eec004046fb1c0ef03afa6ae7c04654
:020000040000fa
:108ef800012330b5050089b00c005b42022004a9ab
:108f08000493faf799f9072d00d998e07d4aab0048
:108f1800d3589f4644f6341347f2b861c2f20003af
:108f28005a681b686260002040f2b6122360c0f2e3
:108f380001010df089fb09b030bda37c002b00d0e6
:108f48008ae0a3772b00228a2168049806f05cf94e
:108f5800002800d095e004340ecc049806f0d8fc24
:108f680047f2b86140f26612c0f201010df06cfbe5
:108f7800e1e7237e032b00d18ce00020052b00d1f4
:108f880097e047f2b86140f27d12c0f201010df09e
:108f98005bfbd0e7002104980af0f0fd47f2b861c6
:108fa80040f28412c0f201010df04efbc3e769469e
:108fb800a37822888b758a82237b032b49d0052bc3
:108fc80002d1230010330693a56828000ef058fb41
:108fd800002362680393029346f21d630100c0f206
:108fe8000103019300912b0005a90498fff724fcc5
:108ff80047f2b86140f29e12c0f201010df024fb65
:1090080099e744f6341347f2b861c2f2000340f21c
:10901800a512c0f2010100205c600df015fb8ae783
:1090280044f6341347f2b861c2f2000340f2ac12be
:10903800c0f2010100201c600df006fb7be741f641
:1090480004610020c0f200010af05afc01204042ed
:1090580071e700230693b7e700230021a3770b20cd
:10906800faf7f2fb21000c201e31faf7edfba37f83
:109078009bb301206169faf7e7fb013037d0a57f80
:1090880060e747f2b86140f26112c0f201010df0e9
:10909800dbfa50e744f61903628b617e0024c0f2c4
:1090a80001030193049803230294009400f0c0ff85
:1090b80067e706900790a38b059344f61903628b24
:1090c800617ec0f20103049c019305ab02900093fa
:1090d8002000052300f0acff53e747f2b86140f2e7
:1090e8004f12c0f2010109200df0aefa23e747f252
:1090f800b86140f25512c0f2010109200df0a4fa3e
:0891080019e7c0469071010057
:020000040000fa
:10911000f0b54e46de4645465746e0b544f668167d
:10912000c2f20006984633688b4691468db0002bfc
:109130005ed00123c24680465b4204af04937b604d
:109140003b81bb7280235b05984500d1b5e040f2be
:109150000023994554d84b469bb240f2ff1200932e
:109160004b4600211a4075237b704346180e70232e
:1091700003404046c003800f034350468000034332
:10918000194343464046b9700121db09fb70130abd
:109190000b404000034308ac3b717a71b9710b225c
:1091a000210038003368984710b32089002800d088
:1091b00080e05a4bff302380a3704346b0460193b2
:1091c000c30727d502ab9c461a26664433006425a4
:1091d0004646984605e0a078013dc30718d5002d06
:1091e00052d0012241460020336898470028f2d12e
:1091f000ff200db0f0bcbb46b246a946a046f0bd6c
:109200004b465a0a40f20023082192b20093aae783
:10921000b046cdb3fe2837d14346009d1b68042dd0
:1092200036d821000020ea1c98470028e0d02a0008
:10923000210058460ef0f8fb63199b78a3704a464c
:10924000009b9c46d31a994640f2ff13e34499458c
:109250005ad902ab1a269c46a07864256644002899
:10926000aed133004646984603e0a078013d40b9b0
:1092700055b1012241460020336898470028f4d1b7
:10928000b6e7b046002d9bd14ff600731843b0e708
:1092900059460020009a98470028a9d002ad4346bd
:1092a0000f20ac46032221001b6860449847002829
:1092b000c5d19de740ba80b29be702abdc1d33000d
:1092c00001254e469946082022000021c1f20000e7
:1092d00009f068fba0b923781d4203d1002ef2d11a
:1092e000002086e708204b4600222100c1f2000042
:1092f000b14625701e0009f055fb002800d126e775
:10930000074b184380b274e7019b464698464b468c
:10931000002b00d016e700206be7c046ffffff00e0
:0493200000ffffff4c
:020000040000fa
:10932400f0b545465746de464e46e0b544f6681568
:10933400c2f2000590461a002b688a4691b0002bb1
:1093440000d181e001219200d2b29146c203920f72
:10935400494208ac0492c20908910991d2b2218110
:10936400a1727024039240f20022010e0c404000ce
:1093740002940caec4b2904500d885e04246510a2e
:109384000822049840f2010b024340f2002089b203
:1093940000900cae752008af7870484602430298de
:1093a400797102438020404202430398ba70f870f6
:1093b40001200a0a024022433a71b8710b2231009b
:1093c4003800984700283fd03089002800d0a8e012
:1093d4005b46002b00d19be0fc231a1cd3b2019303
:1093e4004b46009f0594069307902c68042f56d98a
:1093f400019a08ab5a70002102221800a04718b342
:109404003a00002150462b689847e8b1002308aa87
:1094140008a853719371310005222b6805309847d1
:1094240090b11f22b3781a4000923379cbb96424e7
:1094340003e03379013c93b96dd0012200202b68fd
:109444000da998470028f4d1ff2011b0f0bcbb4609
:10945400b246a946a046f0bd35005f464e46002cf4
:1094640059d0009b052b56d14346db1b984640f24e
:10947400ff13ba449845b8d8069b059c99464346c1
:109484000798002be1d02b68424692b240f2ff11bc
:109494000092424640f2000b1140049a7ae7fe2300
:1094a40008aa537008ab3a005146981c0ef0bafa59
:1094b40008aa94463b00002263449a70da70310093
:1094c4006046fa1da0470028bed01f22f3191b795d
:1094d4001a40bb1d9b46f35c0092002bc1d1b146e0
:1094e4003b002a00d9445f464d466424b1469b465e
:1094f400160005e04b46db5d013c002bacd154b1ba
:10950400012229000020336898470028f2d19be704
:10951400fe231a1c62e74ff60070009b03431800f9
:0895240093e740ba80b290e722
:020000040000fa
:10952c00f0b54f464646d646c0b50d00411e040068
:10953c0017001e0088b0033100d9b8e08368002bf7
:10954c0000d1b4e08278002a00d1a9e0002d00d12e
:10955c00afe0002128000cf0fffb002800d1b4e0a4
:10956c00002f00d0abe02822aa5ca368904696227c
:10957c0041469a5a01390a41d20700d497e0792220
:10958c009a5c002a00d0a2e07a229a5c002a00d0d1
:10959c009de0002e00d1a2e03278012a00d986e0ad
:1095ac0045f24411f268c0f201013c3a8a4200d9fa
:1095bc007de040f20432109940f200099950792272
:1095cc000121995419002d33ac31ff337a3a4846b6
:1095dc000a608872ca8110318b42f8d141f61902a7
:1095ec00230000210920c0f201020cf05bf9824635
:1095fc0000286cd02023eb5c0522012100932b006a
:10960c000df090fe4b460222009304214346504637
:10961c000df088fe002f6dd04a4600230221fb5628
:10962c005046009202220df07dfeba780321fb1cfd
:10963c000092504605220df075fe01227978022326
:10964c000a4203d14b0801214b4013400022322126
:10965c000092504603320df065fe0025337c0a2241
:10966c000521504600950df05dfe3378032208214c
:10967c00504600950df056fef36803220921504622
:10968c0000950df04ffe012150460bf0f9fe5146ae
:10969c00a0680af09bfd01235840c000c0b200e056
:1096ac00012008b0e0bcba46b146a846f0bd022085
:1096bc00f7e777b1002100200cf04efb28b1380001
:1096cc000af026fa002800d04de70920e9e7082027
:1096dc00e7e740f20432109900209950e1e745f297
:1096ec008012c0f201020396049605960796069224
:1096fc0003ae5ee7002302220221504600970df0d4
:04970c0011feaae7b9
:020000040000fa
:10971000f0b5de4657464e464546e0b5040087b0f4
:1097200050b1037a012b00d16ee0038d042b0ad0d7
:1097300040f2a051062b08d007b0f0bcbb46b246a1
:10974000a946a046f0bd40f2b4516823e25a063b58
:10975000e35ad3189fb26423e35a9b1a6622a25a93
:109760009bb2974201d3bf1abfb21e1c8b4200d9d5
:1097700078e0b6b2d21b0025964271dc002edbd019
:1097800044f66c1840f2a009c2f200084346b14406
:109790004946186805f0c6fc83460028ccd044f63c
:1097a000e533494601220094c0f2000309f0acfd04
:1097b000814600285ed044236822e35aa25a206fd3
:1097c0009b18227aa1889bb2c019012a63d1e26e4c
:1097d0006d01944652199788042f74d00c35654456
:1097e00040f2100a40f2090c049005960393029689
:1097f000d38848465bba9bb20193534662460093b6
:109800002b0007f047f84ce0c76e4733fe78c35c87
:10981000002e00d190e7f21a9e4200d18ce73978f1
:109820008c46b9785b186146dbb2591a8846904479
:1098300008e04820711c891a01332154dbb2013a37
:1098400000d279e71d009c4502d841468d1aedb241
:109850006901791888880028ebd00e8c4f8c8de731
:1098600096b28be70e1cb6b2d21b0025964200dce6
:1098700084e7f5e744f66413c2f200031b6823b1e2
:1098800041f2c870c0f20000984743465946186834
:109890000bf060fc50e7009032004846019608f05b
:1098a00097fb44f67c13c2f200034946186803f0a4
:1098b00021ff78b16823e25ab6184822e652a35c29
:1098c0000133a35438e70835654440f2040a40f2f6
:1098d000080c89e744f66413c2f200031b68002bee
:1098e000d3d041f61000c0f200009847cde7c04643
:020000040000fa
:1098f000f0b5ce46474680b50c00160085b004286a
:109900005cd0062846d10b783a2b00d181e00121aa
:10991000002540f2070940f2000c49423a2b11d1d0
:1099200000290fda4b466a4661462b405b00d15254
:109930006378621c002b00d18ae0072d24d014002c
:10994000290001352023002200209846235c2f2b7c
:109950005cd9392b27d947463b43dbb21f00613f17
:10996000052f53d8573b12010130d2180428edd1ee
:109970004b466f462b405b00fa52235cabb9002983
:1099800000db80e0072d49d0002005b0c0bcb946ff
:10999000b046f0bd44f69c137c220120c2f20003c5
:1099a0001a604042f1e7303bdde7072decd03a2b5f
:1099b0006bd10130241823780135afe70020002552
:1099c0000023e15c303909291ad8aa005219520043
:1099d00001338d18032bf4d12278302ad4d0ff2df7
:1099e000d2dc3554e25c1ab9033843425841cce723
:1099f0002e2ac9d101330130e4180428dfd1c3e78e
:109a0000002bc1d0012bead00223e5e70028afd11b
:109a1000bae74b783a2bb7d1013478e70027350005
:109a200033006a46103511880232080a18705970de
:109a300002339d42f7d10120002fa6d03200210031
:109a40000c320330fff754ffc317181ac00f9ce7fe
:109a50002900002714004b006b4498464b1b07332a
:109a60006a1c5b00521a6b445200180041460df00c
:109a700025f90722521b002ad1dd00214046520061
:109a80000df0dcffcbe70027e5e72e2b00d07be7ce
:109a9000052d08dc002900da76e7002201356b008d
:109aa000fa520127d7e74f4600236a4601352f4077
:109ab0007f00d353002901da0127b0e722000127f4
:049ac000c8e7c046ed
:020000040000fa
:109ac400f0b5c64600b50500140086b000283fd0a6
:109ad400f2b3866853881779d6b310006b4a1030f6
:109ae400944663449bb2042b32d8694a9b00d358f2
:109af4009f46032f2cd17a23f25c022a28d002221b
:109b0400f25400222233f6500c33f2543200022174
:109b1400a63baa3200f038fd2000320006230b21b8
:109b2400a032183000f030fd2000320001239832ba
:109b34000221203000f028fda6230122f25440f235
:109b44000433f35823b1310028009c310132984783
:109b540006b080bcb846f0bd012ff9d17a23f35c7e
:109b6400022bf5d16b469c1c22000223022100f03b
:109b74000bfdaa23f25a23889a42e9d140f2043316
:109b8400f358002be4d03100042228009c3198477c
:109b9400dee7022fdcd102236b4498460221022324
:109ba400424600f0f1fcaa23f25a43461b889a422b
:109bb400ced140f24833ae68f358002bc8d0237e90
:109bc400082b54d0092bc3d1628b102ac0d801ab07
:109bd400e16902a898461f700df024ff40f2743327
:109be400f1562c3bf458022243462800a047afe725
:109bf400012fadd17a24335d002ba9d06b469f1c75
:109c04003a000223022100f0bffcaa23f25a3b8847
:109c14009a429dd100239822b354325d3355023abf
:109c240051424a4140f2043302215242f3588a43da
:109c34000332002b00d18be7310028009c31984778
:109c440086e7012f00d083e77a23f25c012a00d053
:109c54007ee70022f25440f20433f358002b00d183
:109c640076e7310028009c310332984770e7628b15
:109c7400042a00d96ce701ab98460123414602a8a7
:109c84000b70e1690df0cefea8e7c04600ecffffc3
:049c9400d077010084
:020000040000fa
:109c980070b544f21474c2f20004237882b00d2b1c
:109ca8000dd86e4a9b00d3589f46606806f036fd73
:109cb80001200ef0ddf8012363730133237002b035
:109cc80070bd44f24453e3814623032101202374e9
:109cd80004f0d2f9012360602370f0e76368013370
:109ce80000d1b3e002232370e9e7237b002be6d001
:109cf80003232370e3e7fd23637623002200083360
:109d0800a17b60681932009301230df0b9fa0df0b8
:109d180037fe04232370d2e7a0680af099f90128d6
:109d280000d196e0a0680af093f9013000d18be0e9
:109d38000df074ff0028c2d000200ef051f80df08d
:109d480029fe0c232370bae70a200df06fff0623c3
:109d58002370b4e70df028fe0028b0d00723237045
:109d6800ade723000833a17b60683d4a00930623d2
:109d78000df078fa0df004fe082323709fe7a06821
:109d88000af066f90128cdd10df004fe09232370ed
:109d9800c8e744f6a002a37c617c1b020b43c2f215
:109da80000025bba1380a38a5bba53800a2323702c
:109db80085e744f6a005c2f2000528880df034fabc
:109dc8004ff60071c4f27f7107f0e0ff0021c4f282
:109dd8002f31061c06f06efe0021c4f234210df06e
:109de8008dff48f20001a860c4f29d31301c06f0d6
:109df80061fe0021c4f244210df080ffe86068880c
:109e08000df012fa4ff60071c4f27f7107f0beff31
:109e18000021c4f2fa2106f04dfe0021c4f2c0016f
:109e28000df06cff0b232861237048e744f6a0036c
:109e3800c2f200031a69d96898680df0cffe0123b1
:109e48006373013323703ae70df0a4fd0d232370eb
:109e580035e70df09ffd0523237063e77464010067
:049e6800254700206a
:020000040000fa
:109e6c00f8b50f234546de4657464e460b40e0b547
:109e7c0004000d009846022b50d9102900d0b3e0f5
:109e8c00431c00d1b7e0c778466a002f64d040f27b
:109e9c00000b102340f2081240f2440cb354013a68
:109eac00b35440f20019002240f200087f25a4446c
:109ebc00494640465301f318585419000931ff31f3
:109ecc000d7040f2071140f2010a5d546146504694
:109edc0008c901328c46d9798143d971d97b814328
:109eec00d973032ae4d197b95b4673b10a23e356bd
:109efc00002b0adb1f215a094ef200100b401e39b1
:109f0c009940cef20000920011500123a37300205f
:109f1c00f0bcbb46b246a946a046f8bd431c6ad06d
:109f2c00c378466ac3b140f2000b102d6ad0434689
:109f3c00e3b940f208127f33b354013ab3544246aa
:109f4c0001218133f254636cda798a43da71da7b5a
:109f5c008a43da73e778c6e7a37b012b33d00df085
:109f6c0019ff022837d87f204042d1e76db25b0140
:109f7c00002d1adb40f20011f31807265a5cb2438d
:109f8c005a54052207315a540933ff331a70434689
:109f9c00012110339b00e3185b68ed0fed005b199a
:109fac00da798a43da71e7789de740f20012702182
:109fbc00f618b35c8b43b3540a230732b3540936f7
:109fcc00ff363370e3e700230a20a37320560bf00f
:109fdc0063ff8346a9e70df0d7fe40f66841c0f257
:109fec0000010cf023febee70df0d4fe02280bd8c6
:109ffc007c2040428ce70df0cdfe02280dd87d2050
:10a00c00404285e7e77844e70df0befe40f6ac3100
:10a01c00c0f200010cf00afeeae70df0b5fe40f6c6
:0ca02c000841c0f200010cf001fee8e762
:020000040000fa
:10a03800f0b546464f46d646c0b5441e05000f004b
:10a0480090461e0082b0033408d8806830b140f2d0
:10a058000209dc1e4b469c43e4b23cb102242000ba
:10a0680002b0e0bcba46b146a846f0bdab78002bba
:10a078006fd040f26423c35c012b01d00824eee7c3
:10a0880040f2602340f2682c0b9a0021c2500c9acf
:10a098005033c250482260440df0ccfc40f25c22a0
:10a0a80040f27821ab689e545c3aff3ac0f2011244
:10a0b8005a5040f27c22494699540a9b002b00d101
:10a0c80087e0032ecad040f63d622b0000210d2008
:10a0d800c0f201020bf0e8fb81460028ced0002236
:10a0e800002108f0ddfa0a9b1b68a3bb0a9b1b89a9
:10a0f800002b56d10a9b5b68002b45d10a9b5b89d4
:10a10800abbb40f25c22ab689a5c052a56d040f2a1
:10a11800000a5346022206210093484643460df0a2
:10a12800e7f85346022208210093484633000df011
:10a13800dff8390048460bf081f94946a8680af06b
:10a1480047f800289ad040f264230221aa68d15423
:10a1580085e7012483e7032211214846009407f08c
:10a16800edfe01221121484608f09afabee70022c6
:10a17800222100924846033207f0e0fe0122222104
:10a18800484608f08dfabce700222721009248468d
:10a19800033207f0d3fe01222721484608f080fa4f
:10a1a800ace70022212100924846033207f0c6fea0
:10a1b80001222121484608f073fa9be740f2f82271
:10a1c8009b5c002ba3d001222621484608f068faa0
:10a1d8009de740f63d622b0000210520c0f20102f8
:10a1e8000bf062fb8146002800d147e700220021de
:08a1f80008f056fa85e7c046a5
:020000040000fa
:10a20000f0b40125ed070f005f405ad48b4200d116
:10a21000824205d950404240504059404b4059403d
:10a220004e18760ddf187f0d3bd0741c640529d0c5
:10a23000f41b352c26d80e0ddb022b43db0ac9029a
:10a240002943c9121700202c1ed2e741e240574093
:10a25000e3415a40a340e3405a400024801859414a
:10a260000ad3b21c520521d0c207012f6241170048
:10a270004008cb0718434908013636054208af416c
:10a2800060417141f0bc7047203c06d01f00e7419f
:10a29000e3405f400024012a6741c0186141ebd3cd
:10a2a000dfe7002eeed129400020ebe70136310533
:10a2b0000020e7e7e742e5d10020c143090dc904ca
:10a2c000e0e76b400e00871a9e4104d26e40c01b2f
:10a2d000b141d21973414e18df18ac0ae642e9d2f7
:10a2e000760d7f0d31d0f41b362ccbd8b4460e0d35
:10a2f000db022b43db0ac9022943c90a012c32d8ed
:10a3000004d1d4075208df073a435b08ef0a6442de
:10a31000904199411ed0002239424dd1241940412b
:10a3200049410124394204d10134001849413942dc
:10a33000fad06246a24204d9361b013e360589197d
:10a34000a0e7f10ac90700209ce736429ad1002015
:10a35000002197e70200224394d0b842ded20100e8
:10a3600020002024e3d1202c13dd203ce241170003
:10a37000a240e2405740e3415a40a340e3405a40e4
:10a38000012fbf410137174300227c429841914180
:10a390000ce01700e741e2405740e3415a40a34038
:10a3a000e3405a407c429041994100220f0303d27e
:10a3b000013e241940414941013e36054708ac4160
:08a3c00050417141f0bc7047ef
:020000040000fa
:10a3c800f0b5c64600b50500140084b090b18ab156
:10a3d8008668538812796eb1200041f2012110304d
:10a3e8008b420bd001318b423ed002398b4201d1d6
:10a3f800022a60d004b080bcb846f0bd022af9d168
:10a408006b469f1c3a000223022100f0bbf801ab07
:10a4180098462000062342460b21183000f0b2f877
:10a428000123424641462800937109f0eff80400e1
:10a438007bd00df0b1fc002800d08be0ff23e37245
:10a44800002323733b880722e38141462660201db1
:10a458000df0e6fa40f20433f358002bcad002227a
:10a46800210028009847c5e7022ac3d16a4602237b
:10a478000221023200f086f8200001af06233a00dc
:10a488000b21183000f07ef8012339002800bb7139
:10a4980009f0bcf8040066d040f20433f3581bb14d
:10a4a8000100002228009847012300225b42236014
:10a4b800a272e3819ee740f26433f358002b99d0ef
:10a4c8006b469f1c3a000223022100f05bf801aba7
:10a4d80098462000042342460821183000f052f81c
:10a4e8000024aa68210151180b00ac331b68013302
:10a4f80017d00b00b6331b789bb123000b331b011d
:10a50800d21852893b889a420bd10722b03102a84f
:10a518000df086fa40f26433424600212800f358d1
:10a5280098470134082cdcd164e70021280009f0a1
:10a538006df8040000d081e70df02efc002800d152
:10a5480058e70df023fc41f6d041c0f2000109f0b4
:10a55800d7f94fe70df01afc41f6a041c0f200010f
:10a5680009f0cef96ae70df017fc002800d141e7a1
:10a578000df00cfc41f6f041c0f2000109f0c0f901
:04a5880038e7c046aa
:020000040000fa
:10a58c00f0b54746ce4680b58046894617001d007b
:10a59c0083b0002a51d01a00002138000df048fa7f
:10a5ac004346002b49d01a780c2a33d841f21e436b
:10a5bc0018000121d040014253d048460c2842d803
:10a5cc00c34019423fd043465b68022a00d1a5e044
:10a5dc0040f2000c4946042900d196e042465088ce
:10a5ec003e00421e9b189db12c00002852d0401bef
:10a5fc00591b80b203e003199bb2002b4ad00a5db1
:10a60c000136731e1a70013cf5d14b46042b58d001
:10a61c00280013e04a4546d143465a88aa4200d145
:10a62c0082e044f66413c2f200031b682bb141f2c2
:10a63c0084202900c0f200009847002003b0c0bc61
:10a64c00b946b046f0bd44f66413c2f200031b6871
:10a65c00002bf2d041f2e0104946c0f200009847be
:10a66c00ebe7531f012bd5d84b46053b012b3ed8ae
:10a67c0043465a88aa4233d944f66413c2f2000303
:10a68c001b68002bd9d041f24c202900c0f20000ed
:10a69c009847d2e72200614630000df0c9f94b46cd
:10a6ac00042bb5d10de044f66413c2f200031b6811
:10a6bc00002bc2d041f2bc204946c0f200009847a2
:10a6cc00bbe743461a78019b042a34d04ff6ff723d
:10a6dc009342b2d83b8001235b4228007b80ade7dc
:10a6ec00596838000df09af943465888a6e744f6a5
:10a6fc006413c2f200031b68002b9ed041f214209d
:10a70c004946c0f20000984797e74146488801ae99
:10a71c00441e1b19002d00d066e7d4e71978c9092f
:10a72c004942c9b28c4655e72a00380059680df0e9
:10a73c0075f9280082e71a0c28003a807b807de7a7
:020000040000fa
:10a74c00f0b5de4657464e464546e0b5bff35f8f43
:10a75c0062b64ef2001340f20031ff25c024cef257
:10a76c0000035a58aa4322435a5001271f60c020a5
:10a77c005a58614e0004324002435a5040f2040bc6
:10a78c005a461a6040f2043c624661469a5832407e
:10a79c0002435a5040f2400a52461a60c0226046a8
:10a7ac00595812060902090a1143195040f280093e
:10a7bc004946196040f20c3c614660465958090202
:10a7cc00090a1143195048f20001196040f2103c7b
:10a7dc00614660465958a9432143195080214902ca
:10a7ec00196040f2143c614660465958a943214314
:10a7fc00195080214903196040f21c3c61466046a7
:10a80c0059580902090a1143195080210906196087
:10a81c0040f220315858a843204358505f604cf206
:10a82c00000c5f58354880460740604607435f5030
:10a83c0002275f60c0205f580004374007435f5019
:10a84c00584658605f583f023f0a17435f50082133
:10a85c00596040f224315f58af4327435f501027b3
:10a86c005f6040465f580740604607435f502027b3
:10a87c005f60c0205f580004374007435f5050466c
:10a88c0058605f583f023f0a17435f504846586074
:10a89c0004315f58af433c435c5040f200145c60a1
:10a8ac0040465c580440604604435c5040f200242f
:10a8bc005c60c0205c580004344020435850d831b0
:10a8cc00596040f2383044461958214064462143bf
:10a8dc001950802189045960043019580902090a59
:10a8ec000a431a50802109065960f0bcbb46b24697
:10a8fc00a946a046f0bdc046ffff00ffff00ffffca
:020000040000fa
:10a90c00f8b50f26ce4647460e4080b5022e00d92c
:10a91c00b2e01c0040f2f835083ca4b2ac4200d9bd
:10a92c00aee0441c00d1aee0476a082b00d1a0e099
:10a93c000025082464000135a4b2edb2a342f9d875
:10a94c00e0242d07e4052540a94634001034a4006a
:10a95c0004196468002a41d04db2c909ac46cd0037
:10a96c00a846444440f20008454625600125a84607
:10a97c004546a380e379a2712b43e3716346002b18
:10a98c005ddb40f2070c40f20014654647f6b46cf0
:10a99c007301fb181f5dc0f2010caf4365461f55d8
:10a9ac0052001f5d525d3a431a5540f20512c03ced
:10a9bc009c547600761836018019436d3e4a13403c
:10a9cc004a464365436d13434365436d5b005b0827
:10a9dc0043650020c0bcb946b046f8bd0126a38033
:10a9ec00a381e37be1793343e37340f200133143fa
:10a9fc00a271a273e1712260a260fa541132fa546e
:10aa0c00436d2d4a13404365436e13404a464366db
:10aa1c00436d13434365436e13434366036913222b
:10aa2c00036543690366436d5b005b084365436ed6
:10aa3c005b005b08436640f20913fa54c9e740f225
:10aa4c00700c40f2001465467301fb181f5d520038
:10aa5c00af4347f6b465c0f20105ac461f556244de
:10aa6c001f5d52783a431a5540f20412803c9c54b4
:10aa7c009fe740f2000968e70df08cf9022809d82d
:10aa8c007c204042a6e70df085f902280bd87d20ea
:10aa9c0040429fe70df078f940f25861c0f2000196
:10aaac000cf0c4f8ece70df06ff940f2b461c0f2b1
:0caabc0000010cf0bbf8eae7ffffff8f81
:020000040000fa
:10aac80040f6004270b5c4f20022937dabb144f267
:10aad800b853c2f20003986a518b022489070dd536
:10aae8002022ff21995401329c5420215a5c52b2f1
:10aaf800013229d05a5c062a11d070bd0121558b2c
:10ab08002942edd104252e00548b264025422fd012
:10ab18002022ff219954012101329954e5e70022ae
:10ab28005a5421215a5440f600413024c4f20021dd
:10ab38009b320a764a8b2240102afbd15a6a002a95
:10ab4800dbd05b6a9847d8e700225a5440f60041a8
:10ab5800c022c4f200214c68920222434a60ca69aa
:10ab6800002afcd19b320a765a6a002ae9d1c4e746
:10ab780020241c5d65b2032c1fd0042d2fd0022d7c
:10ab8800b3d11d699c88a4b2b5b39b219e61de61d7
:10ab980011765168384d29405160d1690029fcd19e
:10aba800042520315d5440f6004164005462c4f22b
:10abb8000021ca69002afcd197e7dc695969013983
:10abc800a14240d040f60041c4f20021ca69002adf
:10abd800fcd1896ada6811550134dc6185e79c6922
:10abe8001d69a54222d09968095d01349162d16935
:10abf8000029fcd19c6178e79b219d61dd6111767c
:10ac080051681d4d29405160d1690029fcd10325a7
:10ac180020315d54610001242143516240f6004116
:10ac2800c4f20021ca69002afcd15ee75c69b4b1ac
:10ac38009c88640021435162d1690029fcd12022fb
:10ac48000331995451e7e0215568c90229435160fd
:10ac5800d1690029fcd1202206319954b2e7c021dc
:10ac68005468890221435160d1690029fcd120220e
:0cac78000631995439e7c046fffffbff8e
:020000040000fa
:10ac840040f2004270b5c4f20022937dabb144f2ad
:10ac9400e453c2f20003986a518b022489070dd54c
:10aca4002022ff21995401329c5420215a5c52b233
:10acb400013229d05a5c062a11d070bd0121558b6e
:10acc4002942edd104252e00548b264025422ed056
:10acd4002022ff219954012101329954e5e70022f1
:10ace4005a5421215a5440f200413024c4f2002124
:10acf4009b320a764a8b2240102afbd15a6a002ad8
:10ad0400dbd05b6a9847d8e700225a54c022490135
:10ad1400c4f200214c68920222434a60ca69002aa4
:10ad2400fcd19b320a765a6a002aead1c5e720246c
:10ad34001c5d65b2032c1ed0042d2ed0022db4d17f
:10ad44001d699c88a4b2adb39b219e61de6111761e
:10ad54005168384d29405160d1690029fcd104253e
:10ad640020315d54640049015462c4f20021ca696f
:10ad7400002afcd199e7dc6959690139a14240d024
:10ad840040f20041c4f20021ca69002afcd1896a58
:10ad9400da6811550134dc6187e79c691d69a542b5
:10ada40022d09968095d01349162d1690029fcd1ee
:10adb4009c617ae79b219d61dd61117651681d4d8f
:10adc40029405160d1690029fcd1032520315d540b
:10add400610001242143516240f20041c4f2002188
:10ade400ca69002afcd160e75c69b4b19c8864003c
:10adf40021435162d1690029fcd1202203319954a5
:10ae040053e7e0215568c90229435160d1690029fb
:10ae1400fcd1202206319954b2e7c021546889023a
:10ae240021435160d1690029fcd120220631995473
:08ae34003be7c046fffffbfff6
:020000040000fa
:10ae3c00f8b54e464546de465746e0b50f260e4061
:10ae4c0004000d00022e00d9ace0431c00d1b0e090
:10ae5c00330010339b00c3185b68476a9946c3786c
:10ae6c0083b9827b012a00d18ce00cf093ff02287d
:10ae7c0000d98ee07f204042f0bcbb46b246a946ca
:10ae8c00a046f8bd40f20008002e44d140f2041355
:10ae9c00f722fa540333783afa544b46db797d3a6d
:10aeac0093434a461568d37145b1fc36eb682e7254
:10aebc000bb128009847ad69002df7d14a46002305
:10aecc001360d37b022293434a469568d37345b1f2
:10aedc00fc26eb682e720bb128009847ad69002d4b
:10aeec00f7d100234a469360e37893b9434673b194
:10aefc000a23e356002b0adb1f215a094ef20010dd
:10af0c000b401e399940cef20000920011500123e3
:10af1c00a3730020b0e76bb2ed09ed00a9449a468b
:10af2c004b460222db7993434a461568d37155b1df
:10af3c0040f2fc0b5b462b72eb680bb12800984778
:10af4c00ad69002df6d100234a46136053467601b5
:10af5c00002b0bdb40f2041310222021bf19fa54f2
:10af6c00f732b954073aff3afa54bde740f20413ea
:10af7c0020224021be19f254e732b154063aff3a6e
:10af8c00f254b1e783730a2020560af085ff8046fd
:10af9c007ae70cf0f9fe40f63871c0f200010bf0c4
:10afac0045fe67e70cf0f6fe022809d87c204042eb
:10afbc0062e70cf0effe02280bd87d2040425be7e5
:10afcc000cf0e2fe40f67461c0f200010bf02efeb4
:10afdc00ece70cf0d9fe40f6d461c0f200010bf0a6
:04afec0025feeae76d
:020000040000fa
:10aff00070b544f28044c2f200042378082b05d8cf
:10b00000654a9b00d3589f460123237070bd0cf006
:10b0100089fd20286ed042f6582105225f48c0f2f3
:10b0200000010cf001fd08232370efe70cf07afd1e
:10b03000402800d1a4e042f6582105225748c0f22a
:10b0400000010cf0f1fc0123a3702370dee76378ac
:10b05000002bdbd002232370d8e70cf063fd050042
:10b060004e48012d00d181e042f658210522c0f260
:10b0700000010cf0d9fc03232370c7e70cf052fd4c
:10b08000022867d042f6582105224448c0f2000148
:10b090000cf0cafc04232370b8e70cf043fd04282d
:10b0a0004cd042f6582105223c48c0f200010cf079
:10b0b000bbfc05232370a9e70cf034fd082831d030
:10b0c00042f6582105223548c0f200010cf0acfcd4
:10b0d000062323709ae70cf025fd102816d042f6bf
:10b0e000582105222d48c0f200010cf09dfc0723d9
:10b0f00023708be742f6d8210f222848c0f20001c6
:10b100000cf092fc0123a37023707fe742f6c82164
:10b110000f222248c0f200010cf086fc0123a3702c
:10b12000237073e742f6a82120221c48c0f20001d8
:10b130000cf07afc0123a370237067e742f68421a8
:10b1400022221648c0f200010cf06efc0123a3700d
:10b1500023705be742f6602121221048c0f2000113
:10b160000cf062fc0123a37023704fe742f64821e4
:10b170000f22c0f200010cf057fca570257045e7c6
:10b1800042f6e82115220548c0f200010cf04cfc03
:10b190000123a370237039e7247001008344002049
:020000040000fa
:10b1a000f0b50f000600140000225d4b87b0921925
:10b1b0007b41009201935b49019b8b4200d9ace03b
:10b1c00004d1594b009a9a4200d9a6e00121574870
:10b1d0004942801979410023554a0af09bfa06003a
:10b1e0000f00151e06da524bed1801225242d317fa
:10b1f000b6185f41032000210722801979410023fe
:10b200000af088fa131e009201da07330093002334
:10b2100030003900474a0af07dfa002a02da454b2d
:10b220000138d21848f6ac6192fbf1f1042900d143
:10b23000013940f2b553404e4e43b61896fbf3f336
:10b24000192b00d1013b40f26d173c4a5a43921929
:10b2500092fbf7f7042f00d1013f394e7e43b61819
:10b26000002202922fb90132029213b94a424a4196
:10b270000292320040f2311c333aff3a05926645a1
:10b2800005dc40f23b0c029ab4446244059264220d
:10b290004a439b00db199b180293db1740f2901284
:10b2a0000393c11700230af057fc029a039b00275f
:10b2b00080185941234bfb5cb3422bdd092f04dd81
:10b2c00001220023801859410c3f00231e4a121806
:10b2d0004b4102920393039bfbb940f6106295fb2e
:10b2e000f2f2a2603c226430606195fbf2f090fbc8
:10b2f000f2f151434243009b411aa361059b02377f
:10b300000136ad1a03982761e660e361616025604c
:10b3100007b0f0bdf61a0137cce701204042f7e74d
:10b320008042f100ff84e201007b1dfe80a243c742
:10b3300080510100b13a02005471ffff4bfaffff48
:0cb3400093feffff9c7e01006400008073
:020000040000fa
:10b34c00f0b54e464546de465746e0b583b08846d6
:10b35c000ca9140004c9814609780191c16800291f
:10b36c0000d17fe0cd78002d00d174e088784601c3
:10b37c008e19b7888246afb94846368c8088013d15
:10b38c00861b48468680478050460e780130c0b2f6
:10b39c00361a771ebe417642edb23040cd708870c1
:10b3ac00002d5cd013b1002a00d089e04b46db683d
:10b3bc0040f2000b9a78510159180e8ca64200d31a
:10b3cc0069e0019900295ad04b469f885c88002e71
:10b3dc0000d182e04b4640f2000ada88151bb542d8
:10b3ec0000d9350043464bb14b4619692a004046fb
:10b3fc0009190cf013fb4b46da88a844abb21c19a4
:10b40c00ff1aa4b2bfb2944201d3a41aa4b2aa44a4
:10b41c00761be3d15b4643b19bb21c19ff1a4b461a
:10b42c00db88a4b2bfb2a3423cd9019b13b94b46f3
:10b43c005c809f800e9b33b14b46db68002b47d062
:10b44c005a460e9b1a60504603b0f0bcbb46b2463f
:10b45c00a946a046f0bd0e9b0bb10e9b1d6040f2a1
:10b46c00000af0e787883e00a7421ed84b4640f200
:10b47c00000b40f2000a5c88002eabd1d5e7d978de
:10b48c0001320139d9701978d2b29a7091429bd19c
:10b49c00019a9a7098e7311b8b4601992600002976
:10b4ac00edd091e7e41aa4b2bfe74b4640f2000b93
:10b4bc0040f2000a26005c88002e00d08ae7b4e730
:10b4cc00887840010430091818000cf0a7fa6de7d1
:10b4dc004b460e9a9b881360b5e740f2000a99e739
:020000040000fa
:10b4ec00f0b50400150099b028b1022b05d0032b40
:10b4fc005fd0012b42d019b0f0bd1e9b002bfad0af
:10b50c008368002bf7d041f201121e9909889142f1
:10b51c00f1d140f2a0151e9a5b595688002bead047
:10b52c00507a0028e7d0d16804aa0af0b5fb0028ad
:10b53c00e1d0022303aa190004a8fff721f81e9bef
:10b54c005b7a022b00d180e0032bd4d1002ed2d019
:10b55c000e22013b19006a4408a8fff711f86b464c
:10b56c00197b0023a2680093a133ff33d5580e2218
:10b57c00a03b2000ff3b6a44a847bce740f24c12ba
:10b58c0083689a5c62b11a00002602e01a00012658
:10b59c00083240f25011505885423bd0012e04d055
:10b5ac0040f254129a5c002af0d128000af040feb6
:10b5bc00a1e71e9b002b9ed08368002b9bd041f2f1
:10b5cc0001131e9a52889a4200d094e71e9b1b7955
:10b5dc00022b00d08fe71e98023304aa04211030ee
:10b5ec00fef7ceff6b461e9812229b5e183001337d
:10b5fc0023d00e256d4402232a000321fef7c0ff41
:10b60c006b4612215b5ea268ac335b00d3182a88b0
:10b61c00da8070e70020505040f2a0129f583fb1e2
:10b62c0001230022009320000023711cb847a3685b
:10b63c0040f2a01200219950b0e7a26801235d32bc
:10b64c000221ff32fef79cff55e76b46a268197b7f
:10b65c00555976b940f25c130120d35c5f320090ef
:10b66c00ff322000a84740f2a0130021a268d1505d
:10b67c0041e70022200013000092a847f3e7c046e0
:020000040000fa
:10b68c00f0b5140083b0bab115005388117940f2ab
:10b69c0000521035934211d0013293420cd1022941
:10b6ac000ad944f67013c2f200031e6826b133683f
:10b6bc00628c9a4200d16ae003b0f0bd0229fbd93a
:10b6cc00280044f670150423022101aac2f20005d9
:10b6dc00fef756ff2e68002eeed044f6b403c2f2ed
:10b6ec0000031f68002fe7d03368628b9a42e3d1c6
:10b6fc003100e06911310bf003ff0028dcd17368d5
:10b70c00002b76d01e00db69002bfbd11c363020c1
:10b71c00b847306000286ad0002130220cf088f93c
:10b72c00336828681a0020325a610022da613268c4
:10b73c0083689360013b591e8b410a215b428b430a
:10b74c001133d3602023e15c082942d0092952d05f
:10b75c0044f66413c2f200031b6823b141f6540093
:10b76c00c0f200009847012300212a68d18144f6d9
:10b77c007812c2f200021468002c9dd044f67412a8
:10b78c00c2f20002106801390922a04794e7310087
:10b79c00606a11310bf0b4fe002800d08ce7320047
:10b7ac000223012128000e32fef7eafe44f678133c
:10b7bc00c2f200031c68002c00d17de744f6741320
:10b7cc000121c2f200031868092201234942a04753
:10b7dc0072e71c3b083153601161526913808189f7
:10b7ec002000518020300821d218fef7c9fe00231a
:10b7fc00bae704368be706231331116153605269a3
:10b80c001339138083892000538020301023083291
:08b81c00fef7b6fe0023a7e7ca
:020000040000fa
:10b82400f0b5de4657464e464546e0b5a7b00c0097
:10b834000b920a93042800d18de006280dd044f61b
:10b844009c137c22c2f200031a60002027b0f0bcd3
:10b85400bb46b246a946a046f0bd44f6d4010c222c
:10b864002000c2f200010bf04ffe83462378627879
:10b874001b029c46637b94449946a37ba27898461a
:10b88400e37be5789a465b46120255192279617981
:10b8940012025218a179e079277a09020918607a0c
:10b8a4003f023f18a07ae67a00028019267b0dac8d
:10b8b400002b69d15346089343460192079341f6fe
:10b8c40030224b4604900693029163466421200083
:10b8d400059603970095c0f200020bf019ff237838
:10b8e40063b3270040f2000a0225002641f65021e6
:10b8f4003800c0f2000107f031fb854201dab2469c
:10b9040005007b780137013633b13a2beed07b78d2
:10b9140001370136002bf8d1032d0fdd3a235246af
:10b92400a354a218537053462900f21a521b5144cf
:10b93400981c0132611820180bf0bef920000bf09e
:10b94400a1fe0a9b984218d2421c21000b980cf0cd
:10b9540069f80b987ae7ca780b7802928a780a9c7d
:10b9640001924a780b98009241f60c222100c0f211
:10b9740000020bf0cdfea042ebdb44f69c131c222c
:10b98400c2f200031a6060e743461b029846d044a3
:10b994004346019241f6182236024e44069304901f
:10b9a4000291634664212000059603970095c0f236
:08b9b40000020bf0adfe92e76a
:020000040000fa
:10b9bc00f8b560b944f2b824c2f20004237c022b1f
:10b9cc0032d005d8bbb12379002b00d079e0f8bd7b
:10b9dc00042bfcd123795bb901225242d31722628a
:10b9ec00636201232932a3540132a3543132a3548c
:10b9fc0001232374ebe723680133f9d1002009f00c
:10ba0c00d9ff0228e3d10321002007f0bdf8206004
:10ba1c00431cdcd043f23d110022c0f2010109f0bd
:10ba2c002bfe01232374d2e723796bb92822012042
:10ba3c004042c1170133a3540132a3543132206266
:10ba4c0061622374a354c2e72823e25c3233e15cc5
:10ba5c00a2b3e76a0129bad1226be0549fb100204e
:10ba6c00256d06e0a26b01305655236587425ed0ea
:10ba7c001d00216c6b1c8b428941226b0b40616d4c
:10ba8c00165c9942eed128230021e1542100293b78
:10ba9c002362e068a368203102f04efed0bb236a1b
:10baac00013337d000225a23e2545832a25cfab147
:10babc002922a25ce2b90132e25488e70129f1d0d3
:10bacc0085e720680af098fc022829d14023a3605e
:10badc0028220021a1542100226be068203102f0c1
:10baec002bfea0b9236a013311d0022323746ee715
:10bafc002923e25c1ab10022e2542f33e25406f0ff
:10bb0c0007fd5a230122e254002800d05fe70423ea
:10bb1c0023745ce75a230122e254563b237456e704
:10bb2c0020680af069fc012803d0a368d0e7226bd7
:0cbb3c00a9e740f20023a360cae7c0465e
:020000040000fa
:10bb480030b544f67404c2f20004237883b0102b95
:10bb580007d85d4a9b00d3589f460bf049fd012347
:10bb6800237003b030bd0bf01ff910232370f8e7e2
:10bb78004af20003c0f28003d86865696060196cf6
:10bb8800a1605a6ce2609b6c236100950bf060fd2c
:10bb980001232370e5e70cf059f80028e1d00020d4
:10bba8000cf030f903232370dbe70bf0adfa032325
:10bbb8002370d6e701200cf02bf904232370d0e77b
:10bbc8000cf04cf80028ccd000200cf021f9002013
:10bbd8000cf024f90bf070fe05232370c1e7012057
:10bbe8000cf004f906232370bbe70cf027f80028b3
:10bbf800b7d000200cf0faf800200cf0fdf80bf09c
:10bc08005bfe07232370ace701200cf019f9082329
:10bc18002370a6e70cf04af80028a2d000200cf008
:10bc28000ff900200cf012f90bf046fe09232370df
:10bc380097e7637893b901200cf00ef90bf03cfefe
:10bc48000a2323708de70cf039f8002800d188e723
:10bc580000200cf001f900200cf004f90bf02cfe88
:10bc68000b2323707de701200cf0aef80bf024fec7
:10bc78000c23237075e70bf0a1ff002800d170e7b3
:10bc880000200cf0a1f800200cf0a4f80bf014fe32
:10bc98000d23237065e701200cf0c6f80bf00cfead
:10bca8000e2323705de70bf0e9ff002800d158e769
:10bcb80000200cf0b9f800200cf0bcf80bf0fcfdeb
:0cbcc800102323704de7c0468c5a010089
:020000040000fa
:10bcd400f0b54746ce4680b5040001380e00170083
:10bce4001d0089b0033050d8a368002b4dd0002d1f
:10bcf4004bd0a2784ab140f24c329b580a2033b15f
:10bd040009b0c0bcb946b046f0bd0120f8e744f222
:10bd1400f96223008021c0f20002063809f0c6fd52
:10bd24008046002845d0042f45d030d8022f16d0a5
:10bd3400032f27d12b78db0724d5002301936b78bd
:10bd44000a2200933100022306f062fb4146a068f8
:10bd540008f040fa01235840c000c0b2d0e72b7865
:10bd64005b070fd51835112128000bf0bbfc1128f7
:10bd740008d001900523032231004046009506f0c7
:10bd840047fbe3e740460bf0ebff0220b8e7052f43
:10bd9400f8d12b789a071fd45b07f3d510234035cd
:10bda40001933e22310040460095073b06f030fbec
:10bdb400cce70820a4e72a78d3439b073ad017425c
:10bdc400e0d004230c35019329223100404600952c
:10bdd400043306f01dfbb9e7290003af1022183124
:10bde40038000bf01ffe282340f21109eb5cf0220f
:10bdf4003b744b46310001939203083b4046009745
:10be040006f006fb290010222c3138000bf00afe44
:10be14003c23eb5c01223b744b46310001934046ca
:10be2400083b0097c0f23c0206f0f2fa2b785b075d
:10be34008cd5b3e7ab686a6804930823019303ab1a
:10be44000392009328220823310006f0e1fa2b78ac
:08be54001f4200d17ae7b4e7b8
:020000040000fa
:10be5c0006d128b9f54203d800d30ab96d0d09d122
:10be6c000020c143090dc904f0bdf9d11242f7d12c
:10be7c00640df5d00020c14349054908a6e0002017
:10be8c006146f0bdf0b50127ff070e005e403e4055
:10be9c00b446be0a4c18dd18f442d9d2f542e4d2ad
:10beac00640decd06d0dead06419c9023943460d0e
:10bebc00c0023143db023b43db0a10b48e4685b231
:10becc0097b26f43140c6c433e0ca419260c24043b
:10bedc00bfb227439cb26c43a419190c6943250cbf
:10beec00a4b249190d04090c6419000c95b2454310
:10befc003e0c76193743bfb2360c150c4543ad19c1
:10bf0c00a6b2240cad192e0437432e0c36199db253
:10bf1c004543ad19acb22e0c89191d0c45436d1857
:10bf2c002e04290c3443704680b295b245433e0c26
:10bf3c0076193743bfb2360c150c4543ad19a6b272
:10bf4c00ad19240c2e0437432e0c36199db24543e3
:10bf5c00ad19acb22e0c89191d0c45436d182e046d
:10bf6c003443290c75462d0c90b268433e0c801955
:10bf7c000604bfb23e43070ca0b23f18120c6a4332
:10bf8c00d019020c80b2240ca4189ab26a4312196c
:10bf9c0014042043120c89181b0c6b43c91810bcd9
:10bfac0001273d05294203d1b61940414941013cc5
:10bfbc00ff077d0d013d641b0bdb6d00ac4209da04
:10bfcc00240500254208be41684161416646314363
:06bfdc00f0bd54e74ee742
:020000040000fa
:02bfe2007047a6
:020000040000fa
:10bfe400f0b5c64644f2106340f6000200b5c2f252
:10bff4000003c4f20022586a917d002949d0072425
:10c004005568596925409e699c68a446147e640756
:10c0140010d5976adc688c420cd94c1ca0465c682d
:10c02400002d56d167540121147e214257d0117539
:10c03400414633e040f600020124c4f20022177e98
:10c044003c4229d142f66704c2f20004257840f646
:10c0540000025961c4f200229e61127e920711d53a
:10c06400bdb1da688a420ed140f6000100220725ec
:10c07400c4f200211a770d7522701a6a4ab11b6a3c
:10c08400984725782db140f600030222c4f200231c
:10c094009a7580bcb846f0bd14754dbb9a68b2421f
:10c0a40033d91a68945d40f60002c4f20022946207
:10c0b40001361a690ab9664542d0da688a42c1d1a2
:10c0c40040f600020124c4f200229475033414756e
:10c0d400b8e749000f530121147e214206d142f6ec
:10c0e4006704c2f2000441462578b0e71175414661
:10c0f4009a68b24216d91a687400a45a40f600022b
:10c10400c4f2002294620136d3e71a69002ad0d01f
:10c1140040f60002ff24c4f2002294621a69013a34
:10c124001a61c6e71a69002ac3d040f600024ff626
:10c13400ff74c4f2002294621a69013a1a61b8e7e2
:10c1440042f667040132c2f200042270d20259613d
:10c15400c4f200229e61127e920700d581e792e725
:020000040000fa
:10c16400f0b54546de4657464e46e0b504000d00a0
:10c174000e2383b000282adc49b3098804293ad065
:10c184000e33062938d044f24c1360010619c2f26a
:10c194000003b600f35c8346d8072fd544f24c1055
:10c1a400c2f200008046b04440468088e8b15b0794
:10c1b40026d40820434607007e331b881f401842bc
:10c1c40000d07ee0022399437a3304291ad044f63e
:10c1d4009c120120c2f200024042136003b0f0bc82
:10c1e400bb46b246a946a046f0bd5322db07db1787
:10c1f40093435f33ebe710239a42c4d20e23e6e75e
:10c204008523e4e744f24c133000c2f2000399465c
:10c21400283048442900076047608760c760076189
:10c22400476187610bf0fefb404600f0e5ff002804
:10c2340049d044f66c1ac2f2000a534680211868a9
:10c2440002f06eff814600283dd04346009344f639
:10c25400e53301228021c0f2000307f053f8804641
:10c2640040b32b88042b30d044f24c131025092200
:10c274003036c2f20003f31844f24c112000c2f22b
:10c2840000018c465844800060448188408d0095ac
:10c2940040ba80b20190404608f07af944f67c1323
:10c2a400c2f200031868414601f022fa96230028de
:10c2b40000d08ce753464946186808f049ff4d23df
:10c2c40085e7922383e70c2381e744f24c132c3651
:0cc2d400c2f2000304250822f318cde795
:020000040000fa
:10c2e000f8b50f24ce4647460c4005000e0080b539
:10c2f000022c00d990e0431c00d194e0436a984698
:10c30000230010339b00c3185f68c37873b9827b26
:10c31000012a00d170e00bf043fd022800d972e041
:10c320007f204042c0bcb946b046f8bd40f200098b
:10c330008cb30834640176b24444002e58db1022da
:10c340006271002f52d03c6844b1fd26e36826722a
:10c350000bb120009847a469002cf7d100230222da
:10c360003b60fb791343fb71eb7893b94b4673b198
:10c370000a23eb56002b0adb1f215a094ef200104c
:10c380000b401e399940cef200009200115001235b
:10c39000ab730020c6e740f2051320224146ca5481
:10c3a000103aca5417b33c6844b1fd26e3682672bc
:10c3b0000bb120009847a469002cf7d1002302227a
:10c3c0003b60fb79bc681343fb7144b1fd26e36815
:10c3d00026720bb120009847a469002cf7d10023e6
:10c3e0000222bb60fb7b1343fb73bde7fb79ffdedf
:10c3f000202308376371a6e783730a20285609f0c3
:10c4000051fd814694e70bf0c5fc40f63871c0f24f
:10c4100000010af011fc83e70bf0c2fc022809d8e6
:10c420007c2040427ee70bf0bbfc02280bd87d202d
:10c43000404277e70bf0aefc40f69071c0f200018d
:10c440000af0fafbece70bf0a5fc40f6ec71c0f249
:08c4500000010af0f1fbeae72c
:020000040000fa
:10c45800f0b583b06b469a1c00230500137000d01a
:10c468008ae000230026150044f66812c2f2000292
:10c47800514c1160062b34d89b00e3589f466b46fd
:10c4880000210620da1c06f089fa0700012800d1ed
:10c4980075e002232b7009f0e5f9431edbb2fd2b92
:10c4a80068d8012800d082e003232b7001af39003f
:10c4b800002007f0fbfa012800d073e004232b705a
:10c4c8008020002339008003019307f0effa012848
:10c4d80068d8019b002b08db022026b92b78062b95
:10c4e800cad90220404203b0f0bd01232b7009f0e5
:10c4f800f5fb80b944f67874c0f201042600503682
:10c5080002e00834b4420bd02100002201c906f031
:10c5180045fa0028f5d003204042e4e701afcfe711
:10c528006b46002140f20010da1c06f037fa0028aa
:10c53800f1d16b46db787f2bedd96b4600210320c8
:10c54800da1c06f02bfa0028e5d16b46db789b074e
:10c55800e1d56b460021da1c043006f01ffa0028ea
:10c56800d9d16b46db78db439b07d4d106232b70ec
:10c578000020b8e70120b0e70126037874e76b468e
:10c588000822db78062013436a46d3706b460022e4
:10c59800d91c06f003fa012800d17ae706202f708b
:10c5a8004042a0e7012304202b7040429be701236f
:0cc5b80005202b70404296e7bc73010088
:020000040000fa
:10c5c400f0b557464e464546de46e0b506000f0038
:10c5d400150085b004286bd0062800d098e040f2fe
:10c5e400060b022f68d0012f00d093e0002d5bd002
:10c5f400112d02d0fd2d00d08ee040f2010944f649
:10c604007c18c2f2000843461b68002b6ed044f22b
:10c614004c14c2f200042378db075ad48022002190
:10c6240020000bf009fa012344f66c1a23701b0353
:10c6340040f205526367a3677c23c2f2000ae25208
:10c644005346186880232772e05000283cd080218c
:10c6540002f066fd0390002860d044f6e533012221
:10c66400802103980094c0f2000306f04bfe0700fb
:10c674003ed049465a4607f0e7f943463900186860
:10c6840001f036f8002833d060222378a07a93434f
:10c6940040221343e5806672237005b0f0bcbb46ac
:10c6a400b246a946a046f0bd40f201091125a6e70d
:10c6b40040f2040b022f96d1a5b1062d01d0fd2d19
:10c6c4002ad140f202099ae78422002120000bf0cb
:10c6d400b3f9172344f69c120120c2f2000213603e
:10c6e4004042dae740f20209062588e70e23f1e723
:10c6f40053460399186808f02bfd2378db0705d50a
:10c7040044f24c10c2f2000009f01eff4d23e1e791
:10c714007c23dfe71623dde77823dbe72378db07d9
:0cc7240002d5200009f010ff0c23d3e721
:020000040000fa
:10c73000002370b582b001934b7804000d00c668e9
:10c74000062b28d0082b22d0002b30d1bc20c022b1
:10c750002352a15cbe3a49000a402178c907c90f9b
:10c760000a4303210a408b43210013432354bc3165
:10c77000ba38eb79aa791b0213431a1c834200d9f9
:10c78000021c200092b207f087fd02b070bd0100cc
:10c790000120ad31ede7cb78072b08d83d4a9b004f
:10c7a000d3589f46702302781340102b47d00121a5
:10c7b000200008f0e7f8e8e7702302781340102b18
:10c7c000f5d1023b1340022b4fd0716a0a20019130
:10c7d0000029ced1ebe7300001aa07f08dfd0199c9
:10c7e0000029c6d1e3e7ae228b78825c9a42ded97b
:10c7f000b02282589b009958f1b3c8788b78000218
:10c800001843b6e70e2302781340022b0dd031688f
:10c8100012200029add10bf0c3fa022812d83168da
:10c82000122001910029a4d1c1e7f168122000294a
:10c830009fd10bf0b5fa02280dd8f168f0e708f0a7
:10c8400047fda2e70bf0a6fa42f25c71c0f20001cc
:10c850000af0f2f9e3e70bf09dfa42f22071c0f220
:10c8600000010af0e9f9f168dae7316a0a2001917a
:10c87000002900d07de79ae70bf092fa022896d9ba
:10c880000bf088fa42f2e061c0f200010af0d4f93c
:08c890008de7c046b071010004
:020000040000fa
:10c89800f0b5c64600b504000d0082b030b1067888
:10c8a80026b14378012b01d0037d2bb1002630003f
:10c8b80002b080bcb846f0bd6b46082000219a1d26
:10c8c800c1f2000006f06af80100012811d86b4691
:10c8d800042799790f421bd144f66413c2f200036e
:10c8e8001b68002be3d041f22450c0f200009847a7
:10c8f800dde744f66413c2f200031b6823b141f27a
:10c908002040c0f200009847012300266370cee75c
:10c91800636828209846042201234146c1f200009a
:10c92800fcf7f2fbd0b943461b681a0e190ce382d8
:10c938006b4622756175df71012a2fd0022a1bd040
:10c9480044f66413c2f200031b68002baed041f218
:10c95800bc40c0f2000098470026a8e744f66413dc
:10c96800c2f200031b68002bced0010041f25840f0
:10c97800c0f200009847c7e7a061e0616b46082055
:10c988000022d91dc1f2000006f008f8a0b9002d58
:10c9980000d18ce7a8470028fcd188e72369002b41
:10c9a800ecd06a469279120716d50c226946ca71ec
:10c9b800da69a361e261e1e744f66413c2f20003b5
:10c9c8001b68002ba0d06a46d179020041f2e440ee
:10c9d800c0f20000984797e744f66412c2f20002da
:10c9e8001268002ae4d041f29440c0f20000904757
:04c9f8002369dde7eb
:020000040000fa
:10c9fc00f0b54f464646d646c0b51c00431e050052
:10ca0c000e00170082b0033300d988e08368002b36
:10ca1c0000d184e08278002a7ad01a68013277d06b
:10ca2c000d2900d97be031b196229b5a4a1e134145
:10ca3c00db0700d473e0002f00d072e00220002c42
:10ca4c0067d10520002140f2000940f2000a42f2b1
:10ca5c0000035246c2f200031a704ef649722b00c4
:10ca6c00c0f2000208f01eff8046002800d16de0e5
:10ca7c009223aa680b21d35a5246009202220af042
:10ca8c005ffc5346022201210093404633000af01a
:10ca9c0057fc9423aa680621d3565246404600926e
:10caac0002220af04dfc5346009342f2d4130522a5
:10cabc00c0f200030a2140460af042fc4b465e1ebf
:10cacc0083b17cb140f2240900e05cb14a46a25c1f
:10cadc00231d00920a21052240460af031fc2468ed
:10caec00013ef2d23900404609f0b2fa4146a8683c
:10cafc0007f06cfb50b37b220121ab6800209954ea
:10cb0c0000210132995440f200320a99995000e008
:10cb1c00012002b0e0bcba46b146a846f0bd0220e6
:10cb2c00f7e7002c00d18ce72300002140f200092c
:10cb3c0040f2240c624640f201089a5c1b6848469d
:10cb4c008918c144002bf5d106307ee70820e0e7b8
:020000040000fa
:10cb5c00f0b5ce46474680b5140083b098b192b17b
:10cb6c00856885b116005388117941f20032103670
:10cb7c0093420dd00132934205d100236a46d37102
:10cb8c00012900d173e003b0c0bcb946b046f0bd7a
:10cb9c000529f8d142f20007c2f200073b7898460b
:10cbac00312bf0d89023eb5c13b94346002bead120
:10cbbc006a4620000123022107321830fdf7e0fc01
:10cbcc006b46db79092bded847f6a869c0f2010960
:10cbdc004a46d3560133d6d043462b255d4342f209
:10cbec000003c2f200039c466a1c6244012302212a
:10cbfc003000fdf7c5fc42f20003c2f200039c4674
:10cc0c002000ea1c6244012302212030fdf7b8fc0d
:10cc1c0042f20003c2f200039c4620002a1d62442b
:10cc2c0006230b212830fdf7abfc42f200032a004f
:10cc3c00c2f200039c4620000b32624420230521e3
:10cc4c003030fdf79dfc42f20003c2f200039c461b
:10cc5c006b464a46db796544d35cab700123ab72ff
:10cc6c00638e2b352b703b7801333b708be77b222b
:10cc7c00ab546a460133300007320131fdf780fcba
:10cc8c0040f20033ec58002c00d17ce76a46d27994
:10cc9c00286822b9ea5000210023a04773e77c22c0
:10ccac00ab5c2100013bab5403f04afe6be7c04682
:020000040000fa
:10ccbc00f0b5c64600b5061e82b000dd90e044011a
:10cccc002518ad00002900d18ae00f2a00d887e092
:10ccdc0044f24c13c2f20003eb5cdb0700d47fe0a0
:10ccec0044f24c13c2f20003eb18988800282fd0a2
:10ccfc0002200b888343042b08d044f69c137c221f
:10cd0c00c2f200031a60012040421de044f24c13b1
:10cd1c002800c2f200039c4600230c3060440360e0
:10cd2c0043608360c3600361436183610af076fef4
:10cd3c0044f24c13c2f200039c46a419a4006444b0
:10cd4c00237a012b11d0002002b080bcb846f0bd74
:10cd5c00187a0128ccd1db88fd2bc9d044f69c1362
:10cd6c000b22c2f200031a60cde7e388fd2bead058
:10cd7c0044f66c18c2f2000843468021186802f091
:10cd8c00cbf9070028b344f24c13c2f200039c46c3
:10cd9c0044f6e5336544012280210095c0f200037e
:10cdac0006f0acfa060010b3e289002352baa1884f
:10cdbc0092b206f0f3fb44f67c13c2f2000331008e
:10cdcc00186800f091fc90b1280000f011fa0028ce
:10cddc00b9d144f69c130c22c2f200031a6092e7fc
:10cdec0044f69c130e22c2f200031a608be74346f2
:10cdfc003900186808f0a8f944f69c134d22c2f2c9
:08ce0c0000031a607fe7c04635
:020000040000fa
:10ce1400f0b5d6464f464646c0b50d0082b0002850
:10ce240000dd6ee044f24c13c2f200039c46440160
:10ce34002618b60066440a294fd844f24c17241821
:10ce4400c2f20007a400e35dda0700d46ce044f208
:10ce54004c12c2f200029046a0444246127a022ac0
:10ce64003dd14246d289002a65d042469288002aa2
:10ce74003ed044f66c1ac2f2000a53468021186868
:10ce840002f04ef98146002863d044f6e53300965b
:10ce940001228021c0f2000306f034fa060037d0e4
:10cea40042464146d289898852baebb292b206f020
:10ceb40079fb44f67c13c2f200033100186800f0d9
:10cec40017fc28b302220020e35d1343e35502b0ac
:10ced400e0bcba46b146a846f0bd0a25ade744f623
:10cee4009c137a22c2f200031a6001204042eee74a
:10cef400db0727d544f69c130b32c2f200031a60f9
:10cf0400f3e744f69c130922c2f200031a60ece72b
:10cf140053464946186808f01bf944f69c134d2201
:10cf2400c2f200031a60e0e744f69c130e22c2f238
:10cf340000031a60d9e744f69c137d32c2f2000361
:10cf44001a60d2e744f69c135f22c2f200031a600f
:10cf5400cbe744f69c130c22c2f200031a60c4e728
:020000040000fa
:10cf6400f0b5c64600b50400150084b038b132b13e
:10cf7400836823b141f6003352889a4203d004b047
:10cf840080bcb846f0bd2e79012ef8d90e222800b7
:10cf9400022303216a441030fdf7f6fa092228001f
:10cfa400012303216a441830fdf7eefa6b465b7add
:10cfb400012b37d1072ee2d12f004037788807f0b4
:10cfc4008ffd0600dbd00a236b449846280001231a
:10cfd400424603212030fdf7d7fa28000b22012313
:10cfe40003216a442830fdf7cffa280001230321e6
:10cff40003aa3030fdf7c8fa28000d2201230321cb
:10d004006a443830fdf7c0fa7b88320006213800c4
:10d01400fdf7bafa43461b78012b12d0300009f011
:10d024000bf9ace70af0bafe0328a8d90af0b0fe5f
:10d034006b4641f60c415a7ac0f2000106f062fcdc
:10d044009de76b46da7a531ed9b20129e6d8a16866
:10d054001b01cb183133ff331b689846002bddd0fe
:10d064006b461b7b012bd9d16b465d7b6b1e022b60
:10d074000dd86b46db89123201937b881201009331
:10d08400891833002a0020004968c047c6e70af01f
:10d0940085fe0328c2d90af07bfe41f6ec312a0052
:0cd0a400c0f2000106f02efcb8e7c04608
:020000040000fa
:10d0b000f0b5c6460600140000b50e2902d080bcab
:10d0c000b846f0bd43f66863f425c2f200039c46ff
:10d0d000454365442a00e379a1791b020b43e832fa
:10d0e00013802b00ec331b6880211b6ce869984788
:10d0f0002078c306db0e022b1cd006d833b32200e7
:10d100002800217907f06afcd9e7032b2cd12b00ea
:10d11000e0331e681c3b5e612a8b9a8119331b78b1
:10d12000012bccd1002ecad0e43521000e202a6874
:10d13000b047c4e723799c467bbb6023220061464d
:10d14000034226d1280005f06dfab8e760231a00e3
:10d150000240034215d0402ad9d0202aafd1012164
:10d16000280007f00ffcaae70af01afe0228a6d949
:10d170000af010fe42f29c71c0f2000109f05cfd61
:10d180009de740b22100002833db280000f0b6fd07
:10d1900095e7280007f022fc91e72b00b4331a68ca
:10d1a000d178977809023943d9d040f2000800239a
:10d1b00007e0052f0bd01778fb189bb2d2199942c4
:10d1c000cdd95778042ff4d19778b846f3e79778fc
:10d1d0006745f0d143f66862f423c2f20002944638
:10d1e00073436344da7807231340052bb7d1c44651
:0cd1f000a3e72800fff79cfa61e7c046a7
:020000040000fa
:10d1fc0070b5040000d17fe0c16d19b18023c05817
:10d20c0007f0a2ff216f19b18023e05807f09cffb3
:10d21c00237a012b2ed02000142200214c300af04e
:10d22c0007fc20000021142260300af001fc616f21
:10d23c0000292fd1a16f002938d1237a012b01d0dd
:10d24c00012070bd7c25615dd1bb7d25615d002910
:10d25c00f6d080234901e058043101f05dffe0660f
:10d26c00f8b30023037043708370c370e36e625d88
:10d27c001a70e5e7a16d29b17f33e05807f064ff20
:10d28c000023a365e16e0029c5d08023e05807f088
:10d29c005bffc0e78023e05801f03effe06568b318
:10d2ac005223626fa16fe2520029c6d08023e0584e
:10d2bc0001f032ff2067a0b16623a26fe252bce7f7
:10d2cc0080234901e058043101f026ffa06518b312
:10d2dc000023037043708370c370a36d625d1a707a
:10d2ec00b3e744f66413c2f200031b6823b141f2a6
:10d2fc005870c0f2000098470020a2e744f664136f
:10d30c00c2f200031b68002bf6d041f22470c0f26d
:10d31c0000009847002094e744f66413c2f200031f
:10d32c001b68002be8d041f28c70c0f200009847cb
:04d33c00002086e760
:020000040000fa
:10d3400041f2000241f2004102200023c4f2000237
:10d35000c4f2000110760b7441f60001c4f2000122
:10d36000086280211386490413690b42fcd046f2ff
:10d37000000340f20021c0f280031b6a5b009b0e99
:10d380009b020b43536341f20002c903c4f2000243
:10d3900013690b42fcd002238021138641f2000264
:10d3a0004904c4f2000213690b42fcd041f600426a
:10d3b00040f207330421c4f20002c0f201031362f9
:10d3c00053681942fcd140f20733c0f23003536274
:10d3d00041f600420821c4f2000253681942fcd110
:10d3e00090234021d15041f600429020c4f2000227
:10d3f00013581942fcd09c23d15041f600429c2086
:10d400004021c4f2000213581942fcd0c423d15069
:10d4100041f60042c4204021c4f2000213581942d0
:10d42000fcd0c823d15041f60042c8204021c4f2ac
:10d43000000213581942fcd0cc23d15041f60042cf
:10d44000cc204021c4f2000213581942fcd04121e3
:10d45000e023d15041f60042e020c4f2000201393d
:10d4600013581942fcd0f023d15041f60042f0206d
:10d470004021c4f2000213581942fcd07047c04644
:020000040000fa
:10d4800030b583b000285ed143f63454c2f20004b4
:10d490002278002a67d101202023a073e0544b6832
:10d4a0006362cd7ba263227165722080887aa0724c
:10d4b000c87ae072087b2073487be27001226073b7
:10d4c00001201a709a781042fcd10a22da7046f2d2
:10d4d0000002c0f28002d269520b01921f22019811
:10d4e00002401f2a29d09201188d02431a85019a01
:10d4f0009205d20e1f2a00d1023a188d02431a85d6
:10d50000019ad204520f072a1ad01203188d02432f
:10d510001a850a7a1ab104201a7802431a70012d6a
:10d520002ed002211a780a431a709a781142fcd13f
:10d5300020230020e15403b030bd40f24012d3e775
:10d5400043f20002e2e70af02bfc022802d8012095
:10d550004042f0e70af01efc40f28c11c0f20001dc
:10d5600009f06afbf3e70af01bfc0228efd90af086
:10d5700011fc40f2d811c0f2000109f05dfbe6e7b2
:10d580000d4a00205a623c22a0540a6a0c302264e0
:10d590001a89897b824303290ad043f6345092b218
:10d5a0001a810021c2f2000008f0d8f8636ab8e7d7
:0cd5b00001310a43f1e7c046843d002031
:020000040000fa
:10d5bc0030b505000c0085b0002839d0b1b18023fe
:10d5cc000a7b5b0411040b430293012a12d8626a92
:10d5dc001343029324200123042202a9c1f2000068
:10d5ec00fbf79afe00283bd1a369e36101202c6173
:10d5fc0005b030bd00236a4603930233d371c020bb
:10d60c006b460022d91d400205f0c6f9010088b115
:10d61c0044f66413c2f200031b6823b141f2e82004
:10d62c00c0f200009847012328006b7008f058fee8
:10d63c000020dde703a90123032240f20c10fbf7c5
:10d64c006bfe0100d0b144f66413c2f200031b68f8
:10d65c00002be8d041f22830c0f200009847e2e7f6
:10d66c0044f66413c2f200031b68002bdbd00100ec
:10d67c0041f2e030c0f200009847d4e701236a463b
:10d68c00c020d3716b460022d91d400205f084f9ed
:10d69c00010060b144f66413c2f200031b68002b56
:10d6ac00c1d041f26430c0f200009847bbe72100c2
:10d6bc00227b002340f20f1092002431fbf72cfe4a
:10d6cc0020b9227b029b1343029383e744f6641335
:10d6dc00c2f200031b68002ba5d0010041f2a4305c
:08d6ec00c0f2000098479ee720
:020000040000fa
:10d6f400f0b54e46de4657464546e0b50a000600fc
:10d7040083b056d00078002853d0002951d00b693b
:10d71400002b4ed07378012b4bd00023cb828b6926
:10d724001968116100219173117b8846002940d04a
:10d734007588b14640f2000c402183462e00924683
:10d7440000e008339a791142fbd01a68300ad0708d
:10d75400484616710136b6b246805278002a3ed049
:10d7640047464c4601250020984650346d420197a7
:10d7740003e0013002341f280bd02778ba4220d0ae
:10d784006b1cf6d1002ff4d10500013002341f28a0
:10d79400f3d1019843468046681c20d05024680089
:10d7a400484402555122002484542800503a283019
:10d7b40012e0002003b0f0bcbb46b246a946a04626
:10d7c400f0bd019a28304346904642004a445278bc
:10d7d400ff2a04d00132d2b245004d446a70624639
:10d7e4000132d2b2944608339045abd14e46f1682b
:10d7f40058465246a9b10b681bb119001b68002b8f
:10d80400fbd10a603369002bd4d144f2bc03c2f2c9
:10d8140000035b78032bcdd111003000fff7ccfe61
:08d82400c8e7f260eee7c04620
:020000040000fa
:10d82c000122d20703004b403cd430b4431a01d23e
:10d83c00c01ac9184b004400240eff2c28d024b366
:10d84c001b0e20d0e31a182b1ddc09021143c40d4a
:10d85c00000210435d4219350a00aa40d209d94092
:10d86c00451801d36d080234013ce405280a012156
:10d87c00c9072d062a438a4160414100090eff2940
:10d88c0001d3c00dc00530bc7047c00fc007fae70c
:10d89c0042001823da41ff2af5d07f2000010c301a
:10d8ac000005f0e7a4465140431a02d25340c01a77
:10d8bc00c9184b00090211431b0e4400240eff2c07
:10d8cc0040d083b15b421b19012b10d322d1c30d65
:10d8dc004002401a10d3db050100400ac9059141f2
:10d8ec005841644670472442fbd10020f9e7c30d30
:10d8fc0040024900401af4d0002101314000fcd311
:10d90c008c4204d95b1adb05400ac018e9e7180af7
:10d91c00c007e6e7192be4d801330c00d940dc41f1
:10d92c004c40012c4941c30d00021043441a01d450
:10d93c00a4006408013bdb05200a240694415841ed
:10d94c0064467047ff2b01d04102cad07f200001f2
:06d95c000c300005c5e7d8
:020000040000fa
:10d96400f8b54746ce4680b5160008aa1c001378c1
:10d9740005000f0098464dd0002e4bd0c2888388f6
:10d98400d31ab34246d3c068002800d17ce0434692
:10d99400002b44d0c27803789a423bd043781c22af
:10d9a4005b010433c018002c00d16fe021000af0a1
:10d9b40039f8e8682b88417804784a01821816847b
:10d9c4005384c27801310132c9b2c2704170ea880d
:10d9d4008c4201d100214170d41ab44200d93400e0
:10d9e400286922003900c0180af01cf8aa88a3b2da
:10d9f4009a18aa802a883f199b18ea889bb2361b7a
:10da04009c1a611e8c41644223402b80002ee3d17a
:10da1400012000e00020c0bcb946b046f8bd6988ca
:10da24002b889942b6d8d31a99469e42b2d9b142ac
:10da3400f0d3c378027802339342ebd243781c22aa
:10da44005b0104330021c01809f0f6ff4b46e86877
:10da54009bb242789946510141180b842b880132bc
:10da64004b84c178d2b20131c1700178891a4b1e3e
:10da7400994149420a404270aa88e86813004b441d
:10da8400ab8043462b8085e72b88a5e7002109f06e
:04da9400d3ff8ee747
:020000040000fa
:10da9800f0b5c646070000b5002800d18fe0002980
:10daa80050d044f6b4040c26c2f200041022200020
:10dab80009f0b6ff2268a368a657002a00d178e0cb
:10dac800002b00d175e0002e00dc72e00321033347
:10dad8008b431800350070430f358d434019984625
:10dae8009047040065d02a00ff2109f0a3ff4346b0
:10daf80044f24c10636044f66c136519c2f20003db
:10db08002672842200212560c2f200001c6009f000
:10db180091ff44f2ed110022c0f20001380008f034
:10db2800d7ff4bf28d6144f6781644f67014002244
:10db38003800c0f2000108f0cbffc2f20006c2f2c2
:10db4800000422e044f6781644f24c150022c2f292
:10db58000006c2f200052b78db07db0f72b96bb148
:10db68003468f4b144f67413c2f20003186806224c
:10db78000123a97aa0472b78db0712d444f6701446
:10db8800c2f20004206808f0c9f844f67c13c2f217
:10db980000031f60002301203360236080bcb84667
:10dba800f0bd44f24c10c2f2000008f0cbfc012298
:10dbb800d1e744f66c130022c2f200031a60002079
:04dbc800ece7c04680
:020000040000fa
:10dbcc00f0b50f0087b0002866d144f62c04c2f2e1
:10dbdc0000042678002e57d143f27005c2f20005de
:10dbec0066602e7100295ad00af072f99123ee5416
:10dbfc000af072f9386808f00dfe79682000a96106
:10dc0c0009f04afb280003f0c7fb40f2483340f60a
:10dc1c000000ee5006f060ff286100285ad040f654
:10dc2c0000030090684601932e7308f055fca86021
:10dc3c00002839d047f6c563c0f20103029347f6ba
:10dc4c00cd6302a9c0f201034b6040f200438b602c
:10dc5c0001230b73fff71affc8b146f2d50122005e
:10dc6c00a868c0f2010108f031ff01235b42eb61af
:10dc7c002133ee5440f26c33ee500433ee5040f24c
:10dc8c000113a6702380a560200007b0f0bd0af038
:10dc9c0081f8b0b907f03cfc01246442f4e7ff239f
:10dcac00637001246442efe70af074f80028f1d0a5
:10dcbc000af06af841f6c421c0f2000105f01efe1c
:10dccc00e8e70af061f841f6e821c0f2000105f03e
:10dcdc0015fedfe70af05ef80028dbd00af054f8f6
:10dcec0041f6a021c0f2000105f008fed2e7c046c3
:020000040000fa
:10dcfc00f0b5c64600b50d004978040082b0052980
:10dd0c005fd01ad8012966d0032952d1eb78aa78b2
:10dd1c001b021343012b00d17be00121022b49d1c3
:10dd2c0002780c331340022b44d101226b7983709f
:10dd3c0043781343437000213ce0092939d1ee7834
:10dd4c00ab7836029c461e4350d0ad23e35cf6b252
:10dd5c00b342f0d0ae23e75c7fb10233e25840f21d
:10dd6c00b408002311684879604501d14046215020
:10dd7c000133dbb20432bb42f4d1ad232000e654b4
:10dd8c0004f08cfd0722e37801a993430522134389
:10dd9c00e370ab780b70dd23e35c012bcbd1df336d
:10ddac00e358002bc7d0e4220a20a2589847002140
:10ddbc0000e00121200006f0dffd02b080bcb84677
:10ddcc00f0bd802302785b4213430370ac23aa7826
:10dddc000021c254eee7eb78aa781b021343012b07
:10ddec00e8d10022bf330021c254e3e70727c378f0
:10ddfc003b40052ba9d10b22b333c25406f0eaffea
:10de0c00ad230422e654e3780021bb431343e370b3
:0cde1c00d0e7c02200218354cce7c046b0
:020000040000fa
:10de2800f8b54746ce4680b508ac0f0025780028df
:10de380000d084e0012144f2b43449423960c2f28e
:10de48000004217c002900d17ce0002b69d0a907bf
:10de580015d4012129408946666ba56aae422cd2a9
:10de680044f6a418c2f2000845466d78012d0fd07b
:10de780060256d422800c0bcb946b046f8bde189ae
:10de880099424ed8b3fbf1f340f202094b43e3e762
:10de9800002641464e7044f248260821c2f2000688
:10dea800715601290cdd2c203056012831dd502017
:10deb8003056012831dd43465d7080256d42d9e733
:10dec8003500c1008c4660448000325044f248223c
:10ded800c2f200029446604443600023436144f662
:10dee8008d23c0f20103c3604b46036109f0f2ffc2
:10def800636b0133636309f0f1ff3d602a00217b06
:10df0800206808f05bf9050070b901234246537098
:10df1800b0e7350001202435d3e735000220483525
:10df2800cfe77e256d42a5e709f0d4ff636b013b7f
:10df3800636309f0d3ff01235b423b60e5e7782583
:0cdf48006d4297e776256d4294e7c046d5
:020000040000fa
:10df5400f0b58fb00c934b680d0008938b681600d6
:10df64000993cb680f680393089b0b90002b42db4b
:10df740002239f4310233a001a400d92099a0492f7
:10df84001f4206d033687268134313b1099b023be6
:10df9400049308233b400a935a1e9341049a2c6924
:10dfa400d31a04933368039a06937368013c079366
:10dfb40000231355049b0593012c1fdc0d9b002ba0
:10dfc4004fd10a9b1bb12023039a013c13552a69a4
:10dfd400039b013a19190b98099b121b009704f033
:10dfe400f9ff0b9b5b68db0503d56b68984200da8d
:10dff40018000fb0f0bd01230893bbe7069b079af6
:10e00400134353b9049a089b9b1a059a9b18002b37
:10e0140003dc002ad2ddbb07d0d50f23069a013cce
:10e02400134018005730092b01dc303318000c9bc7
:10e03400413b192b06d820230343613b192b01d8fc
:10e0440009f074fe039b1855059b013b0593079b40
:10e054001a07069b1b091a43079b06921b09079381
:10e06400aae70cce1343acd0039b0c9a1b19013bbb
:0ce074001a703023039a023c1355a2e7f7
:020000040000fa
:10e08000f0b5ce464746894680b501280cd844f203
:10e09000d01403011a1ac2f20004920015192e00be
:10e0a00034363778012f05d001204042c0bcb94634
:10e0b000b046f0bd40f2000c614631700121695656
:10e0c00002295fd1125d002a5cd0aa78002a68d1ab
:10e0d0006a689446002a61d144f2d011c2f200016c
:10e0e00088461a1a920042449668002e4ad00024ac
:10e0f000d26903e001341832a64243d05579002d8d
:10e10000f8d10126494656710d0708d544f2d011c1
:10e11000c2f2000188461d1aad004544ae7044f2bb
:10e12000d011c2f20001884665461e1ab600464468
:10e1300001357560b58d07022e043e43ff273c4034
:10e14000344301351461acb24ff6ff75ac4200d1d7
:10e15000012444f2d011c2f200018c461b1a9b002c
:10e1600063449c851c0001253434257049461060a9
:10e170000420014311711b691069536100239360ee
:10e18000d36093e744f2d012c2f200029446012217
:10e190001b1a9b00634434331a7085e74a46120702
:08e1a0009ad5377080e7c046f4
:020000040000fa
:10e1a800f8b5ce46474680b5002861d1002966d02b
:10e1b8008e69002e00d16fe040f2070943f66865ca
:10e1c8004b46012440f22408c2f200052883e8786f
:10e1d8002c729843ee60e8700f8a4e692f826e6148
:10e1e800087f00228446a844c020434640f24008e5
:10e1f8002a5438382b50434640f2940804302b50a8
:10e208000c302c5008382a544ef65d504346c0f264
:10e218000000e8509c202d5043f6f570c0f2010034
:10e228006346286748461840030101206c6703438a
:10e23800244c2888ad67204003432b80dc23ea5414
:10e248004a6a1033ea504a8c04330024ea5257b120
:10e25800f36813b11b6903b1984701342b8ae4b200
:10e268001036a342f4d80020c0bcb946b046f8bd69
:10e2780009f092fd02281cd801204042f4e709f079
:10e288008bfd0228f8d909f081fd42f2d841c0f28d
:10e29800000108f0cdfcefe709f07efd0228ebd97c
:10e2a80009f074fd42f20851c0f2000108f0c0fc08
:10e2b800e2e709f06bfd42f2a841c0f2000108f064
:08e2c800b7fcd9e70efaffffd5
:020000040000fa
:10e2d00070b50c0000285ed0056800295dd00800ec
:10e2e00008f0a6ff061c6b009c4254d344f2402366
:10e2f000c0f20f039d424ed8280008f099ff011c80
:10e30000301c03f047fd4bf69571041cc3f2d63167
:10e31000301c02f0d3fb0021c4f22011fff786fa73
:10e32000011c201c09f0eefc08f08efe41f6802353
:10e33000c0f206039d4239d840f2fe13984240d8fd
:10e34000012852d90024410840f600420220c4f2bc
:10e350000022136883431360d369002bfcd1d16082
:10e36000136823490b4002212343136013680b43b6
:10e37000136040f60042c4f20022d369002bfcd1a6
:10e380001033538340f60042c4f20022d369002bbd
:10e39000fcd1012000e0002070bd41f6003646f6b9
:10e3a0000044c4f63746c0f2dc249ce740f27d13fb
:10e3b000984209d803280cd8802440f20121640433
:10e3c000c2e70024ff21bfe780244ff67f71640479
:10e3d000bae77b3b4100ff3bb1fbf3f1b0fbf3f04d
:10e3e0008024090201436404aee700240121abe765
:04e3f000fffffffc30
:020000040000fa
:10e3f40070b50c0000285ed0056800295dd00800c7
:10e4040008f014ff061c6b009c4254d344f24023d2
:10e41400c0f20f039d424ed8280008f007ff011cec
:10e42400301c03f0b5fc4bf69571041cc3f2d631d5
:10e43400301c02f041fb0021c4f22011fff7f4f973
:10e44400011c201c09f05cfc08f0fcfd41f6802353
:10e45400c0f206039d4239d840f2fe13984240d8d8
:10e46400012852d90024410840f200420220c4f29b
:10e474000022136883431360d369002bfcd1d1605d
:10e48400136823490b4002212343136013680b4391
:10e49400136040f20042c4f20022d369002bfcd185
:10e4a4001033538340f20042c4f20022d369002b9c
:10e4b400fcd1012000e0002070bd41f6003646f694
:10e4c4000044c4f63746c0f2dc249ce740f27d13d6
:10e4d400984209d803280cd8802440f2012164040e
:10e4e400c2e70024ff21bfe780244ff67f71640454
:10e4f400bae77b3b4100ff3bb1fbf3f1b0fbf3f028
:10e504008024090201436404aee700240121abe73f
:04e51400fffffffc0a
:020000040000fa
:10e51800f0b5c646082300b5c35604000d00160022
:10e52800002b09dd09291cd83e4a8b00d3589f4689
:10e53800042243789343437080bcb846f0bd072259
:10e54800c3789343c370dd23e35c012bf4d1df333d
:10e55800e358002bf0d0e42231002800a258984755
:10e56800eae7002de8d0eee70422ec274378002103
:10e5780093434370e359c0691b6c9847e359802162
:10e588001b6ce0699847200006f026fce35910212f
:10e598005b6ae0699847e35900221b6a8021984624
:10e5a800e0694023c0479023e356022b06dc220093
:10e5b800e3590021e0699b6b8832984707270322bb
:10e5c800e378e069bb431343e370ec23e3581b692a
:10e5d80098470e23074020787f009843384303402c
:10e5e800e2682070022b1ad091681279ae23e254a7
:10e5f80000220233e150033be254a4e704224378ab
:10e60800934343709fe704224378134343709ae788
:10e618000722c378934301221343c37093e75169d8
:08e62800127ce3e7d86d01004c
:020000040000fa
:10e63000c44b000028480000dc470000664800008a
:10e640005c48000052480000344800006a4b00005b
:10e650002a4b0000f04a0000344800003448000013
:10e6600034480000344800003448000034480000ba
:10e67000aa4a00006c4a00002e4a0000f24900003d
:10e68000344800003448000034480000344800009a
:10e69000344800003448000034480000344800008a
:10e6a000344800003448000034480000344800007a
:10e6b000344800003448000034480000344800006a
:10e6c000344800003448000034480000344800005a
:10e6d000344800003448000034480000344800004a
:10e6e0003448000034480000ac4900006e49000086
:10e6f000344800003448000034480000344800002a
:10e700003448000034480000344800003448000019
:10e710003448000034480000344800003448000009
:10e7200034480000344800003448000034480000f9
:10e73000344800003448000002490000b04800009e
:04e74000724800001b
:020000040000fa
:10e74400f8b5ce4647460e00914680b5002800d065
:10e7540077e0012144f2b43449423160c2f200044a
:10e76400a17a002900d16fe02089b3fbf0f148437e
:10e77400181a3bb330bba56be16a8d421fd244f635
:10e78400a415c2f200056978012906d060277f42ea
:10e794003800c0bcb946b046f8bd44f24827082248
:10e7a4006870c2f20007ba56012a0edd2c203856d2
:10e7b400012831dd50203856012832dd6970802768
:10e7c4007f42e5e77e277f42e2e7b8464a46c1003a
:10e7d400091889007a5044f24822c2f20002944691
:10e7e40061444b6000234b6144f63523c0f20103be
:10e7f400cb6009f071fba36b0133a36309f070fbd9
:10e80400434633604246a179206807f0d9fc0700eb
:10e8140060b901236b70bbe740f224080120b844bf
:10e82400d4e740f248080220b844cfe709f054fb8b
:10e83400a36b013ba36309f053fb01235b423360e9
:10e84400e7e778277f42a3e776277f42a0e7c04621
:020000040000fa
:10e85400f0b5040083b008a80678601e033055d8cc
:10e86400a568002d52d0a07800284cd0286801302b
:10e8740049d05ab18c27e85b904207d0100040f28f
:10e88400d25c0a3880b2604540d8ea535bb18e202e
:10e894002a5a9a4207d01a0040f2d2570a3a92b240
:10e8a400ba4233d82b5221b18923ea5c8a4200d080
:10e8b400e9543eb18a23ea5cb24203d0721e012ab3
:10e8c40024d8ee544ef64972230000210420c0f2ed
:10e8d400000206f0ebff0600d0b18c23eb5a002bac
:10e8e40030d18e23eb5a2bbb8923eb5cd3b98a231b
:10e8f400eb5c7bb93100a06805f06cfc0123584047
:10e90400c000c0b200e0012003b0f0bd0220fbe76c
:10e914000820f9e70022052100923000023208f0b5
:10e9240013fde7e70022042100923000023208f0d0
:10e934000bfddce70022032100923000023208f0d4
:10e9440003fdd1e7002202210092023208f0fcfc10
:04e95400c7e7c0460b
:020000040000fa
:10e95800f0b50500040144f23870c2f20000c64662
:10e968002018007b3f27c0b2844646f2000000b55d
:10e97800c4f20010c65dc5550f37c05d9046f6b2ab
:10e98800800703d162460020002a4bd140f2030cd5
:10e9980046f200004e276246c4f20010c25544f207
:10e9a8003872c2f200024d3fa018077344f2587043
:10e9b800c2f20000075b7f053dd444f25872c2f2f0
:10e9c8000002a7187960015b09053ad544f258712d
:10e9d8004246c2f200019a1861188a60025b40211f
:10e9e8009205920fd34044f25872c2f20002944644
:10e9f8009bb26444638046f200030220c4f2001311
:10ea08005a5c02435a540822596c586c0a4043f61f
:10ea1800007101400a4322b90122aa4019690a4338
:10ea28001a61012046f200033f22c4f200139e54eb
:10ea380080bcb846f0bd591827187960015b0905f4
:10ea4800c4d444f25872c2f20002a11842468a6045
:04ea5800c4e7c04609
:020000040000fa
:10ea5c00f0b583b009ad2d7804000800002c47d127
:10ea6c0016685768916844f2b432c2f200025463db
:10ea7c009463d46344f61014c2f200049762d66215
:10ea8c0011631464042d2ad0052d01d003b0f0bd00
:10ea9c000a990a9b49799a781b79090219430a9bae
:10eaac00d409dd7803232b40022b3bd0032b44d11c
:10eabc00634206241c4044f2b433c2f200039c4669
:10eacc00143464440a9b2270db7861809b079b0f93
:10eadc000091002106f04cff01232371d6e70a991f
:10eaec001060497902290ed00a2910d11371cde793
:10eafc0009f050f909f048f942f2dc71c0f200015a
:10eb0c0008f094f8c2e70a998979022920d009f013
:10eb1c0041f909f039f942f2fc71c0f2000108f038
:10eb2c0085f8b3e7631c5c00e41844f2b433c2f21a
:10eb3c0000039c4664006444c4e709f02bf909f017
:10eb4c0023f942f63001c0f2000108f06ff89de79e
:04eb5c0093749be72c
:020000040000fa
:10eb6000f0b54646d6464f460400c0b51d00160017
:10eb7000002857d0036a002b42d00769002f3fd0ee
:10eb80000320ebb25a4210408146a8460422c844f2
:10eb900042449246e28a524532d32a0a397078704a
:10eba000ba70fb707eb10c2950d841f21e43cb40a5
:10ebb000db074bd573193a1d2db1013b1978117044
:10ebc00001329e42f9d14b46002b38d12369216a8c
:10ebd0005344236143469ab2e38a043b9b1ae3827f
:10ebe0004b7901334b71e1698b880433d2188a80e9
:10ebf000237b9b00e418636a4344043363620ce0a4
:10ec000044f66413c2f200031b6823b141f29c1066
:10ec1000c0f20000984700232361e0bcba46b14629
:10ec2000a846f0bd44f66413c2f200031b68002b33
:10ec3000f3d041f20c10c0f200009847ede7043524
:10ec40004a460021781908f0f9febfe72a00310092
:10ec5000381d08f0e9fe4b46002bb7d0efe7c04661
:020000040000fa
:10ec60000f23f0b5c6460b40050000b5c909022bbd
:10ec700053d8421c58d010339b00c3185e68c37829
:10ec8000c9007618002b36d1827b012a08d009f002
:10ec900087f8022838d87f20404280bcb846f0bdb3
:10eca00083730a20285607f0fdf8804666b1346861
:10ecb00044b1fe27e36827720bb120009847a4698e
:10ecc000002cf7d100233360eb7893b9434673b13e
:10ecd0000a23eb56002b0adb1f215a094ef20010c3
:10ece0000b401e399940cef20000920011500123d2
:10ecf000ab730020d1e7002efbd0346840f200084f
:10ed0000002cd6d10020c8e709f044f840f61c6179
:10ed1000c0f2000107f090ffbde709f041f80228ba
:10ed200009d87c204042b8e709f03af802280bd80d
:10ed30007d204042b1e709f02df840f66851c0f25d
:10ed4000000107f079ffece709f024f840f6c05124
:0ced5000c0f2000107f070ffeae7c046c7
:020000040000fa
:10ed5c00082370b5c35605009a1c1ed04469022bbb
:10ed6c0028d04268c423cab9260000210f25c43616
:10ed7c00e2547369e022a2589a423bd00a00b0894f
:10ed8c00290098478c234022e25022006033e3583c
:10ed9c000021e0699b6b8832984770bd2600e35ccc
:10edac00c436d3b37368b1688b4228d300210d25c8
:10edbc007369dfe72600c233e35cc4364bb1736979
:10edcc00abb3e022a25893422bd000220c21b08985
:10eddc009847c4230122e2544df2b103c0f2000360
:10edec007361228b2100b281e022a2580e252431be
:10edfc009a42c3d1e4222800a2589847c2e7d421f2
:10ee0c0060582100c018243108f008fe6a68736845
:10ee1c009b18b26873609342c8d2002101257369b4
:10ee2c00a8e7e42200210c20a2589847d1e708f06b
:10ee3c00b1ff0228cdd908f0a7ff42f27041c0f211
:08ee4c00000107f0f3fec4e72a
:020000040000fa
:10ee540010b507f06bfe44f200030422c4f2001361
:10ee64005a6002f063fefef769fa08f0f5fc05f05b
:10ee7400a3fc04f0bdff06f0b7f906f095fb04f01f
:10ee8400e7fe06f035fd09f043f804f049ff03f00e
:10ee940089fc03f027f947f29c410020c0f20101ec
:10eea40044f2987402f080f947f26441c2f200041b
:10eeb4002060c0f20101012002f076f947f6f46106
:10eec4006060c0f201010020fef77efe47f6ec61af
:10eed400e060c0f20101002001f04afe47f6c4518f
:10eee4002061c0f20101002006f0a4f947f6b851f0
:10eef400a061c0f20101002008f018f946f6006193
:10ef0400e061c0f201010020fff74cf946f6b87148
:10ef1400a060c0f201010020fef7b0fa606108f0c1
:10ef24006dfd08f0b5fe08f0a3fe08f067f802f0e6
:10ef3400e5fe07f0d9fb08f057fd08f00ffdfbf7dd
:04ef440003fc10bdfd
:020000040000fa
:10ef480010b584b028b1012b05d0032b01d1069b45
:10ef58002bb904b010bd100007f06cf9f9e784680c
:10ef6800002cf6d041f20033069a52889a42f0d12a
:10ef7800069b1b79022becd10f220698013b02213c
:10ef880010306a44fbf7fefa6b46db7b042b2ed06d
:10ef980022d8022b43d0032b32d102232200069819
:10efa800190018308e32fbf7edfa08f0f5fe032849
:10efb800cfd908f0ebfe8a218e238c22615ce35abc
:10efc800a25a01918921615c009141f6d031c0f2c9
:10efd800000104f095fcbce7052b11d1220006982e
:10efe800012302218a321830fbf7ccfadde7220030
:10eff80006980123022189321830fbf7c3fad4e7b7
:10f0080008f0cafe0328d0d908f0c0fe6b4641f6c6
:10f01800b431da7bc0f2000104f072fcc5e70223c8
:10f028002200069819008c321830fbf7abfabce7bf
:020000040000fa
:10f03800f0b54646d6464f46c0b586b00e000ea976
:10f04800097807008a460fa909888c4610a909780b
:10f058008846002860d0002e5ed0129900295bd027
:10f0680051460831890071188a80002a3cd11d0a4e
:10f07800bdb139000024edb2503103e00134023152
:10f088001f2c0ed00878a842f8d140f25109494601
:10f0980064003c19615c59b348460139c9b221542e
:10f0a80031b3746884b102a90b8053460b7263466e
:10f0b8008b8043464b72119b4a80b0680593009140
:10f0c800022332003900a047129b129a1b780133a1
:10f0d800dbb21370327b934210d0300006b0e0bc34
:10f0e800ba46b146a846f0bdb17b0131b173bee75f
:10f0f80040f20009502148466054d2e774683568e8
:10f108004cb102aa1370b37bb068537039000092f7
:0cf1180001233200a047fd600026dee766
:020000040000fa
:10f12400f0b55746de464e464546e0b583b0070087
:10f13400080067b33e6856b37b6808259c460139ce
:10f144007d576144b1fbf3f1002d12dd6a1cc9b295
:10f15400b24600239046a94683460e00fa18527a16
:10f1640052b2013222d0dbb201335bb29945f5dcf5
:10f17400584644f66413c2f200031b682bb1010025
:10f1840041f2ec60c0f200009847002007e044f62a
:10f19400b403c2f200031b68002bf6d0984703b0f7
:10f1a400f0bcbb46b246a946a046f0bd9945dadd9f
:10f1b40041463800dab28d1a1c0001210192edb2e9
:10f1c400093007e0b1420ad04a1cd2b20134aa4243
:10f1d40017d0110002570132f4d0e3b2c4e70c0097
:10f1e4004ab21900093156467f18002a05dd3c70e1
:10f1f400013ce4b20137002cf9d162465343f018c4
:0cf20400cde7019bcb18dbb2aee7c046a3
:020000040000fa
:10f21000f0b54746ce4680b5461e04000f00904626
:10f220001d0083b003365dd88368002b5ad00029b7
:10f2300058d0280008f06cfe06005db1421ed3b223
:10f24000012b4fd8a36812019b182d33ff331b7875
:10f25000002b47d040f20111380008f045fa0300b6
:10f26000013b8146ff2b3dd8434643b96b1e9d4170
:10f27000214a6d421540a84642f2b32ce044a378df
:10f28000002b35d040f26423a268d35c012b31d12e
:10f2900040f63d62230049460320c0f2010206f019
:10f2a00007fb050030b34b4600933b0000270522c7
:10f2b000012108f021f8434602220221280000978c
:10f2c00008f01af83300022207212800009708f0fe
:10f2d00013f82900a06804f07fff01235840c00004
:10f2e000c0b200e0022003b0c0bcb946b046f0bdd9
:0cf2f0000120f8e70820f6e7a8e4ffff83
:020000040000fa
:10f2fc00f0b5c64600b50400150082b040b13ab175
:10f30c0083682bb1334952888c466244012a03d955
:10f31c0002b080bcb846f0bd40f210329b5c2e7936
:10f32c00002bf5d0022ef3d16b4628005f1d3a005e
:10f33c00012303211030fbf723f928006a4602232e
:10f34c00012106321830fbf71bf940f21132a36889
:10f35c00995c3a789142dbd16a461e49d2888c4638
:10f36c00624492b20a2a22d81b4992008a589746c4
:10f37c00012640f21035002240f21438595d5a55de
:10f38c0042469f584fb1033a9a5c20003300b8476d
:10f39c00a3685a5d0ab941465a50200003f08efe0c
:10f3ac00b6e70726e5e70826e3e70426e1e708f0d9
:10f3bc00f1fc032801d8a368dbe708f0e5fc6b46f9
:10f3cc0041f67451da88c0f2000104f097faa36890
:0cf3dc00cfe7c04600f6ffff046b010005
:020000040000fa
:10f3e800f8b544f24855c2f200056b686c6b9b692e
:10f3f800984768616b692869834203d88022520262
:10f4080094466344181a0200ae6aef6a0023921900
:10f418007b41aa62eb62bcb33022ab5c0133ab54d4
:10f4280006f0b4ff6c6ba4b10126a3688bb9a3786e
:10f4380026756675002b30d1e368002b36d0e0695d
:10f4480001f04ef8e3680bb1206998476c6b002c0b
:10f45800ebd144f21c060024c2f2000644f21c025e
:10f46800c2f200029446630163445a7d22b100222d
:10f478005a75b278012a21d001342036052cedd1f5
:10f488003022ab5c013bab5408f024fd040001f0d2
:10f4980081fd200008f022fdf8bd200006f0a6f846
:10f4a800a278e368002aced16270cce7200006f08b
:10f4b8009df8a378002bc9d16370c7e77268300044
:08f4c8009a6002f0dbfed7e7b9
:020000040000fa
:10f4d00070b50400150086b0f8b1f2b18368e3b1ed
:10f4e00041f60151528828798a4218d001318a4266
:10f4f00046d002398a4210d140f21c3540f218320f
:10f5000000205e59995c585198541eb10023002286
:10f510002000b047200003f0d7fd06b070bd0428de
:10f52000fbd128000423032101aa1030fbf72ef899
:10f5300028000423032102aa1830fbf727f828002b
:10f540000123032103aa2030fbf720f86b461b7b25
:10f55000022b25d06a466b8d1374eb6a059340f23b
:10f560001c3540f218320020a3685e59995c58514e
:10f570009854002ed1d00022200001abb047cce738
:10f5800040f21c3540f2183200205e59995c585107
:10f590009854002ebed0002301222000b047b9e7c6
:10f5a0002800032104aa2830faf7f0ffd7e7c04665
:020000040000fa
:10f5b000f0b54f464646d646c0b50d0044f2485415
:10f5c00008a998460b783021c2f20004615c06005d
:10f5d00017009946b9b13123e15c0023e356022bb1
:10f5e00018d001256d420820205607f0c1fd3023b8
:10f5f000e35c13b901223833e2542800e0bcba4678
:10f60000b146a846f0bd3823e25c012a13d001259b
:10f610006d42f2e7002de4d0b542e2d344f21c0380
:10f620000022c2f200031878824668b1013220330a
:10f63000052af8d1d5e70820e154205606f032fc1f
:10f6400031230100e054c8e740f2010c6046188005
:10f6500050461875587548465d60ad1b44f61a163d
:10f6600098704046c2f20006186130889d6005041b
:10f6700015434ff6ff72013080b2df60dd619042ca
:0cf6800001d03080afe701203080ace703
:020000040000fa
:10f68c0070b544f65c14c2f200042378072b0ed834
:10f69c00314a9b00d3589f4644f65413c2f20003e0
:10f6ac005968a07908f090fa01232370a37070bdfb
:10f6bc0044f65415c2f20005288807f04bff4ff6ac
:10f6cc0000630022c4f2af0300f068ff43f2333250
:10f6dc0043f23333c3f23332c4f20303fcf7d2fbed
:10f6ec000b000200faf786fd04f0f0fe07236860b9
:10f6fc002370dce701232370d9e76378002bd6d085
:10f70c0002232370d3e743f200010122c4f200016b
:10f71c000b6a5b0913402371096a5b00c9090a4033
:10f72c0062711a430323a2712370c0e707f06afecb
:10f73c0004232370bbe7e378002bb8d00523237098
:10f74c00b5e708f0c9f944f65413c2f20003188067
:0cf75c0006232370abe7c046f0710100eb
:020000040000fa
:10f7680010b50400431c45d043f6345240f234131c
:10f77800c2f200029446434363441a0020321278ce
:10f7880052b2022a31d10a229a56002a0bdb1f21d3
:10f798005309114001228a404ef200116033cef223
:10f7a80000019b005a5043f6345340f23410c2f221
:10f7b80000039c46012360436044c370437a012bd5
:10f7c80025d006d9023b012b03d908f0e5fa022817
:10f7d80029d843f6345240f23413c2f20002944658
:10f7e800002263436344da7003e008f0d5fa022884
:10f7f80010d810bd08f0d0fa0228fad908f0c6fad5
:10f8080040f22441c0f2000107f012faf1e7f3f7e1
:10f81800dbf9dee708f0bafa40f26441c0f2000111
:10f8280007f006fae5e708f0b1fa40f2ac41c0f299
:08f83800000107f0fdf9cce727
:020000040000fa
:10f8400070b505000c00431c49d000294ed0082398
:10f85000cb56012b47ddc3783bb30026fe23237232
:10f8600000236360e36953b1a2699a6102b1d36175
:10f870000023e361a361e3680bb120009847eb78b4
:10f880008bb976b10a23eb56002b0adb1f215a09ec
:10f890004ef200100b401e399940cef2000092004b
:10f8a00011500123ab73002008e0827b012a06d0af
:10f8b00008f076fa022809d87f20404270bd837391
:10f8c0000a20285606f0eefa0600c7e708f062faaa
:10f8d00040f65831c0f2000107f0aef9ece708f04d
:10f8e0005ffa02280fd87d204042e7e708f058fa77
:10f8f0000228f8d908f04efa40f60831c0f20001ab
:10f9000007f09af9efe708f045fa40f6ac21c0f2ab
:08f91000000107f091f9e6e7a0
:020000040000fa
:10f91800f0b54e464546de465746e0b51600421e4f
:10f9280004000d00994683b0033250d883689b4683
:10f93800002b4cd04121280007f0d2fe07004128b7
:10f9480045d08121300007f0cbfe804681283ed08b
:10f9580040f20111484607f0c3fe40f20113824607
:10f96800984234d0a378002b39d040f264235a4609
:10f97800d35c012b35d1434640f63d62f91803208c
:10f9880023005144c0f2010205f08eff834640b3c4
:10f998002b0005220321009707f0aafc4346052205
:10f9a800042100935846330007f0a2fc5346052271
:10f9b8000521009358464b4607f09afc5946a06823
:10f9c80004f006fc01235840c000c0b200e0022049
:10f9d80003b0f0bcbb46b246a946a046f0bd012024
:08f9e800f6e70820f4e7c04631
:020000040000fa
:10f9f000f0b5c64600b50400150086b0a0b19ab1b6
:10fa000083688bb140f6003152882e798a420fd03c
:10fa100001318a4208d140f23c329d5825b1002183
:10fa2000995000230022a84706b080bcb846f0bd1c
:10fa3000022ef9d140f23c329b58002bf4d02b7ca3
:10fa4000082b15d0092b33d06b4628009e1d3200a1
:10fa5000022302211830faf799fd40f23c330021cd
:10fa6000a2682000d558d15000223388a847dbe790
:10fa70006b8a042be8d802ab042218006969984607
:10fa800007f0d2ff013e6b4628009f1d3a0002237b
:10fa900002211830faf77afd40f23c330021a268c7
:10faa0002000d558d150320041463b88a847bbe7db
:10fab0006b8a102bc8d802ab1022180069699846cf
:08fac00007f0b2ffdfe7c046ca
:020000040000fa
:10fac800f0b5431e040083b0033325d883681bb305
:10fad8008078f0b1022540f2582628009b5d184036
:10fae8001d4254d101252f001f401d4216d059b187
:10faf800dc082c400c701c092c404c705c092c4014
:10fb08008c709c092540cd7022b15b07db0f137008
:10fb180000e0012003b0f0bd0220fbe748f221021b
:10fb2800230000210520c0f2000205f0bdfe0500fb
:10fb380030b3002300221f21009707f01ffc002389
:10fb4800002220212800009707f018fc002300223b
:10fb580021212800009707f011fc00230022222110
:10fb68002800009707f00afc1e2100230022280025
:10fb7800009707f003fc2900a06804f029fb08b9e6
:10fb88000820c7e70221a268935d0b4393550a201a
:04fb9800c0e7c046bc
:020000040000fa
:10fb9c00c87400001a750000c8730000c873000018
:10fbac00c87300008a730000007400002874000001
:10fbbc00a67400004c7500006c750000b075000058
:10fbcc008e7500004c7500004c7500004c750000e3
:10fbdc004c7500004c7500004c7500004c75000015
:10fbec00047600004c7500004c7500004c7500004c
:10fbfc004c7500004c750000f0750000dc750000c1
:10fc0c004c7500004c7500004c7500004c750000e4
:10fc1c004c7500004c7500004c7500004c750000d4
:10fc2c004c7500004c7500004c7500004c750000c4
:10fc3c004c7500004c750000c875000086760000fd
:10fc4c004c750000727600006c7600004276000065
:10fc5c003c76000036760000307600001c76000002
:020000040000fa
:10fc6c00f0b54f464646d646c0b51f00431e0400ad
:10fc7c000e00150082b0033347d88368002b44d0a4
:10fc8c00002a42d04a1ed1b201293ed812019b183b
:10fc9c002d33ff331b78c3b32121280007f01efd41
:10fcac008046212831d0002f36d04121380007f072
:10fcbc0015fd8146412828d0a378012033b34bf29f
:10fccc00ed4223006021c0f20002013005f0eafd94
:10fcdc00824658b343460322019331000523009515
:10fcec0002f042fadfb14b46009701930523042240
:10fcfc003100504602f038fa5146a06804f066fa1a
:10fd0c0001235840c000c0b200e0022002b0e0bca9
:10fd1c00ba46b146a846f0bd40f20009cce742f223
:10fd2c00d413c0f2000301970093dfe70820ede73e
:020000040000fa
:10fd3c0010b50400902911dc00207f2927dd8039c3
:10fd4c000800102910d807f091fe2f2f3a0f110f31
:10fd5c000f0f230f0f0f0f0f0f0f3a00c02947d0b3
:10fd6c00f02945d0a02925d0002010e019683ab11f
:10fd7c000a1d1a6000228b5e2360db17636005e0ae
:10fd8c00081d18600b689bb223606260012010bdd7
:10fd9c00196822b10a1d1a600023cb56ece7081d26
:10fdac0018600b68dbb2efe71968eab10a1d1a603c
:10fdbc000b68e1e71a68111d19601368dce707206e
:10fdcc0019684ab1091881430a0008321a600a6896
:10fddc004b6822606360d9e7ca1d82431100083169
:10fdec00196053681268f4e7081d18600b68cbe7bc
:0efdfc001a68111d1960136823600023bee70a
:020000040000fa
:10fe0c00f0b5ce46474680b5040083b04cd01022e6
:10fe1c000378934303704623c35a002b44d05221da
:10fe2c004432455a0239825a415a9b1a6d1aad1afc
:10fe3c009ab295423dda002d36dd237a40f2b45960
:10fe4c00012b01d140f2c05944f66c18c2f20008e3
:10fe5c00434680211868fff75ff9060020b344f68b
:10fe6c00e533012280210094c0f2000303f046fa2e
:10fe7c00070008b34d4500dd4d462b00a188032239
:10fe8c00380004f043f944f67c13c2f20003390045
:10fe9c001868fdf729fc78b15422a35aadb2eb18bf
:10feac00a352237a012b0dd003b0c0bcb946b04687
:10febc00f0bd1d1ec1dcf7e743463100186805f0a4
:0cfecc0043f9f1e74533e552eee7c0468c
:020000040000fa
:10fed80040f2fd724b005b0df0b50d00591e040099
:10fee800914244d82a4a9e182ad420002900332e49
:10fef80025dc284a9b182dd4120cc0f20f02da40d8
:10ff080013004ff6ff722700c0f20f029f43f24022
:10ff180038002f00234097432a403900134373b118
:10ff2800002f0cda3400203c2bd480256d03e540eb
:10ff38002a0080246403f440230080185941f0bd4e
:10ff4800002d02db00200021f9e700210020cbf67c
:10ff5800f071f4e720224ff6ff73921bc0f20f03f3
:10ff680093401a0001235b42f3401343c9e7200082
:10ff78002900002be3d10022e90fcb07100019005c
:10ff8800dde720248025a41b6d03a5402a00d0e7c7
:08ff980001fcffffe1fbffff8c
:020000040000fa
:10ffa0001a7800009e7800003e7800001a78000061
:10ffb0001a7800003e780000b47800001a7800003b
:10ffc0001a7800001a7800001a7800001a780000e9
:10ffd0003e7800001a7800001a7800005e79000070
:10ffe0003e7800001a7800001a7800001a780000a5
:10fff0001a7800001a7800001a7800001a780000b9
:020000040001f9
:100000001a7800001a7800001a7800001a780000a8
:10001000887800001a7800001a7800001a7800002a
:100020001a780000267900001a7800001a7800007b
:100030001a7800001a7800001a7800001a78000078
:100040001a7800001a7800001a780000487800003a
:100050001a7800001a780000787900001279000000
:0400600048780000dc
:020000040000fa
:020000040001f9
:1000640030b50400a3680d00100083b0e3b16a4604
:1000740001230a210732faf787fa2b001e3b9bb2b1
:10008400042b3fd8264a9b00d35840f25821a0683d
:100094009f466b4601220724db799b001343425c95
:1000a4002340a2431343435403b030bd6b460122a3
:1000b4002024db791a40435c5201a3431343435485
:1000c400f2e76b4601221024db791a40435c1201eb
:1000d400a34313434354e7e76b4601220824db7927
:1000e4001a40435cd200a34313434354dce76b46fa
:1000f40001224024db791a40435c9201a343134359
:100104004354d1e707f04afe0328cdd907f040fe57
:1001140041f610512a00c0f2000103f0f3fbc3e7db
:04012400f877010067
:020000040000fa
:020000040001f9
:10012800f0b5ce46474680b5846a060083b0ccb3a6
:10013800ff27237f012b35d1a269110a39400b0112
:100148005b1a44f2d011c2f200018c463a409b007f
:1001580055006344db69ad18ed00ed1872696b69f1
:100168009a4207d02800f36800215b691430984749
:100178006b697361237d022b19d0042b1fd0012bcf
:1001880010d101332377f368a268616860881b681f
:10019800984738b922002900300005f007f9b46af9
:1001a800002cc6d103b0c0bcb946b046f0bd237719
:1001b800f3682269e16860885b689847e9e7022389
:1001c8002377636822699946f368e1689c46a368c7
:1001d8006088009363469b6898464b46c047d8e7bb
:020000040000fa
:020000040001f9
:1001e800f0b544f2f47446464f46d646c2f20004cf
:1001f8002578c0b5904606000f00cdb36578bdb32d
:1002080040f6000a002939d040f20049002e3fd0bc
:100218001622a35e534506d052460021a06806f078
:10022800a3fe5346e38243463a002169207afef74b
:100238008ffb1422a35e4b4506d000224946606816
:1002480006f092fe4b46a38243463100e2682079cd
:10025800fef77efb237e002bfcd0237e002bf9d0fb
:1002680007f038fe237e013bdbb2237607f036fe2b
:100278002800e0bcba46b146a846f0bd44f2b4270f
:1002880040f2000a40f20049c2f20007002ebfd136
:1002980044f2445640f20009c2f20006b8e7c046ec
:020000040000fa
:020000040001f9
:1002a800f0b583b000283adc4301181844f24c1327
:1002b8008000c2f20003c6181b5cdb0741d5b38877
:1002c80023b344f66c17c2f2000780213868fef7a2
:1002d80025ff05003cd044f6e53301228021009635
:1002e800c0f2000303f00cf80400f8b1b18805f07f
:1002f80093fe44f67c13c2f2000318682100fdf750
:10030800f5f9030000208bb103b0f0bd44f69c134f
:100318005f22c2f200031a6001204042f4e744f66b
:100328009c130922c2f200031a60f5e72900386815
:1003380004f00cff44f69c134d22c2f200031a602d
:10034800eae744f69c130e22c2f200031a60e3e7c0
:1003580044f69c130c22c2f200031a60dce7c04684
:020000040000fa
:020000040001f9
:10036800f8b50e001500002845dc4301181844f2c2
:100378004c13c2f200039c4680006044037a022baf
:1003880032d104f02dfc040043d00378db0739d5c3
:100398009eb195b1038d0c27043b5a1e93415b42d5
:1003a8001f402a681037ba4201d93a002f6021004d
:1003b8003000283107f034fb2f60237a022b05d058
:1003c80008222378a07a13432370f8bd2000fcf795
:1003d80011ff0028f4d144f69c130c22c2f200034a
:1003e8001a6001204042f0e744f69c137a22c2f2d8
:1003f80000031a60f5e744f69c130922c2f20003d1
:100408001a60eee744f69c130e22c2f200031a604b
:10041800e7e744f69c130b22c2f200031a60e0e7f8
:020000040000fa
:020000040001f9
:10042800f0b583b009b100230b6028b303781bb380
:10043800002200240025013082b1032a14d02e2b7b
:1004480014d0303bdbb2092b16d824021c430378a6
:100458000132d2b24bb30130002aeed1303bdbb2cd
:10046800092b09d80022f0e72e2b05d140f20553bd
:10047800c0f202039c4202d9002003b0f0bd6423fd
:100488002202120e26045343360eb200921952006d
:100498009b181b1901aa535503786f1c0024fdb241
:1004a8001bb10130042dd9d1e6e7032de4d140f288
:1004b8000553c0f202039c42ded864232202120ec6
:1004c80020045343000e8200121852009b181b1977
:1004d80001aad37009b1019b0b600120cde7c0468a
:020000040000fa
:020000040001f9
:1004e800f0b5d6464f46464644f248543023c0b588
:1004f800c2f20004e35c05004bb33123e35c984689
:100508006b1e03332ed84ff6ff762e40042e29d8c3
:1005180044f21c09c2f20009ca467601b2445346a5
:10052800db6901279d421ed14b469b5ddbb15346db
:100538005b78002b2dd144f21c03c2f20003f218a1
:100548000023137553754a46002793550be038224c
:10055800a15c0127012913d03800e0bcba46b14696
:10056800a846f0bd012708204146205606f0fcfdac
:100578003023e35c002befd101223833e254ebe760
:100588000820a354205605f089fc31238046e05406
:10059800b6e7504605f02af8002352465370cae7da
:020000040000fa
:020000040001f9
:1005a800f0b40125ed070c005c402c40a446ae0acf
:1005b8004c18df18f4423dd2f74244d2640d4ad0b9
:1005c8007f0d3bd0e41bc9022943cf0adb022b4332
:1005d800db0a0600b61a9f4104d2013cb6197f41d6
:1005e800b6185f416812800d241836dd0018844261
:1005f80024d8e80c0021b6197f41b61a9f4103d3cd
:1006080040414941f7d304e0b6185f410018494119
:10061800f1d32405b6197f41b61a9f4105d3374354
:10062800c20717430022012f50416141624611431e
:10063800f0bc70470ad148b9f74207d20020c1433d
:10064800490d0905f2e70ab9f74206d00020c1436f
:10065800090dc904ece77f0df8d000206146e7e7f3
:020000040000fa
:020000040001f9
:10066800f0b54746ce4680b51f00431e04000e0075
:10067800150083b0033345d88268002a42d04b1e48
:10068800d9b201293ed81b01d2182d32ff32137876
:10069800c3b3afbb002d3bd040f20111280007f0d7
:1006a8001ff840f20113804698422bd0a37801200e
:1006b8004bb34bf2ed42230040f20011c0f20002ae
:1006c800013005f0f1f8814628b30023292201936f
:1006d800310000970a3301f049fd45b1434606222f
:1006e8000193310005234846009501f03ffd494636
:1006f800a06803f06dfd01235840c000c0b202e0bd
:10070800002dc9d1022003b0c0bcb946b046f0bd27
:0c07180040f20008cae70820f5e7c046e0
:020000040000fa
:020000040001f9
:10072400f8b5ce46474680b504f0acfb050070b181
:10073400066833019c1b984644f2d013a400c2f20d
:100744000003e7183b0034331a78012a03d0c0bcf5
:10075400b946b046f8bd002238001a7001f04af9d3
:100764000028f4d044f2d0132834c2f20003e21873
:10077400bb6abbb140f20009286903e028331a00c0
:1007840013687bb199698142f8d1197f0129f5d1a8
:100794009c6a14604c4659751c779c621c701368e3
:1007a400002befd1380001f03dfb43469e1b44f281
:1007b400d013c2f200039c46b6006644736801225b
:1007c400013b736000235242b3706b7134360133c2
:0807d4002a613370bbe7c04647
:020000040000fa
:020000040001f9
:1007dc00f8b543f6345340f23414c2f200039c468d
:1007ec0044436444230020331b7805005bb2002b88
:1007fc0005dda36b13b1667a012e0dd0f8bd07f0a1
:10080c00c9fa0228fad907f0bffa40f22821c0f23f
:10081c00000106f00bfaf1e7226cbab19047230005
:10082c003c331b7807008342e8d0012829d0237978
:10083c0003b33e0043f6345240f23413c2f20002ca
:10084c0094466b4363443c331e70d7e73c342278a8
:10085c00012ad3d043f6345240f23414c2f20002cf
:10086c0094466c43644400220821606b9847002333
:10087c002371dfe700220921606ba36b9847267177
:08088c00d7e7a36be6e7c046c5
:020000040000fa
:020000040001f9
:10089400f0b5c64600b582b01d006b4604001600d4
:1008a400d98000284ad06b46db88002b46d009af9c
:1008b4003b88002b42d040f2c0520aab98461b88ba
:1008c40093423bd880210b9b490201338b4235d89c
:1008d4000c9b9bb30d9b934230d840f6066101f00c
:1008e400d7f858b36a460223032120000632fef7e4
:1008f40035f92a0031002000089b06f0d5f80223c0
:100904003a0003212000fef729f90223424603217d
:100914002000fef723f90b9b013305d004230221a9
:1009240020000baafef71af9200006210d9b0c9a51
:10093400fef714f9200001f0bdfa00e0002002b037
:0809440080bcb846f0bdc046be
:020000040000fa
:020000040001f9
:10094c00f0b5ce46474680b5431e04008db0033348
:10095c0044d88368002b41d08278b2b31a68013234
:10096c0033d07b229a5c002a3ad17c2042f20007d9
:10097c001d5cc2f200076a1cd2b21a543e78964231
:10098c0029d940f200327c269950b1b91be040f2d3
:10099c0000384046a3683a78995d1b580131994656
:1009ac002000c9b201abc847e0b1a268935d013326
:1009bc00dbb293553978994219d9200001a902f07c
:1009cc00a5f80500e3d0002000e001200db0c0bc6c
:1009dc00b946b046f0bd1d547738f7e70220f5e76d
:1009ec000320f3e74246a36898500020eee7434605
:0809fc000020d550eae7c046d7
:020000040000fa
:020000040001f9
:100a0400f0b50300002013b109b1282a00d8f0bdc5
:100a140018001d0003780f2440f23a0c10351a090f
:100a24009f2b28d9573217000f70037801272340d2
:100a34004a1c092b28d957331e0016704378511cc1
:100a440001271a099f2b2ad9573216000e704378b2
:100a54004a1c234019003031092b01d9573319009e
:100a640002301170854222d0634653700378911c82
:100a74001a099f2bd6d817003037002ad4d1234027
:100a84000a000027092bd6d81e003036002bd4d1fb
:100a94001100002fd1d143781a099f2bd4d8160006
:100aa4003036002ad2d10a00002fd2d0cee700235c
:080ab40001205370abe7c046be
:020000040000fa
:020000040001f9
:100abc0030b405004d400124e407254042004b00b2
:100acc00120e32d01b0e3cd0ff2a33d0ff2b3fd05e
:100adc00d21800022043000a09022143090ac4b2b9
:100aec004c43000ac3b24b43000a4843210a5b182b
:100afc00190a091801d44900013a080a7f3a2adb7d
:100b0c00fe2a0fd2d2051c43240601d00124214316
:100b1c00c9b280295041802901d1400840002843a6
:100b2c0030bc7047ff20c005f9e71b0eff2b0ad025
:100b3c002800f5e7400206d1ff2bf3d1490202d180
:100b4c00f0e7ff2af4d17f2000010c300005e7e725
:100b5c004902f8d1e6e743020132e9d15b120233d4
:060b6c00e6d9d805e4e71c
:020000040000fa
:020000040001f9
:100b740070b505000e0051d000284fd144f24854fe
:100b840001223823c2f20004e2540b686360db687c
:100b94009847a02200230021e06004f0dbff46f622
:100ba40000420023c0f2dc2205f0daf9022200231d
:100bb4008018594120623379002223724ff6ff7363
:100bc400a3615b082561e3610023a262e362302331
:100bd4004ff2e930e554636800211b686563c0f295
:100be4000000984763681a6912b1208b90476368c4
:100bf400e0695b6980b2984763685b68984744f230
:100c04001c00a0220021c2f2000006f015ff0223fe
:100c140044f248502370c2f2000070bd01204042eb
:040c2400fbe7c046e4
:020000040000fa
:020000040001f9
:100c2800f8b544f248543023c2f20004e35c0500ee
:100c38006bb93822a15c0127012901d03800f8bd21
:100c48000820a354205605f029f93123e0546b1edf
:100c580003332dd84ff6ff762e40042e28d844f2c1
:100c68001c027601c2f20002b318d96901278d422d
:100c78001fd1925deab15a78c2b99a680ab95a681e
:100c88009a6044f21c03c2f20003f0183023e35cbc
:100c9800ebb902f06bfe44f21c03c2f200039c465f
:100ca800002366443375737501337370002700e0c1
:100cb800012731230820e15c205606f055fa30233d
:100cc800e35c002bbad101223833e254b6e701f0d5
:040cd800d5fae0e782
:020000040000fa
:020000040001f9
:100cdc00f8b50400431c18d0037803b9f8bd1021f3
:100cec00456af9f7bdf8e678e6b9a77b012f24d061
:100cfc0007f050f80228f1d907f046f840f61851e1
:100d0c00c0f2000105f092ffe8e707f043f8022873
:100d1c00e4d907f039f840f6c041c0f2000105f003
:100d2c0085ffdbe7002340f2fd32a371aa8201228a
:100d3c00ab722b8913432b81d0e70a20a673205664
:100d4c0005f0aaf840f2fd330122a671ab82ae7217
:100d5c002b8913432b81e378002bbfd168b10a2375
:100d6c00e356002b09db1f215a090b404ef20011f0
:100d7c009f40cef20001920057500123a373ade7c0
:020000040000fa
:020000040001f9
:100d8c00f0b5c64600b50400150084b038b132b1d8
:100d9c00866826b141f2006352889a4203d004b0af
:100dac0080bcb846f0bd2b79042bf8d128006a46dc
:100dbc000221023b06321030f9f7e2fb05236b44ab
:100dcc00984628000123424602211830f9f7d8fb37
:100ddc00280002af06233a000b212030f9f7d0fb94
:100dec00280001230221283001aaf9f7c9fb0123ad
:100dfc00bb7143461b789bb9aa33f25a6b46db880e
:100e0c009a42ccd131009c316b4604229a5640f266
:100e1c000c330a73f358002bc1d020009847bee75f
:100e2c003900200002f0f0fb0100edd1b7e7c0461d
:020000040000fa
:020000040001f9
:100e3c00f0b50400150085b028b1022b09d0032ba6
:100e4c0024d0012b01d005b0f0bd100005f0f0f955
:100e5c00f9e70a9a002af6d08268002af3d040f605
:100e6c0006010a9800888842edd10a994988002920
:100e7c00e9d040f2b4215658002ee4d00431515838
:100e8c00200000932a000023b047dce70a9b002bcc
:100e9c00d9d08368002bd6d040f606030a9a528824
:100eac009a42d0d10a9b1b79012bccd10e270a98e0
:100ebc006f443a00013302211030f9f761fb40f224
:100ecc00b423a268d658002ebdd040f2b821515898
:100edc0000223b88200000922a00b047b3e7c046ae
:020000040000fa
:020000040001f9
:100eec00f0b5c64600b5451e04000f0090461e0026
:100efc0082b003353cd88568002d39d0002b37d013
:100f0c008378002b36d040f25c33eb580a205bbb65
:100f1c00290038007f3106f0f3fa18b97e23eb5c18
:100f2c0043452bd096230022ea5248f2210223009b
:100f3c0000210120c0f2000204f0b4fc0500d8b17d
:100f4c0043460a21009305223b0006f015fa2900be
:100f5c00a06803f03bf978b140f25c32a368012140
:100f6c009e5088220020995402b080bcb846f0bd37
:100f7c000220f9e70120f7e70820f5e77e3520008d
:100f8c000123012201210095b0470020ece7c04667
:020000040000fa
:020000040001f9
:100f9c00f0b5c64644f24858c2f2000843464246f1
:100fac00414652695b6b00b50a6123b147f6ff728b
:100fbc00996891423ad943465b6900251c0047f673
:100fcc00ff720023a4185d4143465b6800279b69b0
:100fdc00984743461b690600834204d94ff6ff72bb
:100fec000023b6185f414346196a00230a00921980
:100ffc007b41ab4216d813d04346dc6143464ff6d7
:10100c00ff72db691a4202d101234246d361434687
:10101c00d8695b6880b25b69984780bcb846f0bd04
:10102c00a242e9d943468919d961e7e79968434651
:10103c005b6900251c000a000023a4185d41c3e76e
:020000040000fa
:020000040001f9
:10104c0070b584b01e000d001400089b5ab913b182
:10105c001b78002b37d142f2f8210020c0f200019e
:10106c0002f04cfc18e0f3b1012939d0089b013394
:10107c00a6b142f2f022c0f2000242f28031039299
:10108c0000220020029201920092c0f200012a007c
:10109c0002f034fcac421bd004b070bd42f2d4124e
:1010ac00c0f20002e9e70223009340f24c2346f61b
:1010bc00947242f220310020c0f20102c0f2000111
:1010cc0002f01cfce8e70223009340f23a23eee71f
:1010dc0042f2a8310020c0f2000102f00ffcdbe765
:1010ec0042f254310020c0f2000102f007fcbde7cf
:020000040000fa
:020000040001f9
:1010fc00f0b54b6889b004930b6805000c009c4656
:10110c008e68cf68079310685168cb0f0593002940
:10111c0042da0b000200002150429941049b002b43
:10112c0008db0222634693430793059b13b9079b85
:10113c005a0722d5731e07aa02920a220093019223
:10114c000b000200200002f067f8059bcbb12d23a9
:10115c0001383b542269079b013a121a3918009343
:10116c002800330001f032ff6b68db0503d56368a0
:10117c00984200da180009b0f0bd1b07db0ff31a18
:10118c00d9e7079b5a0702d52b230138e1e71b0748
:10119c00e0d520230138dce7049b002bc1dac6e73d
:020000040000fa
:020000040001f9
:1011ac00f0b5d6464f4646460500c0b5012847d88f
:1011bc0044f2d0120401241ac2f20002a400a05c72
:1011cc0000283dd13c2340f2011740f2010a6e4247
:1011dc003340d618b78656469446a6540e684a69cc
:1011ec006444e660a2614a6844f2d0179046ca682b
:1011fc00c2f2000794468a68b946a2600a6947465b
:10120c0062621a0018324a44576067469760524629
:10121c00a2858a69a0626060a0702063226162610d
:10122c0044f239504a46c0f201009918b369984704
:10123c00022328006370e0bcba46b146a846f0bd54
:08124c0001204042f7e7c04613
:020000040000fa
:020000040001f9
:10125400f0b557464e464546de4682469046002443
:10126400e0b51e0083b0234b01911d7865b10134b4
:101274004c330a2cf9d10027380003b0f0bcbb462c
:10128400b246a946a046f0bd4c2343f2e83b634373
:10129400c2f2000b99465f464f444c2200213800ad
:1012a40006f0cafb01234a463b725b460134d45420
:1012b40053467b60019bbb723b0044331d70434625
:1012c40033b148460c301c224146584406f0aafb70
:1012d400002ed1d043f2e8324b46c2f200029446cb
:1012e4002833634413ce13c31a000bce0bc23368e6
:0812f4001360c1e7f033002094
:020000040000fa
:020000040001f9
:1012fc0010b50d280dd8274b80001b589f4643f284
:10130c00e0630022c2f20003da721a735a739a7302
:10131c00da7310bd43f2e0630122c2f20003da7209
:10132c00f7e743f2e0630022c2f20003002106203b
:10133c00da721a735a739a73da73f1f77bffe8e770
:10134c0043f2e0630022c2f2000300210620da72ad
:10135c00f1f770ffdde743f2e0630122c2f2000314
:10136c001a73d6e743f2e0630122c2f200035a7308
:10137c00cfe743f2e0630122c2f200039a73c8e79d
:10138c0043f2e0630122c2f200030868da7306f04c
:08139c009bf8bee73c64010070
:020000040000fa
:020000040001f9
:1013a40010b500284dd0002301223c21fd240287e2
:1013b40043542c3143540831c366445428314367a1
:1013c4008367435440f210314354083143545c3131
:1013d4004352012100249c334942c1500c33c4546c
:1013e400023bc45404330400c252030000222d34cf
:1013f400ac33ff3419609a72d9811033a342f9d106
:1014040040f22c130121c2541033c2546833c25425
:10141400c033c154043bc250a033c2500433c25041
:101424000833c2503033c250343bc2503833c250f8
:101434000433c250f43bc25000211422243006f07d
:04144400fbfa10bde2
:020000040000fa
:020000040001f9
:1014480070b50400150086b078b172b1866866b1cf
:1014580010005388117941f600121030934206d0db
:101468000132934201d1012923d006b070bd03296e
:10147800fbd140f27033f358002bf6d004236a46b0
:101488000139f9f77ff82b7e082b22d0092becd1f4
:10149800280007330921183002aaf9f773f8022344
:1014a80001aa137040f2703320000099f35898474e
:1014b800dbe740f270357359002bd6d001aa04231c
:1014c8000131f9f75ff80022200001997359984714
:1014d800cbe72800043b0821183002aaf9f752f894
:0414e8000123dde718
:020000040000fa
:020000040001f9
:1014ec00f0b5c64600b5431e04000e00150082b0d0
:1014fc0003330ed8836863b15ab182785ab140f283
:10150c005c329b580a2098463bb102b080bcb8466e
:10151c00f0bd0220f9e70120f7e748f22102230091
:10152c000021c0f20002083804f0bcf90700f8b141
:10153c00022e1fd0012e19d1434600220a210093fe
:10154c00002305f019ff4346002200930c210023d1
:10155c00380005f011ff3900a06802f037fe38b1f1
:10156c0040f25c33a2680020d550cee706f0f4fbc5
:10157c000820cae74346002200930b21002305f004
:04158c00fbfee8e793
:020000040000fa
:020000040001f9
:10159000f0b5c64644f24854302300b5c2f2000408
:1015a000e35c0500d3b13123e35c98466b1e033343
:1015b0001dd84ff6ff732b40042b18d844f21c02a1
:1015c0005b01c2f200029f18f96901268d420fd11a
:1015d0009b5c6bb17b780bbb002609e03822a15cd9
:1015e0000126012911d0300080bcb846f0bd01268b
:1015f00008204146205605f0bbfd3023e35c002b5c
:10160000f1d101223833e254ede70820a3542056eb
:1016100004f048fc31238046e054c7e7380003f06b
:10162000e9ff00233b757b707b757b680026bb6000
:04163000dee7c046eb
:020000040000fa
:020000040001f9
:1016340030b591b00c0040220021684606f0fcf958
:1016440044f64413c2f200035d68bdb140f2015395
:101654009c4224d040f202539c422dd0149b1a7811
:10166400012a15d0022a0bd1149b6a46191d0620a3
:101674004023faf7d5f869460a20a84711b030bdcf
:1016840042f2ac010020c0f2000102f03bf9f5e7a0
:10169400191d6a4640230420faf7c2f8ebe742f228
:1016a400680140f201520020c0f2000102f02af960
:1016b40000210c20a847e1e742f28c0140f20252db
:1016c4000020c0f2000102f01df900210b20a84700
:0416d400d4e7c04651
:020000040000fa
:020000040001f9
:1016d80010b5002831d143f634542023c2f2000457
:1016e800e356022b0bd10f2934d16378b3b9012209
:1016f80043f634506270a363c2f2000010bd06f0d6
:101708004bfb0228f1d906f041fb40f2b021c0f2b0
:10171800000105f08dfa6378002be8d006f03cfb59
:10172800032807d906f032fb40f23c31c0f2000131
:1017380005f07efa01204042e0e706f02dfb032881
:10174800f8d906f023fb40f27021c0f2000105f041
:101758006ffaefe706f020fb0328c6d906f016fb60
:1017680040f2f821c0f2000105f062fabde7c04678
:020000040000fa
:020000040001f9
:10177800f0b507000e0014001d00022095b01bb143
:10178800012a0dd0022a01d015b0f0bd5022002147
:10179800684606f04ff91a9b7f2b22d92000f3e701
:1017a8001a9b1f2bf0d80023009303932b686a46db
:1017b8000193012313701a9a1f339b1a0338984018
:1017c800029006f09dfb6b4602221b7802901343a1
:1017d8006a463100137038006b460422faf776fa2d
:1017e800d2e71022290006a806f01af9694628232c
:1017f8001a9a3800ca5402220b7813430b70052238
:101808006b463100faf762fa04002000bce7c046d4
:020000040000fa
:020000040001f9
:1018180070b505001c0096b028b1012b05d0022b2d
:1018280001d11a9b2bb916b070bd100004f002fd4f
:10183800f9e78368002bf6d041f201221a9909884a
:101848009142f0d11a9a568840f204329b58002be4
:10185800e9d01a9b587a0028e5d0d96802aa04f082
:101868001dfa0028dfd00423022101aa02a8f8f7f4
:1018780089fe019b6bb940f20433aa68711e8e4140
:10188800d358012103227642280032404942984722
:10189800c9e7012bc7d140f20433aa68d35806b16f
:1018a800032401212200280049429847bbe7c0468b
:020000040000fa
:020000040001f9
:1018b800f0b54746ce4680b51f00431e04000e0013
:1018c800150083b003333bd88268cab3c5b34b1e37
:1018d800d9b2012934d81b01d2182d32ff3213781e
:1018e80073b32121280005f0fbfe8046212827d06c
:1018f800a37801202bb34bf2ed4223002021c0f244
:101908000002013003f0d0ff8146f8b100232822fd
:101918003100019300970a3300f028fc4346012266
:101928003100019348460523009500f01ffc494605
:10193800a06802f04dfc01235840c000c0b200e08e
:10194800022003b0c0bcb946b046f0bd0820f8e795
:020000040000fa
:020000040001f9
:1019580000b5080087b0042a0ad8244b92009b5887
:101968009f4642f2d8110020c0f2000101f0c8ffe2
:1019780007b000bd42f274110020c0f2000101f06e
:10198800bffff5e742f2a8110020c0f2000101f004
:10199800b7ffede742f244110020c0f2000101f068
:1019a800afffe5e704a901f067fe0028e0d142f2a5
:1019b800d401c0f2000101f0a3ff69466b466a46f4
:1019c800497d5b7c127c03916946097d0020029168
:1019d8006946c97c01916946897c009142f2fc0103
:1019e800c0f2000101f08cffc2e7c046fc7801009c
:020000040000fa
:020000040001f9
:1019f800036b70b50400856933b93522815c00201a
:101a0800012900d070bda3542b783bb1042028567f
:101a180004f044fa3a23e0540120f3e706f05afab6
:101a280006006868431c28d1a868431c1cd1e868d4
:101a3800431c10d12869431c04d1300006f04efa2b
:101a48000120dfe740b204f029fa3923e0543000de
:101a580006f044faf4e740b204f020fa3823e054e0
:101a68002869431ce9d0ede740b204f017fa3723a0
:101a7800e054e868431cddd0ede740b204f00efa0c
:0c1a88003623e054a868431cd1d0ede7e1
:020000040000fa
:020000040001f9
:101a940070b504002dd00069002838d0227b637b08
:101aa4009a4217d2e38a072b1fd9e26900251060f6
:101ab4000e0a206281700100083b05704670457172
:101ac400e3820823083121614021938093790b43f9
:101ad400937170bd44f66413c2f200031b6823b112
:101ae40041f27410c0f200009847002323610020e3
:101af400efe744f66413c2f200031b68002bf6d030
:101b040041f20c10c0f2000098470020e1e744f6cf
:101b14006413c2f200031b68002be8d041f24410a6
:0c1b2400c0f2000098470020d3e7c04644
:020000040000fa
:020000040001f9
:101b300043f2000342f24002c4f20003c0f220026a
:101b400010b51a6042f240021a61422101220220bd
:101b50005a5403315854462400211955013418555c
:101b600001341a5501341a55043418554c301a549e
:101b700002301a5401301a5401301a5401301a54e8
:101b800001301a540130195401301a5401301a54da
:101b900001301a5401301a5428381a5431329954e9
:101ba0000330013299541a54033299540132995432
:101bb0000430153a1a5401301a54013019543b318b
:0c1bc0005a541a322b31995410bdc04603
:020000040000fa
:020000040001f9
:101bcc0070b505003ed144f2b434c2f20004a37add
:101bdc00266833b9237c83b9237edbb9a37f33bb5f
:101bec0070bda179300004f005fb3000a17904f040
:101bfc00a7fa237ca572002beed0217b300004f0d9
:101c0c00f9fa3000217b04f09bfa00232374237e25
:101c1c00002be3d0217d300004f0ecfa3000217d64
:101c2c0004f08efa00232376a37f002bd8d0a17e5c
:101c3c00300004f0dffa3000a17e04f081fa0023ba
:101c4c00a377cde706f0a6f806f09ef842f68801d9
:0c1c5c00c0f2000104f0eaffc2e7c0463d
:020000040000fa
:020000040001f9
:101c6800f8b544f248543023c2f20004e35c05009e
:101c7800002b2fd03123e15c08206b1e2056033344
:101c88001dd84ff6ff732b40042b18d844f21c06be
:101c98005b01c2f200069a19d769bd420fd19b5d5c
:101ca8006bb10023167d137505f05efa3023e35cf3
:101cb800f6b2e3b15eb12800fef712fc08e005f0c9
:101cc80053fa3023e35c13b901223833e254002677
:101cd8003000f8bd3822a15c0129f8d10820a354ae
:101ce800205604f0dbf831230100e054c4e7012258
:081cf8003833e254dee7c04678
:020000040000fa
:020000040001f9
:101d000010b544f6100401225242d317c2f2000467
:101d100022606360a260e36047f6f530002342f280
:101d20001072237600216376c0f20100a37601339e
:101d300003f072f9206047f60540012341f2883232
:101d40000021c0f2010003f067f9606047f615401a
:101d5000012340f2f4120021c0f2010003f05cf90b
:101d6000a06047f67510012340f2f4120021c0f282
:101d7000010003f051f9e0602068fff709fc60689a
:101d8000fff706fca068fff703fce068fff700fc24
:041d900010bdc0467c
:020000040000fa
:020000040001f9
:101d940030b405004d400124e407254042004b00c7
:101da400120e26d01b0e34d0ff2a2dd0ff2b35d097
:101db400d21a000220430902214343084908a00d16
:101dc4005b1a02d2013a5b005b185b008b4200d3c2
:101dd4005b1a4041f9d37f3222ddff2a06d2d205b5
:101de400c91a8b425041284330bc7047ff20c005bc
:101df400f9e71b0e03d0ff2b12d1490210d07f202c
:101e040000010c300005efe74002f8d1ff2bedd1c3
:101e1400f5e7ff2aead14002f1d1e7e74902eed122
:041e24002800e1e7ca
:020000040000fa
:020000040001f9
:101e280070b5856904002b785bb13a23c15c042046
:101e3800285605f099f9236b13b901223533e2547a
:101e480070bd06f047f806006868431c27d1a868eb
:101e5800431c1bd1e868431c0fd12869431c03d1dc
:101e6800300006f03bf8e6e7392340b2e15c05f0c4
:101e78007bf9300006f032f8dde7382340b2e15c48
:101e880005f072f92869431cead0ede7372340b220
:101e9800e15c05f069f9e868431cded0ede736231c
:101ea80040b2e15c05f060f9a868431cd2d0ede7c8
:020000040000fa
:020000040001f9
:101eb80070b5040030d0026afab10369ebb1017b56
:101ec80088002018436a01311d0a95718025d37155
:101ed800e2696d42967908339b08354395714362f0
:101ee80013002173a16908330968e3618b4221d289
:101ef800002393609381012070bd44f66413c2f2fd
:101f080000031b6823b141f24410c0f20000984757
:101f1800002323610020efe744f66413c2f20003b4
:101f28001b68002bf6d041f20c10c0f20000984755
:0c1f38000020e1e70023e361dde7c04684
:020000040000fa
:020000040001f9
:101f4400f0b5c64600b504000d0017001e0082b0af
:101f5400f0b14b1c32d00b0c9846bbb9ff2917d8f3
:101f640040f60901fff794fd90b101950423032184
:101f7400200001aafcf7f2fd320039002000089b82
:101f840004f092fd2000fff795ff02e0ff2b04d937
:101f9400002002b080bcb846f0bd40f60901fff74e
:101fa40077fd0028f4d043460195012bded00423ad
:101fb4000421200001aafcf7d1fddde740f6090168
:0c1fc400fff766fd0028ddd1e2e7c04613
:020000040000fa
:020000040001f9
:101fd00010b582b000936b460400d9809a8090b30c
:101fe0006b46db887bb36b4640f2b4529b889342ce
:101ff00029d88021009b490201338b4223d8049bbe
:102000000bb3059b93421ed840f60561fff742fdd6
:10201000c8b16a460223032120000632fcf7a0fd66
:1020200002230321200001aafcf79afd009b013343
:102030000cd120000621059b049afcf791fd20009d
:10204000fff73aff00e0002002b010bd04236a460b
:0c20500002212000fcf784fdebe7c046f5
:020000040000fa
:020000040001f9
:10205c00f0b5c64600b5431e04000e00150082b054
:10206c00033334d8836893b38ab34a1ed1b201299f
:10207c002dd812019b182d33ff331b783bb340f244
:10208c000111280005f02afb40f2011307009842c9
:10209c001dd0a3780120dbb14bf2ed42230040f2be
:1020ac000011c0f2000203f0fdfb8046a0b1052335
:1020bc00052231000197009500f056f84146a068c2
:1020cc0002f084f801235840c000c0b200e00220a6
:0c20dc0002b080bcb846f0bd0820f9e757
:020000040000fa
:020000040001f9
:1020e80042f600010122c4f200010b7810b5134337
:1020f8000b7010004b6818401a42fad1aa231b0330
:10210800cb61182308620b6143f65c731022202010
:102118000324c2f200031a721a751a540c301c54a4
:102128000c3001341c540c301a540c301a540c3036
:102138001a540c301a540c301a540c301a540c30ef
:102148001a540c301a540c301a540c301a540c30df
:102158001a540b780e3a134342f600020b70022110
:0c216800c4f2000253681942fcd110bd03
:020000040000fa
:020000040001f9
:1021740070b584b01e006b4604001500d971c0b15f
:102184006b46db79042b14d8531c03d0130c73b99e
:10219400ff2a0ed841f200112000fff779fc40b16c
:1021a4006b46db7943b92000fff784fe02e0ff2b86
:1021b400f0d9002004b070bd6a4601230321200039
:1021c4000732fcf7cbfc6b1cedd003952d0c0423dc
:1021d40003aa012d0ad904212000fcf7bffc310019
:1021e4002000099b089a04f05ffcdce7032120002f
:0821f400fcf7b4fcf3e7c04660
:020000040000fa
:020000040001f9
:1021fc00836870b5050000219868fbf747fc40f236
:10220c006023aa68d4586cb10433d35c012b09d079
:10221c0040f2682340f2b021d31851582800012213
:10222c00a047aa6840f20433d358d3b17921515c4a
:10223c00c1b1002400e0aa68210153181800ac3089
:10224c00006801300ad0b6331b783bb140f204333e
:10225c00ac31d35851182800002298470134082c6f
:10226c00e9d170bd7a21515c0029fad09c32110061
:08227c00280000229847f4e756
:020000040000fa
:020000040001f9
:10228400f0b5c64600b582b0002835d044f24856b1
:10229400c2f200068368716b9c4649b38f680022c2
:1022a4000023bc452ad38e680025340088468969fa
:1022b40012196b4151b18e68009600260196009e5a
:1022c400019fb6185f410fb9b445ecd28161414614
:1022d400886161468a1a81690023826019b1806825
:1022e4008a68121a8a60180002b080bcb846f0bd31
:1022f400836001237063f6e70023f4e763467063a9
:08230400836081610123eae717
:020000040000fa
:020000040001f9
:10230c0070b584b0040015001e000191c0b1019a93
:10231c000132012a14d86b1c03d02b0c73b9ff2d7e
:10232c000ed840f200412000fff7aefb40b1019bfc
:10233c00013308d12000fff7b9fd02e0ff2bf0d9e3
:10234c00002004b070bd04230221200001aafcf778
:10235c0001fc6b1ceed003952d0c042303aa012d5c
:10236c000ad904212000fcf7f5fb31002000099b61
:10237c00089a04f095fbdde703212000fcf7eafb4b
:04238c00f3e7c0466d
:020000040000fa
:020000040001f9
:1023900030b583b0040006a805786846c171827123
:1023a0004371a4b38279c379022a30d842791343a6
:1023b000012b2cd8099b53b340f606012000fff7f0
:1023c00069fb20b36a462000012303210732fcf792
:1023d000c7fb6a462000012303210632fcf7c0fb3d
:1023e0006a462000012303210532fcf7b9fb2900ce
:1023f0002000089b079a04f059fb200005210a9b46
:10240000099afcf7adfb2000fff756fd00e0002025
:0424100003b030bd28
:020000040000fa
:020000040001f9
:1024140070b584b0040015001e000191c0b1019a8a
:102424000132022a14d86b1c03d02b0c73b9ff2d74
:102434000ed840f600112000fff72afb40b1019ba3
:10244400013308d12000fff735fd02e0ff2bf0d95e
:10245400002004b070bd04230221200001aafcf76f
:102464007dfb6b1ceed003952d0c042303aa012dd8
:102474000ad904212000fcf771fb31002000099bdc
:10248400089a04f011fbdde703212000fcf766fb4a
:04249400f3e7c04664
:020000040000fa
:020000040001f9
:10249800f0b5c64600b5431e04000e00150082b014
:1024a800033330d8836873b36ab34a1ed1b20129a3
:1024b80029d812019b182d33ff331b781bb3212118
:1024c800280005f00df9070021281cd0a378012069
:1024d800d3b14bf2ed4223002021c0f2000203f0f9
:1024e800e3f98046a0b10523022231000197009547
:1024f800fff73cfe4146a06801f06afe0123584000
:10250800c000c0b200e0022002b080bcb846f0bdf6
:042518000820f9e7b7
:020000040000fa
:020000040001f9
:10251c0070b544f2b824c2f20004a16ce26c82b033
:10252c00881a914202d2606c0818801a00282adda1
:10253c0040f20023984229dc0023002601e0e26ce3
:10254c00a16c8a4209d0e16b8d5c616c0132e26452
:10255c008a4200d3e664626bd55401338342eed1d8
:10256c00012558222100a554e068626b24310095a6
:10257c00fbf754fc20b1582300220020e25403e066
:10258c00636a0133f7d0012002b070bd40f2002025
:04259c00d2e7c0467c
:020000040000fa
:020000040001f9
:1025a000f8b5431c31d043f66863f424c2f200034b
:1025b0009c46082344436444e356002b14dd270063
:1025c000dc373b786569268a7bb1012b0cd100246e
:1025d00056b1eb681bb1db680bb1a8889847013492
:1025e000e4b21035b442f4d3f8bd2300f0331888b8
:1025f000043b1b680f211b689847e0610130f3d052
:1026000001233b7001332372eee705f0c9fb02287a
:10261000ead905f0bffb42f29851c0f2000104f084
:042620000bfbe1e7e8
:020000040000fa
:020000040001f9
:1026240070b5537804001179a3b9bc254353ec3336
:10263400e358c0695b6b9847012203002100605d89
:102644001340904318436055bc312000013201f01f
:1026540021fe70bd012b07d0032b14d00c2bf8d115
:10266400012102f08df9f4e7d37890781b0203433b
:10267400efd1ec33e358e069db6a9847002120008e
:1026840002f07ef9e5e7d37890781b020343e0d1aa
:10269400ec33e358e0699b6a98470021200002f07c
:0426a4006ff9d6e70d
:020000040000fa
:020000040001f9
:1026a80010b582b004000191009298b14a1c0b0049
:1026b800042a0bd909292edd0b3b1c2b0ad847f21b
:1026c8004102c1f6d012da40d20703d5009b01338c
:1026d800022b01d900200ce040f60b012000fff787
:1026e800d5f90028f6d0019b013304d12000fff76b
:1026f800dffb02b010bd04230221200001aafcf771
:102708002bfa009b0133f1d004236a4602212000f2
:10271800fcf722faeae70729d8dc0020e9e7c046f7
:020000040000fa
:020000040001f9
:1027280070b584b01e006b4604001500d980a0b1b6
:10273800531c03d0130c73b9ff2a0ed840f60b6153
:102748002000fff7a3f940b16b46db8843b92000ae
:10275800fff7aefb02e0ff2bf0d9002004b070bdfc
:102768006a460223032120000632fcf7f5f96b1ca8
:10277800edd003952d0c042303aa012d0ad90421b9
:102788002000fcf7e9f931002000099b089a04f0c1
:1027980089f9dce703212000fcf7def9f3e7c046fe
:020000040000fa
:020000040001f9
:1027a80070b544f2387344f2587046f2000244f2ad
:1027b80078740021c2f20003c4f20012c2f20000d1
:1027c800c2f200041970596099601973197459613b
:1027d800996119775063946348f281143f26c8f2cf
:1027e80081145461915540f20071c0f28001516426
:1027f80040f20941032501804d2401211970155526
:10280800915540f20066c0f28006566440f609060b
:102818000682197440f602731555138070bdc046c0
:020000040000fa
:020000040001f9
:10282800f8b550b949b144f2b824c2f2000423798a
:102838001bb15a23e55c012d03d001256d42280008
:10284800f8bde054002a28dd0025a66c06e0e06b00
:1028580001358755a364954209d01e00606c731c2e
:10286800834280410340e06c4f5d9842efd158238a
:10287800e35c43b92923e25c52b9fff74bfe5a23c4
:102888000122e254dbe72923e35c002bf7d0f1e7d0
:102898000022e2542f33e254efe70025e7e7c04671
:020000040000fa
:020000040001f9
:1028a800f0b557464546de464e46b423e0b5c45813
:1028b8008046e778a3783f0285b01f43f7b100262a
:1028c80040f2000a40f20009002563789b46042b79
:1028d8001bd06eb1f3685bb15946b268b0880191fc
:1028e8005146029400911b6841469b464b46d84787
:1028f80023785d19adb2e418af42e6d805b0f0bc54
:10290800bb46b246a946a046f0bda37841469946c3
:10291800e37848469a4603f071f80600d9e7c046be
:020000040000fa
:020000040001f9
:10292800f0b50c0015001e0083b0e9b1531c2ed081
:10293800170cbfb9ff2a17d801002000fff7a6f827
:1029480090b1019504230321200001aafcf704f9a2
:1029580031002000099b089a04f0a4f82000fff732
:10296800a7fa02e0ff2f02d9002003b0f0bd010052
:102978002000fff78bf80028f6d00195012fe1d051
:1029880004230421200001aafcf7e6f8e0e701008f
:0c2998002000fff77bf80028e0d1e5e705
:020000040000fa
:020000040001f9
:1029a40044f6681330b5c2f200031d68140089b000
:1029b400002d2dd001236a465b42009301931381bd
:1029c400937239b323000a78591e8b41db0080339c
:1029d40069464a7174224a707021020e1140c20382
:1029e400920f11436a460b439370c309d3700123ba
:1029f40040001071937168460b2204a9a84738b1ae
:102a040014b16b465b7e23706b46187e09b030bdf3
:0c2a1400ff20fbe700220023dae7c046a9
:020000040000fa
:020000040001f9
:102a2000f0b505000c0083b0c8b1c1b160220b78cd
:102a3000110019401a4214d1002700230026a18852
:102a400065220093280003230196fff76dfea188fd
:102a500003236622280001960097fff765fe03b066
:102a6000f0bd0023402910d0227a022a0ad0627acf
:102a7000042a0fd0063a51424a4140f2c657524208
:102a80001740dbe740f2da57d8e74ff6ff72636f83
:0c2a90001340e9e740f2d257d0e7c046ff
:020000040000fa
:020000040001f9
:102a9c00f8b504000e0017001d0040b339b36b1cd1
:102aac0023d0ebb2052b22d847f670536a00c0f244
:102abc000103d35a41f600021a4218d0da0422d488
:102acc001b0517d403226378257093436370a7709a
:102adc00033400213d32200004f0aaff3a003100fb
:102aec00200004f09bff002002e03f2a01d90220c5
:102afc00f8bd05353900300002f04cfb0300022014
:0c2b0c00002bf5d0dee73f2fdad9f0e710
:020000040000fa
:020000040001f9
:102b1800431e70b50c00033334d88368002b31d0c2
:102b280000292fd082785ab31a68013228d07c2223
:102b38009a5c42f20003c2f200031b78934223d945
:102b48002b2542f2000655432822c2f20006ab1993
:102b5800d978b446a15459780132a1549a78200002
:102b68002a23291de2546144072221300b3504f041
:102b780057ff21222000a91904f052ff002000e08d
:0c2b8800012070bd0220fce70420fae7e9
:020000040000fa
:020000040001f9
:102b940010b500282cd143f668600823c2f2000067
:102ba400c356022b17d1de23c25c22b90132c254b0
:102bb400013bc25410bd05f0f1f8022802d80120ef
:102bc4004042f7e705f0e4f842f23861c0f2000150
:102bd40004f030f8f3e705f0e1f80228efd905f046
:102be400d7f842f2fc51c0f2000104f023f8e6e702
:102bf40005f0d4f80228e2d905f0caf842f2cc5123
:0c2c0400c0f2000104f016f8d9e7c04649
:020000040000fa
:020000040001f9
:102c100010b590b944f2b433c2f2000318680e291b
:102c20001fd00f2914d00d2906d11c6a24b100220f
:102c3000082100205b6aa04710bd05f0b1f805f03f
:102c4000a9f842f66401c0f2000103f0f5fff3e7d2
:102c50001c6a002cf0d00022072100205b6aa047ec
:102c6000eae713789b060dd55378012b02d9203b58
:102c7000032b07d844f2b4310020c2f2000101f066
:0c2c80006bfbd9e7012101f07dfed5e7d8
:020000040000fa
:020000040001f9
:102c8c001d4af0b514680300200064b10022210035
:102c9c00160010000d68ac460d699c4509d12ab18f
:102cac00156110310800f0bd2900f3e7124b1d60cf
:102cbc00f7e79c4505d910b10768bc4501d2160051
:102ccc0008000a00002defd10028ecd005000268a6
:102cdc000169d21a1035102a05d90360eb18196155
:102cec001900103a1a60844203d1034b1960280072
:0c2cfc00d9e73161fbe7c0469449002095
:020000040000fa
:020000040001f9
:102d0800f0b5ce46474680b506008846100040f22a
:102d1800011183b09946150004f0e2fc431e04003b
:102d2800ff2b26d847f28172010033000220c0f23f
:102d3800010202f0b9fd0700c8b1022303220321f2
:102d480000934b4604f0c6fa23002a004146380097
:102d580001f01cff3900b06801f03afa012358402d
:102d6800c000c0b203b0c0bcb946b046f0bd082030
:082d7800f8e70220f6e7c0466f
:020000040000fa
:020000040001f9
:102d800070b5040082b038b132b1836823b140f627
:102d9000005155888d4201d002b070bd1679012ec8
:102da000fad140f268315b58002bf5d01032100098
:102db0006a46022301210632f7f7e8fb6b46db88ff
:102dc000ab420cd004f0ecff03280ad840f2683381
:102dd000a2683100d358200000229847dce7022681
:102de000f4e704f0d7ff6b4641f67c41da88c0f285
:082df000000100f089fde9e794
:020000040000fa
:020000040001f9
:102df800002146f200033f224e2030b583b00191f6
:102e0800c4f200139c5c99541a5ce4b2d2b20192e9
:102e18000222019d2a4220d01a5444f23873c2f289
:102e2800000319734d38012201990a4208d046f26d
:102e380000014e20c4f200110a5400224c381a73c3
:102e48005a6812b199685b68984746f200033f22b6
:102e5800c4f200139c5403b030bd44f2387302200e
:082e6800c2f20003dfe7c046df
:020000040000fa
:020000040001f9
:102e7000002146f200033f22012030b583b00191ca
:102e8000c4f200139c5c98544d301a5ce4b2d2b288
:102e900001920222019d2a4220d01a5444f2387332
:102ea000c2f2000319774d38012201990a4208d075
:102eb00046f200014e20c4f200110a5400224c38a0
:102ec0001a775a6912b199695b69984746f200030b
:102ed0003f22c4f200139c5403b030bd44f2387357
:082ee0000220c2f20003dfe74b
:020000040000fa
:020000040001f9
:102ee80030b542f6694589b007a80591079104f005
:102ef800f5fec2f200052b78040013b14369642b78
:102f080001dc09b030bd42f22c210020059ac0f244
:102f1800000100f0f5fc40f26c7c61696368614473
:102f2800a26803912169002001310291e1680191b1
:102f38002168009142f23c21c0f2000100f0e0fc5f
:102f480044f64413c2f200035b6813b1082005a9d4
:082f5800984700232b70d4e719
:020000040000fa
:020000040001f9
:102f600070b50d0088b0202204000021684604f0ee
:102f700065fd2a781000bab16b78bbb11f20012122
:102f80002b78abb10e005a0903409e4033006e46c9
:102f90009200b658013533436e46b350f0e7013026
:102fa00001789142fbd0001b08b070bd2000f7e70c
:102fb00023001f2501200ae0060051092a409640ff
:102fc00032006e4689007158114203d001331a78dd
:082fd000002af1d1181be7e70c
:020000040000fa
:020000040001f9
:102fd800f0b589b014000e9a1d000291012311006a
:102fe8001940019003911a4201d1a5420ad8220042
:102ff8000299019803f014ffa54203d82500280080
:1030080009b0f0bd2e1b37003200102e00d9102257
:10301800202104a804f00efd0f2f0ed80f220198ce
:10302800324004a903f0fcfe039b002be7d12200e9
:103038000299019803f0f4fee1e71022019804a92f
:0830480003f0eefe103fe7e784
:020000040000fa
:020000040001f9
:1030500010b50400902911dc00207f291bdd803988
:10306000080010290ed804f007fd0f0f250d170dcd
:103070000d0d1e0d0d0d0d0d0d0d2500a02903d0fc
:10308000c02901d0002006e01968081d18600b68ef
:1030900023601a60012010bd1968081d18600b68b4
:1030a00023601a80f6e71968081d18600b68236012
:1030b0001a70efe71968081d18600b6823601a6022
:0630c000d2175a60e6e79a
:020000040000fa
:020000040001f9
:1030c800f0b5431e040083b003332cd8836853b390
:1030d80082783ab13c220021682599545b5d23b17e
:1030e800002000e0012003b0f0bd802001f0f6fcd4
:1030f8000700e8b146f6c973012280210094c0f2a6
:10310800000300f0fdf8060078b10121494200f003
:10311800bff83100a06801f05bf848b10122a3684c
:1031280000205a55dfe70220dde7380003f082f877
:043138000820d8e7ac
:020000040000fa
:020000040001f9
:10313c0010b5092820d00bd8022829d0082806d190
:10314c0044f2b823c2f20003186802f0effb10bd82
:10315c000a28fcd10b78012bf9d144f2b821c2f228
:10316c0000010a000b71c86843f65d610c32c0f2b5
:10317c00010104f027f8eae744f2b824c2f2000493
:10318c00206802f055fa002359222371a354dee77c
:10319c0044f2b82300225921c2f200035a541a7186
:0431ac00d5e7c0465d
:020000040000fa
:020000040001f9
:1031b000f0b5c64600b588bb81b344f2b8230122fe
:1031c0005a24c2f200031a550d680826dd6042f247
:1031d00080559d6100255b3c1c601c625c6229344b
:1031e0001a55013498839e771a5558329d548a692e
:1031f000187490464a68cf680e694c6989681a64e9
:103200004246da635822187159641f635e639c63f7
:10321000d8629864d8649d541865586580bcb846d7
:04322000f0bdc046f7
:020000040000fa
:020000040001f9
:10322400f7b5040019000a9ee368676800933368e1
:10323400100001932369013b1c00002f00da0127d1
:103244000022009dea540123089d002c02dce3b116
:103254002000febd02000a434ab9089aba1a52195c
:10326400002a04dc002df2dd019a9207efd5099bb8
:10327400099adb1702f074fe8c4600991300013c96
:1032840030320a55013d6146dfe71022336893432b
:043294003360dde7df
:020000040000fa
:020000040001f9
:1032980070b504000d0082b0b8b14b1c28d00e0cdc
:1032a8008eb9ff2911d841f60021fef7effb60b176
:1032b800019504230321200001aafbf74dfc2000ff
:1032c800fef7f6fd02e0ff2e02d9002002b070bd25
:1032d80041f60021fef7dafb0028f6d00195012e11
:1032e800e7d004230421200001aafbf735fce6e718
:1032f80041f60021fef7cafb0028e0d1e5e7c04609
:020000040000fa
:020000040001f9
:10330800f0b54f464646d64698461300c0b5093331
:1033180056009b00b61804000d0017009946f600e9
:1033280018b39a1940f2000a8a4205d95046e0bcff
:10333800ba46b146a846f0bd002104f07bfb5146d1
:103348004b4621734946a582ad1be3186d1a9a199d
:10335800013da361e36167732261e5821a60434618
:103368006360089ba246a360e0e740f2000adde73d
:020000040000fa
:020000040001f9
:1033780010b5040082b038b132b1836823b141f688
:1033880000735188994201d002b010bd1379012b06
:10339800fad1103210000321033301aaf7f7f2f82b
:1033a80001990e4bcb18012b09d840f23833a2688b
:1033b800d358002be8d0200089b29847e4e704f0fe
:1033c800ebfc0328e0d904f0e1fc41f6505141f64a
:1033d8000072c0f2000100f093fad5e7ffe0ffffaa
:020000040000fa
:020000040001f9
:1033e80044f2b85370b504002020c2f200031e5cfa
:1033f800002075b206b170bd9c80d9605a61012267
:1034080040f600419d601d619a7020321d70c4f223
:1034180000219d547a329d61dd610a764a680b4825
:1034280002404a60ca69002afcd10320203298541d
:10343800012340f6004264001c434c62c4f200229f
:10344800d369002bfcd10120d5e7c046fffffbff65
:020000040000fa
:020000040001f9
:1034580044f6441110b5c2f200014c6890b014b1a2
:10346800d2b1022a01d010b010bd002bfbd01a78bf
:10347800012a19d0022af6d16946181d3e32fdf7f5
:10348800bdfa46f26653009ac3f2380369469a4277
:1034980013d00720a047e6e742f208210020c0f237
:1034a800000100f02dfadee76946181d173202f018
:1034b800b5fc69460520a047d5e70620a047d2e716
:020000040000fa
:020000040001f9
:1034c800723500005c3500004c3500001c350000ea
:1034d800d634000084340000263400004c36000046
:1034e80002360000c8350000a03500007436000020
:1034f80014340000b4330000683300003033000097
:10350800f2320000a6320000763200006832000075
:10351800543200008a350000fe360000943700005f
:10352800e2360000283700000c370000a6360000fd
:020000040000fa
:020000040001f9
:10353800f0b50c004968236887b00600a768e568fd
:103548000593002902db02218b43059305a95368e3
:10355800126802910821200001910097fff75efe92
:10356800059bdb0602d5302301382b54059b1b072e
:1035780002d5202301382b542269059b013a121adf
:103588002918009330003b00fff722fd7368db0524
:0e35980003d56368984200da180007b0f0bd52
:020000040000fa
:020000040001f9
:1035a80010b582b004006846c1808280c37034b10f
:1035b800c38823b1838813b1c3780a2b02d90020aa
:1035c80002b010bd40f601612000fef75ffa002846
:1035d800f5d06a460223032120000632fbf7bcfa25
:1035e80002230321200001aafbf7b6fa6b46db7819
:1035f8001bb92000fef75cfce2e76a4601230321c1
:0c36080020000332fbf7a8faf3e7c046ed
:020000040000fa
:020000040001f9
:10361400f8b5431e0e00033316d88768afb1b1b1b5
:103624008b798bb13c000025ac342368013307d07f
:10363400a37a2bb106223100201d03f065ffc0b12f
:1036440001351034082df0d100273800f8bd3b00b7
:103654000022ac3303e001321033082af4d0196895
:103664000131f8d1997a0029f5d11201ac32bf1891
:0c367400ebe72d01ac357f19e7e7c046fd
:020000040000fa
:020000040001f9
:10368000421e70b503000e00033224d819b304683b
:10369000621e033221d82200ac32824211d02100b6
:1036a0002d311032ff318a4206d015001035934279
:1036b00007d02a008a42f8d122009c3208209a4280
:1036c00008d19a7a5ab97a23e05c023843425841c9
:1036d0004000083070bd0220fce70d20fae7072209
:0c36e0003000191d04f0a0f90020f3e7f1
:020000040000fa
:020000040001f9
:1036ec0070b504002fd0d1b1050021350622280079
:1036fc0004f094f927230122e2540133e35c0d2bef
:10370c001fd82023e35c202b1bd8002327342a78d6
:10371c0001351343a542fad19bb1002012e00300fe
:10372c002133197059709970d970197159712723f7
:10373c00c1540133c35c0d2b03d82023c35c202b55
:0c374c00ebd9092070bd0220fce7c0464c
:020000040000fa
:020000040001f9
:10375800f0b5c64600b50d00411e040017001e0056
:1037680082b0033127d883682bb3837801201bb933
:1037780002b080bcb846f0bd47f295722300002124
:10378800c0f2010202f090f8804690b100232900af
:103798000193012200970a33fef7b4fd4146a06861
:1037a80000f016fd28b140f26433a2680020d6501c
:0c37b800dee70820dce70220dae7c0466c
:020000040000fa
:020000040001f9
:1037c400f0b544f2b85405002020c2f20004275c8e
:1037d40000207eb207b1f0bda580e360059b636164
:1037e400a1602123226140f60042a670c4f20022a7
:1037f4002670e6547a33a661e661137653680a4963
:103804000b405360d369002bfcd1042120336d009d
:10381400e154556240f60042c4f20022d369002b01
:0c382400fcd10120d7e7c046fffffbffee
:020000040000fa
:020000040001f9
:1038300044f2e45370b504002020c2f200031e5c81
:10384000002075b206b170bd9c80d9605a6101221a
:1038500040f200419d601d619a7020321d70c4f2db
:1038600000219d547a329d61dd610a764a680a48da
:1038700002404a60ca69002afcd1032020329854d1
:10388000012364001c4352014c62c4f20022d3693c
:0c389000002bfcd10120d6e7fffffbff5e
:020000040000fa
:020000040001f9
:10389c00f0b544f2e45405002020c2f20004275c89
:1038ac0000207eb207b1f0bda580e360059b63618b
:1038bc00a1602123226140f20042a670c4f20022d2
:1038cc002670e6547a33a661e661137653680a498a
:1038dc000b405360d369002bfcd1042120336d00c5
:1038ec00e154556240f20042c4f20022d369002b2d
:0c38fc00fcd10120d7e7c046fffffbff16
:020000040000fa
:020000040001f9
:103908000eb4f0b5040082b078b944f6ec05002393
:10391800c2f20005eb5643b16b6833b144f27f46ff
:10392800c2f200063378012b04d002b0f0bc08bc08
:1039380003b0184740f20007c2f2000708ab42f292
:103948000001079a30703800019300f091fd41f6ac
:10395800fe73411e0200994205d86b683c54390039
:0c396800a8685b69984701233370dee714
:020000040000fa
:020000040001f9
:10397400f0b544f24854c646c2f20004636800b588
:103984009b6905009847606163692269934203d883
:10399400802149028c4663449b1a9846180002f021
:1039a400f7fc04f099faa66ae76a002342469219e2
:1039b4007b41a262e36204f093fa2800fef760fc04
:1039c40010b980bcb846f0bd04f086fa0400fdf7d7
:0c39d400e3fa200004f084faf3e7c04698
:020000040000fa
:020000040001f9
:1039e000f0b5c64644f2ec6400b5c2f20004636868
:1039f0008cb0606a984602f08df827680a900b91a7
:103a0000e06902f087f808900991a06902f082f855
:103a100006900791237d42f618160493206902f060
:103a200079f802900391e368074d0193a368c0f20f
:103a3000000600933a0043463100280003f075fe6b
:0c3a40000cb080bcb846f0bd343700204c
:020000040000fa
:020000040001f9
:103a4c0010b582b06b460400d9719a7160b16b46a7
:103a5c00db79013b012b07d86b469b7904221900bb
:103a6c00914321b1062b02d0002002b010bd40f6cc
:103a7c0000612000fef708f80028f5d06a46012303
:103a8c00032120000732fbf765f86b469b791bb9c5
:103a9c002000fef70bfae8e76a4601230321200019
:083aac000632fbf757f8f3e7bf
:020000040000fa
:020000040001f9
:103ab40044f6681330b5c2f200031d680c0089b0e7
:103ac40045b339b301236a465b42009301930293e1
:103ad40013734633537000239370030cd370012384
:103ae40040ba9080937168460d2204a9a84788b112
:103af400192169444b780a781b0213438a7812040b
:103b04001a43cb781b0613431bba23606b46187efb
:083b140009b030bdff20fbe702
:020000040000fa
:020000040001f9
:103b1c00030070b5f8b100228256f2b1d4b2a11ee6
:103b2c00c9b2032917d8457847f670505200c0f235
:103b3c000100125ae80712d5033c012c16d99978ca
:103b4c00d00406d40120120506d5d81c01f022fba6
:103b5c0002e03f29f6d9002070bd0120fce7ad073b
:103b6c00edd50129ebd803490a40e8e740f20031d2
:083b7c000a43e4e7fffeffff2e
:020000040000fa
:020000040001f9
:103b8400f8b5431e04000d00033329d883683bb302
:103b9400827852b140f264269b5d042b1ed0022b26
:103ba40020d0032b03d0082000e00120f8bd40f60c
:103bb4003d62030000210120c0f2010201f076fe03
:103bc4000700f0d0290001f09dfa3900a06800f048
:103bd40001fb0028e7d00422a3689a550020e5e7fa
:083be4000220e3e70a20e1e7fb
:020000040000fa
:020000040001f9
:103bec00f0b5421e04000e0083b0033228d883685f
:103bfc0033b383780bb38121300003f06ffd431e88
:103c0c0005007f2b1cd847f2a9720100230001206c
:103c1c00c0f2010201f046fe070098b13300052204
:103c2c000321009503f070fb3900a06800f0cefa78
:103c3c0001235840c000c0b200e0012003b0f0bd29
:083c4c000220fbe70820f9e764
:020000040000fa
:020000040001f9
:103c540040f600420123c4f200221360d369002b12
:103c6400fcd10133ff33536040f60042c4f200221a
:103c7400d369002bfcd1e833d360d23bc0f21003ec
:103c8400136040f60042c4f20022d369002bfcd139
:103c94001033538340f60042c4f20022d369002b50
:103ca400fcd144f2b8512120c2f200010b54013876
:083cb4000b549b33937570471c
:020000040000fa
:020000040001f9
:103cbc0044f2b85370b504002020c2f200031e5c1d
:103ccc00002075b206b170bd9c80dd605d619960ad
:103cdc001a6140f6004121229d70c4f200211d7032
:103cec009d547a329d61dd610a764a68094802402a
:103cfc004a60ca69002afcd104202032985440f64c
:103d0c00004264004c62c4f20022d369002bfcd147
:083d1c000120d8e7fffffbffc7
:020000040000fa
:020000040001f9
:103d240040f200420123c4f200221360d369002b45
:103d3400fcd10133ff33536040f20042c4f200224d
:103d4400d369002bfcd1e833d360d23bc0f210031b
:103d5400136040f20042c4f20022d369002bfcd16c
:103d64001033538340f20042c4f20022d369002b83
:103d7400fcd144f2e4512120c2f200010b54013879
:083d84000b549b33937570474b
:020000040000fa
:020000040001f9
:103d8c0044f2e45370b504002020c2f200031e5c20
:103d9c00002075b206b170bd9c80dd605d619960dc
:103dac001a6140f2004121229d70c4f200211d7065
:103dbc009d547a329d61dd610a764a680948024059
:103dcc004a60ca69002afcd104202032985464004d
:103ddc0052014c62c4f20022d369002bfcd10120a9
:083dec00d9e7c046fffffbff11
:020000040000fa
:020000040001f9
:103df40041f6000302211e20c4f2000310b51c6921
:103e04001a69c0f23f008a431a611a6902404020cd
:103e140002431a61214211d01a690a431a6102311c
:103e2400da681142fcd01b69db0507d441f60002b5
:103e34000121c4f20002d3681942fcd041f6000308
:103e44002222c4f200039a612232c0f20602da612d
:083e540002225a6010bdc046b5
:020000040000fa
:020000040001f9
:103e5c0010b5082910d81748890041588f46117899
:103e6c0001220a404d215a5444f2b823c2f20003f5
:103e7c000021186800f080fd10bd01225a77fbe785
:103e8c000121526819771a62f6e7591d44f2b823da
:103e9c00c2f200030722186802f070f9ece70c3349
:103eac00190044f2b823c2f200030722186800f08c
:083ebc00edf9e1e7286f0100b8
:020000040000fa
:020000040001f9
:103ec40070b50c00150082b1012916d004f004f875
:103ed40042f66a43c2f200031a7801321a7003f000
:103ee400ffffac428041404270bd42f26821002095
:103ef400c0f20001fff706fdf3e742f2842100203f
:103f0400c0f20001fff7fefc42f294210020c0f24f
:103f14000001fff7f7fc42f2cc210020c0f20001bf
:083f2400fff7f0fcd2e7c046f4
:020000040000fa
:020000040001f9
:103f2c0070b550bb44f62c04c2f20004a36823b352
:103f3c00227812b3a27802bb40f2ff709221902536
:103f4c001c60585202315a549339595506355853fe
:103f5c0040f200301a5004301a5008301a5047f60c
:103f6c000d722000c0f20102a170fdf7b9fa002217
:103f7c0000212000fbf7a2fd01e001246442200097
:043f8c0070bdc046fe
:020000040000fa
:020000040001f9
:103f9000108200008a81000048810000f680000045
:103fa000f6800000f6800000f6800000f680000039
:103fb000f6800000f68000001e810000f680000000
:103fc000f6800000f6800000f6800000f680000019
:103fd000f6800000f6800000f6800000f680000009
:103fe0001281000012810000128100001281000085
:043ff000128100003a
:020000040000fa
:020000040001f9
:103ff400082370b5c356040045699a1c15d02a7865
:104004007f2a13d801216a78114209d0ec23eb5896
:104014008a43db6ca978e8696a7098470823e356f9
:104024001bb962680ab9c432ab5470bdac23e95cf5
:104034004033eb58e869db6898477f232a781340bc
:1040440007222b70eb78934304221343eb7008236d
:04405400e356e5e763
:020000040000fa
:020000040001f9
:1040580070b54ff60062ff26030a0500334002429e
:1040680022d11c01e41a44f2d013c2f200039c4688
:10407800a40064442000fdf7bbfca8b1236a2e40cd
:10408800b34206d8022676422000fdf7c9fe30006a
:1040980070bd2c227243636a02269b181a6aaa42d0
:1040a800f2d115269e57efe702267642efe7c04683
:020000040000fa
:020000040001f9
:1040b8000f230b4010b5022b0cd8421c1ad010331a
:1040c8009b00181843680120c909c9005b18db79ef
:1040d800184010bd03f060fe022801d80020f8e760
:1040e80003f054fe40f23051c0f2000102f0a0fd8e
:1040f8000020eee703f050fe0228efd903f046fe59
:1041080040f29051c0f2000102f092fd0020e0e779
:020000040000fa
:020000040001f9
:1041180010b582b000936b460400d9805a7120b361
:104128006b46db880bb36b465b79013b022b1cd8d3
:1041380040f60761fdf7aafcb8b16a4620000223e1
:1041480003210632faf708fd6a46200001230321fd
:104158000532faf701fd200004236a460221faf726
:10416800fbfc2000fdf7a4fe00e0002002b010bd1b
:020000040000fa
:020000040001f9
:1041780070b50021f9f78cfc040008b9200070bd67
:1041880044f67c1544f2ed11c2f20005c0f20001bc
:10419800286802f071fb4bf28d612868c0f20001bb
:1041a80002f06afb44f67013c2f20003186801f0cb
:1041b800b5fd44f66c13c2f20003186828b144f642
:1041c800b403c2f200035b68984700232b60d5e76d
:020000040000fa
:020000040001f9
:1041d80070b504000d0070b169b140f23533e25c8e
:1041e8008068022a09d02900f9f780fa00b170bd69
:1041f800280002f01ff80020f9e701320221e254fa
:1042080002f086f930b1a0682900f9f76ffa0028a2
:10421800edd1ede703f0c0fd0028f4d003f0b6fdc2
:1042280041f60c31c0f20001fff76afba068ebe72a
:020000040000fa
:020000040001f9
:10423800f0b5040001380e00150083b0033024d80f
:10424800a36813b3a37801200bb903b0f0bd47f2fc
:10425800a97223000021c0f2010201f025fb07002a
:1042680088b10023012100930a22330003f04ef89d
:104278003900a068fff7acff28b140f26833a268a4
:104288000020d550e1e70820dfe70220dde7c0463f
:020000040000fa
:020000040001f9
:10429800030010005a1e10b5033218d8de229a5cab
:1042a800aab15966e8211a009866595a64328142bf
:1042b8000ad001d901215967ec21d8695b586c39ba
:1042c8009b6b9847002010bd02215967f4e703f063
:1042d80063fd022802d875204042f4e703f056fd3a
:1042e80042f2b461c0f2000102f0a2fcf3e7c0465a
:020000040000fa
:020000040001f9
:1042f800f0b5c7698e783c682378023bdbb2012ba6
:104308001fd9057e5b08013db5fbf3f5edb2002032
:10431800ae4200d9f0bdbeb14d7908792d020543f2
:104328000121a01c04e0013189b202308b4209d37b
:104338000488ac42f7d14e43b600f359136018789d
:10434800e8e70eb10020e5e714602078e2e7c04610
:020000040000fa
:020000040001f9
:1043580010b55378222b23d008d8202b10d0212b2e
:1043680016d00868012100f009fb10bd232bf8d1f5
:104378000c6a002cf9d04b6a02320321a047f4e7fb
:104388000c6a002cf1d04b6a00220021a047ece710
:104398000c6a002ce9d04b6a00220121a047e4e70f
:1043a8000c6a002ce1d04b6a02320221a047dce7fc
:020000040000fa
:020000040001f9
:1043b80010b5082809d8154b80001b589f4643f2b2
:1043c800e0630022c2f200031a7410bd43f2e063f6
:1043d8000122c2f200031a74f7e78b684a6842f6b2
:1043e800ac010020c0f20001fff78afaede743f2c2
:1043f800e0630122c2f200035a74e6e743f2e06385
:104408000122c2f200039a74dfe7c046dc6f0100a4
:020000040000fa
:020000040001f9
:10441800b4870000a0870000928700008087000012
:10442800668700004c870000ea850000328700009c
:104438001a8700000c870000fe860000f086000046
:10444800d6860000b0860000968600008a860000a6
:10445800ea850000788600006c860000328600003d
:104468000e860000ec850000ea850000e08500006b
:020000040000fa
:020000040001f9
:10447800f0b59bb00d00160000214c221f0004006f
:1044880007a803f0d7fa01235b4202930433ff33f2
:10449800039304b901ac00230494059505b16b1e80
:1044a8000693002d06da4f220120084b40421a607d
:1044b8001bb0f0bd0db1002323703a00310002a8f3
:1044c8000894079403f0e8f8f2e7c0469c490020f6
:020000040000fa
:020000040001f9
:1044d8004b1801225205da4217d25b0d0722d2018e
:1044e8009b1a0fd9ff2b12d2db05ca0fd207134331
:1044f8000903020d1143490ac200524100d9013192
:10450800c8187047c80fc007704705d120b9c80f31
:104518000002ff30c00570470123db070a00c9000d
:10452800400f084398431a4010435b0a18437047ea
:020000040000fa
:020000040001f9
:10453800037870b504001bb30123c356022b1fd1a7
:10454800826aff209569290a01400b015b1a44f22f
:10455800d011c2f200018c4628409b006344410000
:10456800db690918c900c9180b699d4209d0936a0b
:10457800a36200231377936213702000fbf7d0fd2a
:0c45880070bd200000f012fff7e7c046f5
:020000040000fa
:020000040001f9
:10459400f0b583b01d006b4604001600d98008b343
:1045a4006b46db88f3b109af3b88dbb140f60261af
:1045b400fdf76efab0b16a462000022303210632e9
:1045c400faf7ccfa2a0031002000089b02f06cfaba
:1045d400200002233a000321faf7c0fa2000fdf775
:0c45e40069fc00e0002003b0f0bdc04600
:020000040000fa
:020000040001f9
:1045f000f0b583b01d006b4604001600d98008b3e7
:104600006b46db88f3b109af3b88dbb140f6036151
:10461000fdf740fab0b16a462000022303210632ba
:10462000faf79efa2a0031002000089b02f03efab9
:10463000200002233a000321faf792fa2000fdf746
:0c4640003bfc00e0002003b0f0bdc046d1
:020000040000fa
:020000040001f9
:10464c0070b504000e00150020b319b3202a21d830
:10465c002022002103f0ecf92a003100200003f0a5
:10466c00ddf92023e5540833e35c0d2b14d8272304
:10467c00e35c00207bb1230000222133273419781e
:10468c0001330a43a342fad153425a410920524200
:0c469c00104000e0022070bd0920fce787
:020000040000fa
:020000040001f9
:1046a800f0b5431e04000e00150083b0033323d871
:1046b80083680bb3837801200bb903b0f0bd47f2d0
:1046c800957223000021c0f2010201f0edf8070005
:1046d80080b1042302223100019300950433fdf7d1
:1046e80011fe3900a068fff773fd01235840c00090
:0c46f800c0b2e2e70820e0e70220dee7a5
:020000040000fa
:020000040001f9
:10470400f0b5c64600b50400150082b038b132b128
:10471400866826b140f6001352889a4203d002b04c
:1047240080bcb846f0bd2b79032bf8d140f26c372e
:10473400f359002bf3d007236b44984628004246d4
:10474400012302211030f5f71fff414609786b8cd5
:0c4754006a6a2000f55949b2a847e0e766
:020000040000fa
:020000040001f9
:10476000f0b5421e04000e0083b0033223d88368e4
:104770000bb38378012513b9280003b0f0bd48f2cc
:104780002102030000210120c0f2000201f090f894
:10479000070070b133000a221421009502f0f2fde7
:1047a0003900a068fff718fd01235840c500edb29d
:0c47b000e2e70825e0e70225dee7c0464e
:020000040000fa
:020000040001f9
:1047bc0043f6000201230121c4f2002210b513704c
:1047cc000800138c18401942fad146f2200340f22b
:1047dc000071c0f280031b681c029b0621405b0f1a
:1047ec000b439385022353702d33537351339370c2
:1047fc0007231081508193710123537143f60002fa
:0c480c00c4f20022138c002bfcd110bd64
:020000040000fa
:020000040001f9
:1048180044f63410c2f2000010b54468042a0ad8dd
:10482800114992008a58974641f6dc510020c0f29f
:104838000001fff765f810bd19000020a047fae74e
:1048480041f6b8510020c0f20001fff759f8f2e72d
:1048580000210120a047eee741f698510020c0f260
:0c4868000001fff74df8e6e7d4780100ee
:020000040000fa
:020000040001f9
:1048740010b544f6f804c2f200042378012b1fd0cb
:10488400022b03d00bb90133237010bd606800f014
:104894001bff606802f0eafe606802f027fe6068b1
:1048a40001f03efb606800f037fd42f2fc116068e5
:1048b400c0f2000102f0bef9012363722370e4e741
:0c48c400237a002be1d002232370dee7f2
:020000040000fa
:020000040001f9
:1048d00000230e4a10b513600d4a0e4c13600e4aa9
:1048e00013600e4a13600e4a13600e4a536213613e
:1048f00001339360f7f775fbf7f773fb0a4b9c42a4
:1049000000d310bd08cc9847f8e7c046a049002066
:1049100070430020680100006c43002064430020c5
:0c49200068430020744300206c0100007c
:020000040000fa
:020000040001f9
:10492c0070b5421e04000d0082b0033220d883689b
:10493c00f3b1837801200bb902b070bd47f2a972b4
:10494c0023008021c0f2010200f0acff060088b108
:10495c0000230a22022100932b0002f0d5fc310027
:10496c00a068fff733fc01235840c000c0b2e3e756
:08497c000220e1e70820dfe75b
:020000040000fa
:020000040001f9
:10498400431e020010b5033316d8de23c35c9bb16b
:10499400c4200023135428301458d069012907d0a7
:1049a400536693668021a36b64329847002010bd40
:1049b4008021a36a9847f9e703f0f0f9022802d8a6
:1049c40075204042f3e703f0e3f942f2b461c0f228
:0849d400000102f02ff9f3e7e6
:020000040000fa
:020000040001f9
:1049dc0070b5040008002100150001f00df8f0b1cd
:1049ec00c3684bb19b683bb18088c4342a000e214c
:1049fc006361a081984770bde023e6582300c4335f
:104a0c005e61228b9a81dd23e35c012bf3d1002eb6
:104a1c00f1d0e33329000e20e258b047ebe7012137
:084a2c002000fff7a9ffe6e7f7
:020000040000fa
:020000040001f9
:104a3400030010b5596884b00291082101931c7acf
:104a4400595601aa00234069012c06d9cb1c18d061
:104a540004314b1e99410b00613b44f2b431c2f264
:104a640000018c46137203011b189b006344996b6d
:104a74001c6a0139996314b105215b6aa04704b02b
:084a840010bd62235b42e8e76c
:020000040000fa
:020000040001f9
:104a8c00030010b5596884b00291082101931c7a77
:104a9c00595601aa00234069012c06d9cb1c18d009
:104aac0004314b1e99410b00613b44f2b431c2f20c
:104abc0000018c46137203011b189b006344596b55
:104acc001c6a0139596314b104215b6aa04704b014
:084adc0010bd62235b42e8e714
:020000040000fa
:020000040001f9
:104ae40037b5134d04002b6873b102f08ffb0190ae
:104af40001a802f002fe0f230f300199984302f03f
:104b04001ffd50b100232b6004b901340f230f346f
:104b14009c4324b90c22074b1a6000203ebd2000a0
:104b2400fef7b2f80028f9d0031f1c60f6e7c04670
:084b3400984900209c49002073
:020000040000fa
:020000040001f9
:104b3c00f0b50c004968236887b00500a768e668e3
:104b4c000593002902db02218b43059305a95368c9
:104b5c00126802910a21200001910097fef75cfb7c
:104b6c002269059b013a121a3118009328003b0068
:104b7c00fef72cfa6b68db0503d56368984200da04
:064b8c00180007b0f0bda7
:020000040000fa
:020000040001f9
:104b940070b582b01e006b4604001500d97138b19f
:104ba4006b46db7923b11ab140f200139e4202d95d
:104bb400002002b070bd40f20151fcf769ff0028eb
:104bc400f6d06a462000012303210732f9f7c6ff15
:104bd400200033002a000521f9f7c0ff2000fdf76b
:044be40069f9e6e79e
:020000040000fa
:020000040001f9
:104be800f0b510b30378da071fd5047a022c02d087
:104bf800c288fd2a19d19b0717d544f24c12c2f27c
:104c080000021578d189eb072d07167a577adb0f42
:104c1800ed0f904209d043b1c3898b4205d1b4420c
:104c280003d1437abb4200d10db10020f0bd100082
:044c3800fce7c0468f
:020000040000fa
:020000040001f9
:104c3c00431e70b50400033322d8836803b3827813
:104c4c00d2b179269b5dcbb141f61902030000214c
:104c5c000120c0f2010200f025fe050070b1002118
:104c6c0000f00efc2900a068fff7b0fa30b100226a
:104c7c00a36800209a5500e0012070bd0820fce7d5
:044c8c000220fae721
:020000040000fa
:020000040001f9
:104c9000431e70b50400033321d88368fbb18278ca
:104ca000cab17a229b5cc3b147f2bd7203000021f6
:104cb0000120c0f2010200f0fbfd050068b10021f7
:104cc00000f008fc2900a068fff786fa012358408d
:104cd000c000c0b200e0012070bd0820fce7022047
:044ce000fae7c046e9
:020000040000fa
:020000040001f9
:104ce40044f2b85300222121c2f200035a5401397c
:104cf4005a5440f60042c4f2002213681e398b4312
:104d04001360d369002bfcd1022113680b43136099
:104d140040f60042c4f20022d369002bfcd11033c8
:104d2400538340f60042c4f20022d369002bfcd125
:044d34007047c046be
:020000040000fa
:020000040001f9
:104d380044f2e45300222121c2f200035a540139fb
:104d48005a5440f20042c4f2002213681e398b43c1
:104d58001360d369002bfcd1022113680b43136045
:104d680040f20042c4f20022d369002bfcd1103378
:104d7800538340f20042c4f20022d369002bfcd1d5
:044d88007047c0466a
:020000040000fa
:020000040001f9
:104d8c0030b540b939b144f2b8245a23c2f2000408
:104d9c00e55c012d02d00120404230bde054002ad8
:104dac0015dd636d0ce0a56beb5c0b54636d256c32
:104dbc000133ab42ad4101302b406365904202d0d0
:104dcc00256d9d42efd15a230122e254e5e70020e4
:044ddc00f9e7c046ed
:020000040000fa
:020000040001f9
:104de000f0b5c646ad2300b50678c35c078a360722
:104df00098464569760fcfb1002404e00134e4b24f
:104e00001035bc4212d22b783342f7d06b78434531
:104e1000f4d1eb68002bf1d05b68002beed00134ad
:104e2000a888e4b298471035bc42ecd380bcb846a1
:044e3000f0bdc046cb
:020000040000fa
:020000040001f9
:104e340010b547f63573c0f20103984747f635734a
:104e4400c0f20103984701f069fc40f20003c0f28c
:104e540000037f2293434ef60052cef20002936089
:104e640044f6d103c0f20103984747f63573c0f204
:104e74000103984747f63573c0f20103984702f0df
:044e840027fffee71f
:020000040000fa
:020000040001f9
:104e8800431e0200033321d8030a4ff60061ff20b6
:104e9800034011421ad11901c91a44f2d013c2f2bf
:104ea80000039c46890061448b68104098420dd2eb
:104eb80043001b18c869db0018180369934205d121
:104ec80043795a1e93415b42184000e00020704726
:020000040000fa
:020000040001f9
:104ed80070b544f2f474c2f2000425780db1667816
:104ee8000eb1280070bd02f0f5ff267602f0f6ff3d
:104ef8000021a06802f028f90021606802f024f976
:104f08000123220047f641515b42207a1832c0f251
:104f18000101636102f076fc01236370e1e7c0469a
:020000040000fa
:020000040001f9
:104f280010b582b06b460400d9805a71e8b16b465f
:104f3800db88d3b16b465b79042b16d840f6046145
:104f4800fcf7a4fd88b16a4620000223032106323b
:104f5800f9f702fe6a462000012303210532f9f71a
:104f6800fbfd2000fcf7a4ff00e0002002b010bd0c
:020000040000fa
:020000040001f9
:104f78001001000000000000110100000200000004
:104f88000001000080000000100000000000000088
:104f980011000000020000000200000002000000f2
:104fa80007000000200000000400000003000000cb
:104fb800008001000100000009000010040000004a
:020000040000fa
:020000040001f9
:104fc800431e70b504000d0003331fd88368ebb18e
:104fd8008378012003b970bd47f2e57223000021f0
:104fe800c0f2010200f060fc060068b1012100f087
:104ff800d3fb3100a068fff7ebf828b140f2083383
:10500800a2680020d550e6e70820e4e70220e2e79e
:020000040000fa
:020000040001f9
:1050180070b506000d001c0082b003b900b122b9ba
:1050280001246442200002b070bd44f24853c2f229
:105038000003d8680021002300f08afd40f2e8321e
:10504800002300f08bff009401002b0032000020a9
:10505800faf7aafa0400431ce4d0fbf7e1fde1e704
:020000040000fa
:020000040001f9
:1050680044f6441370b50d0042f22801c2f2000361
:105078005e680020c0f200011400fef741fc46b152
:10508800042c06d8094ba4001b5929009f4603206d
:10509800b04770bd0220b047fbe70120b047f8e7f2
:1050a8000420b047f5e70020b047f2e7e8780100b0
:020000040000fa
:020000040001f9
:1050b80070b5104d04002b6863b1002c12da0e4a4b
:1050c8002b6812689b1a6242934208db286804190d
:1050d8002c6006e001f048fc2b68002bedd1012084
:1050e800404270bd054b2a681b689b1aa342edda43
:1050f800f5e7c046044900200c4900200849002073
:020000040000fa
:020000040001f9
:1051080010b582b00400019128b140f20012019b51
:105118000133934202d9002002b010bd40f60801c5
:10512800fcf7b4fc0028f6d0019b013303d1200022
:10513800fcf7befef0e720000423022101aaf9f7dc
:0c5148000bfd2000fcf7b4fee6e7c046bb
:020000040000fa
:020000040001f9
:1051540010b559b158b103684bb18b4206d8082237
:105164004468825662439a1891420ad310bd44f6a9
:10517400b403c2f200035b68002bf7d00800984721
:10518400f4e7c91ab1fbf4f10922431809319a561c
:0c5194004018ff2102f050fce8e7c04684
:020000040000fa
:020000040001f9
:1051a00010b540290fd00b00083b372b05d9002044
:1051b00010bd435c203b5e2bf9d80139c9b2ff29f1
:1051c000f7d10120f4e7020020243f3203e0531e10
:1051d0009042f6d01a001378190030390929f6d90f
:0c51e000a343413b052be2d8f1e7c04699
:020000040000fa
:020000040001f9
:1051ec0042f2004201230121c4f200021380136930
:1051fc001942fcd10c4b48f20001138042f20042e0
:10520c00c4f2000213691942fcd11e23136242f24c
:10521c0000422021c4f2000213691942fcd140f271
:0c522c00001353817047c046008bffff49
:020000040000fa
:020000040001f9
:1052380044f2c343c2f200031a7810b532b944f2fb
:105248007f420124c2f2000214701c7038b931b1d7
:1052580044f6ec030022c2f200039a5612b1012070
:10526800404210bd022488684a6898605a601c70e1
:0c5278000968536898470020f3e7c0461f
:020000040000fa
:020000040001f9
:1052840010b502000c0082b001b110b9012002b0c7
:1052940010bd44f24853c2f20003d8680021002331
:1052a40000f058fc40f2e832002300f059fe0023dd
:1052b4000100002200200093faf778f92060431cd3
:0c52c400e4d0fbf7affc0020e1e7c0469f
:020000040000fa
:020000040001f9
:1052d0000e2310b58a780178c4680b40022b0cd0dd
:1052e000237c934204d9636913b19200d3581bb94c
:1052f00002f056fd022807d810bd23799342f7d952
:10530000a368002bf1d1f3e702f044fd42f2e06123
:0c531000c0f2000101f090fceee7c04686
:020000040000fa
:020000040001f9
:10531c00f0b5c64644f6a00400b5c2f2000484b051
:10532c000500a06800f0f0fb060020690f0000f0fb
:10533c00ebfb0290039142f65c38e06800f0e4fb72
:10534c00c0f200080090019132003b004146280059
:0c535c00fef7d4fa04b080bcb846f0bde7
:020000040000fa
:020000040001f9
:10536800f0b50e0087b003900f4904a81c00150083
:10537800072202f055fbb36877680293366805b9cf
:1053880004ad1cb9280002f07bf90400002f02dbf1
:10539800bc4200d93c0022002900029b03980096d9
:0c53a800fdf716fe07b0f0bd8870010094
:020000040000fa
:020000040001f9
:1053b400c36870b51b69150004000e0098472423c8
:1053c400e854eb5c01205a1e93415b421843687514
:1053d400a36a296a2bb19a6aa26200221a779a6296
:1053e4001a70b5683db1236bf26801332363a84793
:0853f400236b013b236370bd34
:020000040000fa
:020000040001f9
:1053fc0010b5431c12d043781bb100234370836358
:10540c0010bd02f0c7fc0228fad902f0bdfc40f234
:10541c00dc31c0f2000101f009fcf1e702f0bafc4a
:10542c000228edd902f0b0fc40f29831c0f2000134
:08543c0001f0fcfbe4e7c046af
:020000040000fa
:020000040001f9
:1054440010b582b00400019118b1019b0133022b05
:1054540002d9002002b010bd40f60101fcf718fb90
:105464000028f6d0019b013303d12000fcf722fd74
:10547400f0e720000423022101aaf9f76ffb2000c2
:08548400fcf718fde6e7c04645
:020000040000fa
:020000040001f9
:10548c0010b582b00400019118b1019b0133022bbd
:10549c0002d9002002b010bd41f20121fcf7f4fa50
:1054ac000028f6d0019b013303d12000fcf7fefc51
:1054bc00f0e720000423022101aaf9f74bfb20009e
:0854cc00fcf7f4fce6e7c04622
:020000040000fa
:020000040001f9
:1054d40010b582b00400019118b1019b0133022b75
:1054e40002d9002002b010bd41f20141fcf7d0fa0c
:1054f4000028f6d0019b013303d12000fcf7dafc2d
:10550400f0e720000423022101aaf9f727fb200079
:08551400fcf7d0fce6e7c046fd
:020000040000fa
:020000040001f9
:10551c0010b543f27004c2f20004a06888b9206987
:10552c0018b100f085fe00232361a06902f008fc8d
:10553c0001f09afc44f62c03ff22c2f200035a70cd
:10554c0010bdfef713fea0680028e8d002f02af880
:08555c000023a360e3e7c04651
:020000040000fa
:020000040001f9
:1055640030b5040083b038b132b1836823b141f25d
:1055740000015088884201d003b030bd117901295f
:10558400fad140f208355b59002bf5d010321000e7
:10559400042301aa0231f4f7f7ffa368200001995c
:0855a4005b599847e8e7c04697
:020000040000fa
:020000040001f9
:1055ac0042f2004101230122c4f200210b601000e1
:1055bc000b6918401a42fad110230b600d3b0b7388
:1055cc0040f2e7338b8333238b7244f62c13c2f2f5
:1055dc000003186042f200422023c4f200224b72f6
:0855ec001369002bfcd170478c
:020000040000fa
:020000040001f9
:1055f40044f24852c2f20002536b30b543b18342c5
:1056040002d110e0834204d01a009b69002bf9d127
:1056140030bd83691bb181689c68091999609361e5
:1056240000238361f4e7996919b19c688d68641952
:085634008c609b695363f3e7ee
:020000040000fa
:020000040001f9
:10563c00431e10b50400033310d8de23c35c6bb1da
:10564c00ec23e358c069db699847042263789343e1
:10565c006370e37803329343e37010bd02f09afb5e
:10566c000228fad902f090fb42f24051c0f200013c
:08567c0001f0dcfaf1e7c04681
:020000040000fa
:020000040001f9
:105684000300013810b5033011d8de20185c70b166
:10569400e0201950e4215a50ec229a5819009468d9
:1056a4004ef21952d869c0f20002a04710bd02f0b0
:1056b40075fb0228fad902f06bfb42f26461c0f276
:0856c400000101f0b7faf1e763
:020000040000fa
:020000040001f9
:1056cc00f0b5c64644f6740400b5c2f20004a368f3
:1056dc0084b005006069984600f016fa42f69c36d4
:1056ec006768029003912369c0f200060193e36896
:1056fc003a000093310043462800fef7fff804b04f
:08570c0080bcb846f0bdc046a8
:020000040000fa
:020000040001f9
:10571400002b15d1002a13d1002906db01dc002857
:1057240006d00020c043410802e080210906002081
:1057340007b4024801a14018029003bdfd270000f0
:1057440003b4684601b5029801f0f8f8019b9e463f
:0857540002b00cbc7047c04616
:020000040000fa
:020000040001f9
:10575c004b00591844f2885344f288520901c2f2a2
:10576c000003cb184364c2f200020b0094461033c2
:10577c006344836444f20453c2f20003036144f2b1
:10578c00c443c2f200034361002320316144c1646d
:04579c00c38070470f
:020000040000fa
:020000040001f9
:1057a00010b582b06b460400d97118b16b46db7935
:1057b000032b02d9002002b010bd41f20001fcf71a
:1057c00069f90028f6d06b46db791bb92000fcf79d
:1057d00073fbf0e76a460123032120000732f9f743
:0457e000bff9f3e733
:020000040000fa
:020000040001f9
:1057e40010b582b06b460400d97178b16b46db7991
:1057f4007f2b0bd842f20011fcf74af930b16b460b
:10580400db7933b92000fcf755fb00e0002002b03f
:1058140010bd6a460123032120000732f9f79ef9df
:04582400f0e7c046a3
:020000040000fa
:020000040001f9
:1058280070b505000c00e0b1837942791b0213437f
:10583800407a5bba0a004b800871290010320a319d
:1058480000f02cfa68b16b7a5bb1210000230024c8
:105858004a8a4869013384546a7adbb208319a4229
:04586800f6d870bd41
:020000040000fa
:020000040001f9
:10586c0044f6681310b5c2f200031c6888b0bcb1d2
:10587c0001236a465b420093019313726b4600222c
:10588c009a805a806a464023537055339371684608
:10589c00092204a9a04718b16b46187e08b010bda8
:0458ac00ff20fbe7f7
:020000040000fa
:020000040001f9
:1058b000f0b5c64600b5c5016d18060082b02800d7
:1058c00017009846fff70ef9040088b143462900f7
:1058d000009332003b00fdf717fd050020b12800c2
:1058e00002b080bcb846f0bd200000f0a7fcf6e78f
:0458f0000025f4e7b4
:020000040000fa
:020000040001f9
:1058f40044f210630022c2f200031a621a779a601b
:10590400da6040f600028823c4f200229b0253604e
:10591400d369002bfcd117331373093bc0f2020384
:10592400136040f60002c4f20022d369002bfcd1bc
:045934007047c046b2
:020000040000fa
:020000040001f9
:10593800431e10b5040003330ed8de23c35c5bb1ed
:10594800ec23e358c0699b6998470722e37893439f
:1059580002221343e37010bd02f01efa0228fad99e
:1059680002f014fa42f24051c0f2000101f060f96d
:04597800f1e7c0464d
:020000040000fa
:020000040001f9
:10597c0011001a00431e70b5040003330ad8de234d
:10598c00c35c3bb1ec25049b6459c069246a9bb28f
:10599c00a04770bd02f0fef9022802d87c204042dc
:1059ac00f7e702f0f1f942f24051c0f2000101f0c8
:0459bc003df9f3e7d7
:020000040000fa
:020000040001f9
:1059c00010b5431c0dd04ff6ff730340f42058432d
:1059d00043f66863c2f200039c466044007a40b21a
:1059e00010bd02f0ddf9022801d80020f8e702f02e
:1059f000d1f942f26451c0f2000101f01df900201a
:045a0000eee7c046c7
:020000040000fa
:020000040001f9
:105a0400ad23f0b50c780d8a24070600640f4869ad
:105a1400c95ca5b1002304e00133dbb21030ab4212
:105a24000dd202782242f7d042788a42f4d18278a9
:105a3400b242f1d8c778ba189642eddaf0bd002028
:045a4400fce7c04675
:020000040000fa
:020000040001f9
:105a480010b544f64c14c2f200042378022b10d08f
:105a580005d8a3b163785bb10223237008e0032b58
:105a680006d160681e3001f009ff0123a37023707e
:105a780010bd00f081fd032360602370f8e7012367
:045a88002370f5e7ab
:020000040000fa
:020000040001f9
:105a8c0078bb00009ebb0000b2bb0000bcbb00009a
:105a9c00c8bb0000e6bb0000f2bb000010bc00005d
:105aac001cbc00003abc00004ebc00006ebc0000e8
:105abc007ebc00009ebc0000aebc00006ebb0000b3
:045acc0062bb0000b9
:020000040000fa
:020000040001f9
:105ad00030b401256d054c00e54215d85c00e54267
:105ae00012d80c001c436400044314430fd005d2a9
:105af00082428b418041013030bc704790429941d5
:105b00008041013030bc7047002030bc704701201c
:045b100030bc7047ee
:020000040000fa
:020000040001f9
:105b140041008c46012212068a420bd80909382317
:105b24001b06c918c30fdb07194340076346da4253
:105b340004d27047c10fc9070020704703d138232e
:105b44001b06c918704738231b06c9180122d20442
:045b54001143704742
:020000040000fa
:020000040001f9
:105b5800f7b5040c0d0091b20f0061438c460600a6
:105b6800019383b2100c5f43444358433b0c604499
:105b78001b18994202d9802149026418019955439a
:105b88007143180c04191b04bfb24919d819091913
:045b980003b0f0bda9
:020000040000fa
:020000040001f9
:105b9c0009024300020100c03209040000010202a4
:105bac000100052400200104240202052406000142
:105bbc0005240100010705810310000209040100fe
:105bcc00020a0000000705020240000007058202dd
:035bdc0040000086
:020000040000fa
:020000040001f9
:105be000030010b51a78202a0ad0110009390429b7
:105bf00006d92b2a06d000212d2a05d1012102e049
:105c00000133efe70021013300200a2402e0604362
:105c10000133801a1a78303a092af8d901b940427a
:025c200010bdb5
:020000040000fa
:020000040001f9
:105c240010b5054c237833b9044b13b1044800e094
:105c340000bf0123237010bdd847002000000000de
:105c440000000000034b10b51bb10349034800e0fa
:105c540000bf10bd00000000dc4700200000000071
:020000040000fa
:020000040001f9
:105c640010b5431c0cd00f230b4010339b001818a5
:105c74004368c909c9005b18d8798007c00f10bdf3
:105c840002f08cf8022801d80020f8e702f080f82e
:105c940040f2f451c0f2000100f0ccff0020eee726
:020000040000fa
:020000040001f9
:105ca40070b5d1b1cab100240325a0b10b78013479
:105cb4001370cb788e781b0233435bba53809eb249
:105cc4000b1d53604b78e4b22b4004339b19c91865
:105cd4000832a042ead1012070bd0020fce7c04692
:020000040000fa
:020000040001f9
:105ce40044f6681310b5c2f200031c6888b0acb166
:105cf40001236a465b420093019313727c33537011
:105d0400002393709380013393716846092204a998
:105d1400a04718b16b46187e08b010bdff20fbe702
:020000040000fa
:020000040001f9
:105d240070b50600b8b144f67013c2f200031a68e5
:105d3400824211d044f6b405c2f200056b6853b137
:105d4400706808b905e02000c46998476b68002ca6
:105d5400f9d13000984770bd00221a60eae7c046c6
:020000040000fa
:020000040001f9
:105d640030b5d0b12823c35c0d2b16d82023c55cd5
:105d7400202d12d80733c35c4bb10300002221331a
:105d840027301c78013322438342fad12ab10120ff
:105d940021b16b1e9d41e8b200e0002030bdc04639
:020000040000fa
:020000040001f9
:105da4000300d8b10d2919d828228154083a825cfd
:105db400202a11d82722825c002072b11a002733ce
:105dc40021321178013208439a42fad143425841b0
:105dd40043420920184000e0092070470220fce7f4
:020000040000fa
:020000040001f9
:105de400431e03330dd883685bb182784ab140f215
:105df4002c129a5c3ab140f23c129a5c00205ab1df
:105e040070470020fce70120002212019b180122a8
:105e14002d33ff331a70f3e702300132f5e7c04641
:020000040000fa
:020000040001f9
:105e240030b50d00140089b080b179b1c1784378e0
:105e340002780191817803a8009141f60c21c0f207
:105e4400000101f070fc0130a04202d9002009b029
:105e540030bd280003a902f019f80120f7e7c04675
:020000040000fa
:020000040001f9
:105e640046f200023f2370b540240225c4f200121a
:105e7400d65cd054135df6b2ab4313553e353e3c6d
:105e8400535d1c42fcd144f25873c2f200039c4699
:105e94003f230001604489b201800120d65470bdc3
:020000040000fa
:020000040001f9
:105ea40070b50025040001f0c3fc002c14db4ef295
:105eb4000012cef2000294461f2163099b00634442
:105ec4001d682140cd40012215408a4080215a504e
:105ed400bff34f8fbff36f8f01f0b4fc280070bd88
:020000040000fa
:020000040001f9
:105ee40010b544f29874c2f20004002001f02cf8ba
:105ef400e068f0f71dfaa068fcf750fb6069faf758
:105f04006bfcf5f71ffefef7b3fcf5f76ff8fff730
:105f140099fdf9f7b9fbf3f7bdfef2f753fb10bd9a
:020000040000fa
:020000040001f9
:105f240070b544f65414c2f2000484b005006068ed
:105f3400fff7eefd44f65c1342f60036c2f20003ae
:105f44005a79c0f2000602921b7902000193238859
:105f5400280000930b003100fdf7d4fc04b070bda1
:020000040000fa
:020000040001f9
:105f6400002b11d1002a0fd1002900d1002802d022
:105f74000021c943080007b4024802a14018029056
:105f840003bdc046b51f000003b4684601b50298be
:105f9400f1f7c0fe019b9e4602b00cbc7047c046a0
:020000040000fa
:020000040001f9
:105fa40030b401256d054c00e54215d85c00e5428e
:105fb40012d80c001c436400044314430cd005d2d3
:105fc40082428b418041404230bc704790429941ab
:0e5fd4008041404230bc7047002030bc704716
:020000040000fa
:020000040001f9
:105fe20030b401256d054c00e54215d85c00e54250
:105ff20012d80c001c436400044314430cd005d295
:10600200904299418041404230bc704782428b416c
:0e6012008041404230bc7047002030bc7047d7
:020000040000fa
:020000040001f9
:1060200010b582b06b460400d98010b16b46db8896
:1060300013b9002002b010bd40f60961fbf72afd3c
:106040000028f6d06a462000022303210632f8f722
:0c60500087fd2000fbf730ffece7c046a6
:020000040000fa
:020000040001f9
:10605c0010b582b06b460400d97118b16b46db7970
:10606c00012b02d9002002b010bd41f20131fbf727
:10607c000bfd0028f6d06a462000012303210732cd
:0c608c00f8f768fd2000fbf711ffece7bf
:020000040000fa
:020000040001f9
:1060980010b582b06b460400d97118b16b46db7934
:1060a800032b02d9002002b010bd41f60061fbf7b6
:1060b800edfc0028f6d06a462000012303210732b0
:0c60c800f8f74afd2000fbf7f3feece7c0
:020000040000fa
:020000040001f9
:1060d400f0b5c64605000f00160000b590b1836800
:1060e40083b17ab146f2101440f23c08c0f20104c4
:1060f400a04423681bb132003900280098470434b7
:0c6104004445f6d180bcb846f0bdc04652
:020000040000fa
:020000040001f9
:10611000c97501005d73000005470100fdf2000034
:10612000f1f90000812d010065550100c9a30000af
:106130005dcb0000c59a00008d0d010049140100df
:0c61400065cf0000d1f4000079330100ad
:020000040000fa
:020000040001f9
:10614c00421e030010b5033208d8de22825c2ab14d
:10615c00ec229b58c0695b6a984710bd01f01afe8f
:10616c00022802d87c204042f7e701f00dfe42f2f3
:0c617c004051c0f2000100f059fdf3e7b3
:020000040000fa
:020000040001f9
:10618800431e10b5033309d8de23c35c33b10023a3
:10619800c430016143608260002010bd01f0fcfd45
:1061a800022802d875204042f7e701f0effd42f2dd
:0c61b800b461c0f2000100f03bfdf3e711
:020000040000fa
:020000040001f9
:1061c4000300013810b5033008d8de20185c28b16c
:1061d400ec24d8691b599b6b984710bd01f0defd78
:1061e400022802d87d204042f7e701f0d1fd42f2b7
:0c61f4004051c0f2000100f01dfdf3e777
:020000040000fa
:020000040001f9
:10620000421e030010b5033208d8de22825c2ab198
:10621000ec229b58c0691b6c984710bd01f0c0fd73
:10622000022802d87d204042f7e701f0b3fd42f298
:0c6230004051c0f2000100f0fffcf3e759
:020000040000fa
:020000040001f9
:10623c0030b5b0b102000c4c103a216891b1156820
:10624c000b684019814206d1096910335b19116141
:10625c001360226005e01033c818824202d1ed1899
:0c626c000d6030bd1161f4e79449002082
:020000040000fa
:020000040001f9
:106278001c2101231b04984201d3000c10391b0a6e
:10628800984201d3000a08391b09984201d3000932
:10629800043902a2105c40187047c0460403020289
:0c62a800010101010000000000000000e6
:020000040000fa
:020000040001f9
:1062b40010b5431c0bd0012140f2fd32436a8171b9
:1062c4009a831d221a831a898a431a8110bd01f008
:1062d40065fd0228fad901f05bfd40f6f811c0f221
:0862e400000100f0a7fcf1e746
:020000040000fa
:020000040001f9
:1062ec00f0b5070085b0a8b1c46884b12200556828
:1062fc002468002df9d0137b03ae19020b433380b5
:10630c009068012339000096a847002ceed1002399
:08631c00fb603b6105b0f0bd20
:020000040000fa
:020000040001f9
:1063240010b50400012901d01c2911d184b1a06841
:1063340070b16ab1a07868b12000fcf7e3fc30b911
:1063440040f24032a368029999500432985010bd2b
:086354000220fce70120fae73a
:020000040000fa
:020000040001f9
:10635c00a0380000b4380000a0380000e638000077
:10636c005439000072390000a0380000563a000081
:10637c00923a0000b03a0000ce3a0000ee3a00002b
:08638c00123b0000763800000e
:020000040000fa
:020000040001f9
:1063940044f24851c2f200014b6b10b53bb130b12d
:1063a40000249a68824205d39a68121a9a604b694b
:1063b4000b6110bd9a689c609b69801a002bf6d013
:0863c4000028eed1f3e7c0460a
:020000040000fa
:020000040001f9
:1063cc0044f64410c2f2000010b5446824b101290f
:1063dc0003d000210d20a04710bd012af9d1002bbc
:1063ec00f7d0029b002bf4d01b78002bf1d00021ae
:0863fc000920a047f0e7c046ac
:020000040000fa
:020000040001f9
:10640400431e10b5033306d8de23c35c1bb10078ea
:106414000007400f10bd01f0c1fc022801d8032081
:10642400f8e701f0b5fc42f29061c0f2000100f01f
:0864340001fc0320eee7c04665
:020000040000fa
:020000040001f9
:10643c00201301002e1301004c1301001e13010048
:10644c001e13010062130100701301007e13010082
:10645c008c1301001e1301001e1301001e130100fa
:08646c001e1301000a130100d8
:020000040000fa
:020000040001f9
:10647400ca9c0000e49c0000f29c0000fe9c00000a
:10648400209d0000509d00005c9d00006a9d00005e
:10649400869d00009a9d0000ba9d0000349e000075
:0864a400b29c0000b29c000054
:020000040000fa
:020000040001f9
:1064ac0010b50400812906dc00207f2912dd136859
:1064bc000721073305e0002083290bd113687c39b1
:1064cc0007338b4319000120083111601a685b688f
:0664dc002260636010bda8
:020000040000fa
:020000040001f9
:1064e40070b544f2bc04c2f200042378050063b919
:1064f40068b190220021200001f09efa2b686360ad
:106504006b68a36040f201232380200070bd00204b
:04651400fce7c0469a
:020000040000fa
:020000040001f9
:1065180070b504000d0070b1067856b18b1e012bc2
:1065280009d84378032b03d0032901d1c16821b9c5
:106538006570300070bd0026fbe7f7f73bf8657023
:04654800f7e7c0466b
:020000040000fa
:020000040001f9
:10654c0070b580250400c16d4059fef7fdfd605902
:10655c00216ffef7f9fd6059a16dfef7f5fd60594d
:10656c00e16efef7f1fd84220021200001f060fabb
:04657c0070bdc046e8
:020000040000fa
:020000040001f9
:1065800042f20042c4f2000213881b0407d448f20e
:10659000000113880b43138013691942fcd142f2a6
:1065a00000420821c4f2000213691942fcd190692b
:0465b0007047c0462a
:020000040000fa
:020000040001f9
:1065b40038b944f2b8235a22c2f200039a5c012a81
:1065c40002d00120404270471a6d586d824205d3b3
:1065d400101af8d41b6c013b181af4e7196c521802
:0465e400f6e7c046d0
:020000040000fa
:020000040001f9
:1065e80038b944f2b8235a22c2f200039a5c012a4d
:1065f80002d00120404270479a6cd86c824205d381
:10660800101af8d45b6c013b181af4e7596c52184d
:04661800f6e7c0469b
:020000040000fa
:020000040001f9
:10661c0010b502ab1a7844f63413c2f200035b686f
:10662c00012a0ad0022a04d012b90021042098476a
:10663c0010bd002108209847fae700210520984753
:04664c00f6e7c04667
:020000040000fa
:020000040001f9
:1066500000b5130083b098b10a280ed00f280cd0d3
:106660000a0042f220310090c0f200010020fdf744
:106670004bf90120404203b000bd04204042fae73c
:046680000020f8e717
:020000040000fa
:020000040001f9
:10668400340345006e007400650072002000500061
:1066940072006f00640075006300740020005300f2
:1066a4007400720069006e006700200048006500f5
:0466b400720065000b
:020000040000fa
:020000040001f9
:1066b80034034d006900630072006f0063006800d6
:1066c80069007000200054006500630068006e00d7
:1066d8006f006c006f0067007900200049006e00b1
:0466e80063002e001d
:020000040000fa
:020000040001f9
:1066ec0044f65c1347f6d910002210b5c2f2000331
:1066fc000021c0f201001a7001f0f6f900f06afff7
:10670c0047f6a54100220420c0f2010100f0eafc8a
:04671c0010bdc046a6
:020000040000fa
:020000040001f9
:1067200010b50a48016821b9436813b9f1f74bff66
:1067300010bd04008368064a9bb20c349b009b5832
:1067400042682000984780002018ebe79c3d00003d
:04675000147a0100b6
:020000040000fa
:020000040001f9
:1067540070b500250c000a0000682900f4f71efd3e
:10676400a84205da4f222c00044b1a60200070bda9
:10677400034b25626562a362f8e7c0469c4900208a
:046784006c70010034
:020000040000fa
:020000040001f9
:106788000200002030b50a4943005c5c14b95b186c
:10679800587830bd116801300d78c0b2a54204d1d7
:1067a800034801311b18587811600a28ebd9f0e723
:0467b8004077010025
:020000040000fa
:020000040001f9
:1067bc00f4464a1805d200f006f901d5c017400876
:1067cc00604701235b05d34206d200f0fcf801d5eb
:1067dc000120c0074042604701d10042f5d0d017dc
:0467ec0040087047aa
:020000040000fa
:020000040001f9
:1067f00010b5431c04d0436a188a8004400d10bdb4
:1068000001f0cefa022801d80020f8e701f0c2fa20
:1068100040f65021c0f2000100f00efa0020eee731
:020000040000fa
:020000040001f9
:10682000010010b528b144f2f474c2f200042378d8
:1068300003b110bd1022201d01f0f6f844f24453bc
:106840000122c2f2000352421a6001232380f0e7c2
:020000040000fa
:020000040001f9
:10685000f0b507000c0083b079b1220025685668b6
:106860002c002eb100239068390000930133b0470b
:10687000002df2d1012003b0f0bd0020fbe7c0469f
:020000040000fa
:020000040001f9
:10688000020030b558b1007850b114000023203414
:1068900025688d4205d001330834052bf8d100203e
:1068a00030bddb00d218002313625362f8e7c04604
:020000040000fa
:020000040001f9
:1068b0005444000006420000064200000642000068
:1068c0000642000006420000924300006a430000b6
:1068d0001c430000b04200006e420000e84200008d
:020000040000fa
:020000040001f9
:1068e00042f2004244f6e00310b5c4f2000291897e
:1068f000c2f2000389b259600449918192891a68f1
:106900001ab1586899681b68984710bdffc1ffff0e
:020000040000fa
:020000040001f9
:1069100010b5100086b009b106b010bd44f688135a
:106920000191c2f200030291039104910591142296
:1069300001a91c68fff776fa01a90020a047ebe740
:020000040000fa
:020000040001f9
:10694000f7b517001e0004000d00f1f7e3fc02008c
:106950000b000090019138003100fff7fdf8241a78
:106960008d41089b009801991c605d6003b0f0bdeb
:020000040000fa
:020000040001f9
:10697000064b1a680ab9064a1a60064a116809b92c
:10698000054911601a68054b1a6070470c490020d0
:10699000a849002008490020a869002004490020d7
:020000040000fa
:020000040001f9
:1069a00070b4012676054c005d00e6420cd8ee423c
:1069b0000ad825430543154303d0994204d1904298
:0e69c00002d1012070bc7047002070bc7047ef
:020000040000fa
:020000040001f9
:1069ce004a0010d2520d03231b02ff33d21a0ad4ef
:1069de0052421f3209d4400dc90208430123db077e
:0e69ee001843d040704700207047d017704704
:020000040000fa
:020000040001f9
:1069fc0010b5431c04d0437813b14163826310bdbe
:106a0c0001f0c8f90228fad901f0bef940f2d841d8
:0c6a1c00c0f2000100f00af9f1e7c046ea
:020000040000fa
:020000040001f9
:106a280010b5431c04d08022436a1143997210bdeb
:106a380001f0b2f90228fad901f0a8f940f6780174
:0c6a4800c0f2000100f0f4f8f1e7c046d5
:020000040000fa
:020000040001f9
:106a540010b5431c02d03023c05c10bd01f09ef978
:106a6400022801d80020f8e701f092f940f6d40199
:0c6a7400c0f2000100f0def80020eee7a8
:020000040000fa
:020000040001f9
:106a800010b5431c05d00221426a13890b431381c0
:106a900010bd01f085f90228fad901f07bf940f622
:0c6aa0003411c0f2000100f0c7f8f1e76b
:020000040000fa
:020000040001f9
:106aac0000b583b0019251b10c290ad841f21e42b3
:106abc00ca40d20705d5042301aaf8f74bf803b056
:0c6acc0000bd019af8f746f8f9e7c04653
:020000040000fa
:020000040001f9
:106ad80070b5040050b1007848b125000023203576
:106ae8002e682eb101330835052bf9d1002070bd71
:0c6af800db00e41821626262f9e7c0468e
:020000040000fa
:020000040001f9
:106b04001cf300001cf300007cf300007cf3000085
:106b14007cf300007ef30000aef30000b2f300004b
:0c6b2400b2f30000b6f30000aef3000076
:020000040000fa
:020000040001f9
:106b300040f2004300220121c4f200031a819a7935
:106b40000a439a71032299780a40022a05d0022248
:0c6b500001219a709a791142fcd0704724
:020000040000fa
:020000040001f9
:106b5c0042f200428021c4f2002253790b4353715c
:106b6c007c3913691942fcd142f20042c4f2002272
:0c6b7c0053791f2bfcd8908a80b2704720
:020000040000fa
:020000040001f9
:106b880042f2004310b5c4f200235a7a6ab13322a4
:106b9800987a9a7244f62c13c2f200031a68c0b2ab
:0c6ba8001ab110b159681b68984710bd65
:020000040000fa
:020000040001f9
:106bb40038b944f2b8235a22c2f200039a5c012a7b
:106bc40002d00120404270471a6d586d824201d3b1
:0c6bd400101af8e71b6cd218101af4e736
:020000040000fa
:020000040001f9
:106be00038b944f2b8235a22c2f200039a5c012a4f
:106bf00002d00120404270479a6cd86c824201d387
:0c6c0000101af8e75b6cd218101af4e7c9
:020000040000fa
:020000040001f9
:106c0c0001030000b13101008d4d0100b56b010095
:106c1c00b565010029280100e16b0100e96501005f
:0c6c2c00bdb90000897d01001d7f010042
:020000040000fa
:020000040001f9
:106c380070b50d0080b944f6ec040023c2f20004dc
:106c4800e3564bb166683eb1080000f019fd290013
:0c6c580002007369a068984770bdc04638
:020000040000fa
:020000040001f9
:106c640012520000ea510000ae5100008a510000a7
:106c740080510000765100000c5100004a51000080
:0c6c84000c5100000c51000040510000b9
:020000040000fa
:020000040001f9
:106c90008c7a010001000000247f01000000000048
:106ca000000000000000000004000000947b0100d0
:0c6cb000000000000000000000000000d8
:020000040000fa
:020000040001f9
:106cbc0010b5884209d98b18984206d222b1013af4
:106ccc008b5c8354013afbd210bd0023002afbd00d
:0c6cdc00cc5cc45401339a42fad1f5e7b5
:020000040000fa
:020000040001f9
:106ce8004c4d0000204d0000ca4c0000ca4c00006a
:106cf800064c0000804c0000804c0000044d000051
:086d0800064c0000cc4d000018
:020000040000fa
:020000040001f9
:106d100080b1020000232132137053709370d3703e
:106d20001371537127228354073a835408328354d2
:086d3000002070470220fce77f
:020000040000fa
:020000040001f9
:106d3800431e03330fd883686bb10139cab2012ae5
:106d480009d882783ab109015b182d33ff331a78d4
:086d58000ab100221a70704715
:020000040000fa
:020000040001f9
:106d600043f60003012010b5c4f200239a7998710c
:106d700044f61c13c2f200031968d2b219b1596863
:086d800010401b68984710bd8c
:020000040000fa
:020000040001f9
:106d880044f6241341f600020221c2f20003c4f2c1
:106d9800000210b558689468214204d091601a68be
:086da8000ab11b68984710bdf9
:020000040000fa
:020000040001f9
:106db00042f20002c4f200029368002bfcd10221cf
:106dc00013788b43137042f20002c4f200029368fe
:086dd000002bfcd17047c04606
:020000040000fa
:020000040001f9
:106dd8006ae500006ae5000070e5000004e60000ce
:106de8000ee600006ae500006ae5000038e50000ec
:086df80018e6000046e500006a
:020000040000fa
:020000040001f9
:106e00000000000000000000000000000000000082
:106e100001000000a47b0100906c01000200000052
:086e20000000000014430020f3
:020000040000fa
:020000040001f9
:106e280070b505690400954200d915005db12a00c6
:106e3800606900f0f5fd22696369521b2261002236
:086e48005b1963611a7070bd53
:020000040000fa
:020000040001f9
:106e500010b5013000d010bd00f0a2ff0228fad911
:106e600000f098ff40f69811c0f20001fff7e4fe31
:046e7000f1e7c04640
:020000040000fa
:020000040001f9
:106e740010b544f2f474c2f20004237843b101f073
:106e84002bf8237e0133237601f02af80023238094
:046e940010bdc04627
:020000040000fa
:020000040001f9
:106e9800431e033307d883682bb102781ab1012245
:106ea8008256022a00d0704791215a5c01325a5406
:046eb800f9e7c046f0
:020000040000fa
:020000040001f9
:106ebc00431e020010b5033309d883683bb19868b0
:106ecc0000f0e0f801235840c000c0b210bd022011
:046edc00fce7c046c9
:020000040000fa
:020000040001f9
:106ee00042f600030822c4f2000310b55a615b6940
:106ef00043f65c73c2f200035a6a12b1986a5b6a85
:046f0000984710bde1
:020000040000fa
:020000040001f9
:106f040042f600031022c4f2000310b55a615b6913
:106f140043f65c73c2f200031a6b12b1586b1b6b1d
:046f2400984710bdbd
:020000040000fa
:020000040001f9
:106f2800963e0100aa3e01006a3e0100743e01003f
:106f3800863e01008c3e0100843e0100843e010033
:046f4800743e010092
:020000040000fa
:020000040001f9
:106f4c0044f6ec02c2f20002944643001b189b006c
:106f5c0063445a68010010b512b19868136a9847d7
:046f6c0010bdc0464e
:020000040000fa
:020000040001f9
:106f700070b50c00c5b22800160000f051fc2100cd
:106f8000034b3143184001432800fef76bff70bdef
:046f9000fff3ffff0d
:020000040000fa
:020000040001f9
:106f94005359535f57494e43535f574946495f67b7
:106fa4006574526567446f6d61696e43616c6c62b0
:046fb40061636b00aa
:020000040000fa
:020000040001f9
:106fb8000000000000a000410100140000000201d0
:106fc80000000000000000000000000000000000b9
:046fd80000000000b5
:020000040000fa
:020000040001f9
:106fdc00d4430100c6430100e2430100f643010023
:106fec0004440100d2430100d2430100d24301000a
:046ffc00c643010087
:020000040000fa
:020000040001f9
:1070000044f64c1347f6c510002210b5c2f2000337
:107010000021c0f201001a7000f08cfd00f0f8fab7
:0470200010bdc04699
:020000040000fa
:020000040001f9
:1070240008b000004eb000005ab000007cb0000070
:107034009ab00000b8b00000d6b000000eb0000056
:047044002cb000006c
:020000040000fa
:020000040001f9
:1070480041000dd2090e7f390ad449421f3105d4b7
:1070580000020122d2071043c8407047c817704782
:04706800002070474d
:020000040000fa
:020000040001f9
:10706c00474d5400286e696c29002500494e460096
:10707c00696e66004e414e006e616e00286e756c36
:03708c006c29006c
:020000040000fa
:020000040001f9
:1070900058b144f67813c2f20003196044f6741331
:1070a0000120c2f200031a6070470020fce7c046ce
:020000040000fa
:020000040001f9
:1070b000431e03330ad8836843b1827822b140f279
:1070c00048320020995070470120fce70220fae77f
:020000040000fa
:020000040001f9
:1070d00010b5040050b11422002100f0affc45f2bd
:1070e00080130020c0f20103e36010bd0220fce722
:020000040000fa
:020000040001f9
:1070f00070b543f65c7443001b18c2f200049b0099
:107100001d192e7a864201d119516a6070bdc046a0
:020000040000fa
:020000040001f9
:1071100042f20002c4f2000213781b0606d40221d8
:1071200013780b4313709368002bfcd17047c04653
:020000040000fa
:020000040001f9
:1071300044f680134a68c2f200031a6044f68413ce
:107140000a89c2f200035a80022200201a70704796
:020000040000fa
:020000040001f9
:1071500070b50c00c5b2280000f062fb2100034ba3
:10716000184001432800fef77dfe70bdfffcffffc5
:020000040000fa
:020000040001f9
:1071700001b970470028fcdb1f21012201408a4031
:107180004ef200114309cef200019b005a50f0e785
:020000040000fa
:020000040001f9
:10719000428f00007a8f0000469000009c8f000014
:1071a000b68f00000a900000289000001c8f00009d
:020000040000fa
:020000040001f9
:1071b000aec7000004c80000e6c70000d6c7000044
:1071c000aec70000aec70000b8c70000a4c70000eb
:020000040000fa
:020000040001f9
:1071d00038b949b144f2b433c2f2000319625a62b9
:1071e000704778204042fbe77d204042f8e7c046e8
:020000040000fa
:020000040001f9
:1071f00000f7000006f7000012f7000038f7000063
:1072000042f700004ef70000bcf60000a4f60000b4
:020000040000fa
:020000040001f9
:1072100010b5054c23680bb9fff7aafb034b1868a0
:107220002368c01a10bdc046044900200849002048
:020000040000fa
:020000040001f9
:107230009d2201000ad002d4013a4900fcd5d205b2
:0e724000080a0906494100d301295041704750
:020000040000fa
:020000040001f9
:10724e00002310b5934206d103201840421e9041f0
:0e725e009b08c01810bdc45ccc540133f2e78d
:020000040000fa
:020000040001f9
:10726c0010b5012484b00394069c01930092002372
:0c727c0000220294f1f706fc04b010bde3
:020000040000fa
:020000040001f9
:1072880010b5022484b00394069c0294002401944f
:0c7298000094f1f7f9fb04b010bdc046f3
:020000040000fa
:020000040001f9
:1072a40010b5ccb246f699610200c0f2010120008b
:0c72b400fff71cff200000f023fc10bdc1
:020000040000fa
:020000040001f9
:1072c00010b582b0049c0093019413000a000100e1
:0c72d00040f20030fbf728fb02b010bdbc
:020000040000fa
:020000040001f9
:1072dc0010b582b0049c0093019413000a000100c5
:0c72ec0040f20050fbf71afb02b010bd8e
:020000040000fa
:020000040001f9
:1072f80010b582b0049c0093019413000a000100a9
:0c73080040f60000fbf70cfb02b010bdcb
:020000040000fa
:020000040001f9
:1073140010b582b0049c0093019413000a0001008c
:0c73240040f60050fbf7fefa02b010bd6e
:020000040000fa
:020000040001f9
:1073300010b582b0049c0093019413000a00010070
:0c73400041f20020fbf7f0fa02b010bd93
:020000040000fa
:020000040001f9
:10734c0010b582b0049c0093019413000a00010054
:0c735c0041f20030fbf7e2fa02b010bd75
:020000040000fa
:020000040001f9
:1073680010b582b0049c0093019413000a00010038
:0c73780041f20040fbf7d4fa02b010bd57
:020000040000fa
:020000040001f9
:1073840010b582b0049c0093019413000a0001001c
:0c73940041f60040fbf7c6fa02b010bd45
:020000040000fa
:020000040001f9
:1073a00010b582b0049c0093019413000a00010000
:0c73b00041f60050fbf7b8fa02b010bd27
:020000040000fa
:020000040001f9
:1073bc0086c40000eac400009ec40000b4c40000ef
:0c73cc0024c50000f2c4000078c50000d9
:020000040000fa
:020000040001f9
:1073d800421e03000120033206d818561b7803b159
:0c73e80000b170470120fce74042fae7ca
:020000040000fa
:020000040001f9
:1073f40010b5040040b142220021013000f01cfb12
:0c740400ff230020237010bd0220fce7d5
:020000040000fa
:020000040001f9
:1074100043f600020221c4f20022137e0b431376ce
:0c7420004902138c1942fcd17047c04691
:020000040000fa
:020000040001f9
:10742c00000000000104000001040000343b0020b7
:0c743c00343900206c2c0020682800204f
:020000040000fa
:020000040001f9
:10744800857b010029760100417601007d7d0100e0
:0c74580099780100ad7801005d6b010027
:020000040000fa
:020000040001f9
:107464008074010044480020010000000100000075
:0c7474003c460020387901006400000054
:020000040000fa
:020000040001f9
:10748000e9330100bd3c0100c5370100e54c0100b6
:0c749000557b0100d1e20000457b0100ab
:020000040000fa
:020000040001f9
:10749c00b87401005c4800200100000001000000ed
:0c74ac00684600204c79010064000000dc
:020000040000fa
:020000040001f9
:1074b800313801008d3d01009d380100394d010032
:0c74c800757b0100f5e30000657b01000e
:020000040000fa
:020000040001f9
:1074d40010b5040000f0caf944f64c13c2f20003dc
:0c74e40058681e30001900f0cbf910bdf4
:020000040000fa
:020000040001f9
:1074f00044f64c1342f6282110b5c2f200035a6834
:0c750000c0f20001fcf700fa10bdc0460c
:020000040000fa
:020000040001f9
:10750c0010b54ab104780b789c4201d0e01a10bd3a
:0c751c00013a01300131f4e71000f8e7fb
:020000040000fa
:020000040001f9
:10752800c9b242b1821802e00130824203d0037826
:0c7538008b42f9d170470020fce7c046f0
:020000040000fa
:020000040001f9
:10754400054a10b51468030000201cb913601861c3
:0c7554001960013010bdc04694490020b1
:020000040000fa
:020000040001f9
:1075600047f29753c0f20103004206d5404200b5ee
:0c757000984708bc0122d20711431847bd
:020000040000fa
:020000040001f9
:10757c005359535f57494e43535f4e45545f536fb6
:0a758c00636b5372764374726c0057
:020000040000fa
:020000040001f9
:1075960040f21d42010007d002d4013a0018fcd582
:0a75a6001205c30a4005991870474a
:020000040000fa
:020000040001f9
:1075b00010b508b1037803b910bd0023c16803708a
:0875c000fff746f9f8e7c046a9
:020000040000fa
:020000040001f9
:1075c800110010b530b12ab113004988127910336f
:0875d800f0f784f810bdc04675
:020000040000fa
:020000040001f9
:1075e00043f600020221c4f2002213780b43137009
:0875f000138c1942fcd1704715
:020000040000fa
:020000040001f9
:1075f80040f2004204230421c4f20002537053787d
:087608001942fcd030bf7047ad
:020000040000fa
:020000040001f9
:1076100042f200420221c4f2000213880b4313809d
:0876200013691942fcd1704707
:020000040000fa
:020000040001f9
:1076280042f200420221c4f2002213680b431360a5
:0876380013691942fcd17047ef
:020000040000fa
:020000040001f9
:1076400042f200420221c4f2002213688b4313600d
:0876500013691942fcd17047d7
:020000040000fa
:020000040001f9
:1076580010b544f2ec64c2f20004e360029b2060bf
:087668006160a260236110bd06
:020000040000fa
:020000040001f9
:1076700042f6342110b5034ac0f20001fcf744f988
:0876800010bdc0468344002048
:020000040000fa
:020000040001f9
:10768800037833b103005a780133002afbd1181a62
:0876980070470020fce7c0462a
:020000040000fa
:020000040001f9
:1076a00013b50400019201aaf0f7b0f96368db0694
:0876b00001d50120404216bd86
:020000040000fa
:020000040001f9
:1076b8005359535f57494e43535f4d5154545f5389
:0776c80072764374726c003e
:020000040000fa
:020000040001f9
:1076d0005359535f57494e43535f574946495f5388
:0776e00072764374726c0026
:020000040000fa
:020000040001f9
:1076e80070b50a000c0000210500fff719ff00b172
:0676f800441b200070bde0
:020000040000fa
:020000040001f9
:1076fe00006810b5002801da002010bdfdf7d5fc9a
:06770e00431cfad1f8e76c
:020000040000fa
:020000040001f9
:107714000cb407b504ab04cb0193fcf7abfe03b088
:0677240008bc02b018478a
:020000040000fa
:020000040001f9
:10772a000eb403b503aa02ca019200f096f902b098
:06773a0008bc03b0184773
:020000040000fa
:020000040001f9
:1077400068076c094c836a9074a07ac000806888ce
:0677500000846c82008140
:020000040000fa
:020000040001f9
:1077580044f2987310b5c2f200035869f8f700f8bc
:0477680010bdc0464a
:020000040000fa
:020000040001f9
:10776c0043f200030120c4f200031b6a9b0b9843f5
:04777c007047c0464c
:020000040000fa
:020000040001f9
:1077800010b508b1012b00d010bd1000fef756fd5a
:04779000fae7c0460e
:020000040000fa
:020000040001f9
:1077940010b508b1012b00d010bd1000fef74cfd50
:0477a400fae7c046fa
:020000040000fa
:020000040001f9
:1077a80010b508b1012b00d010bd1000fef742fd46
:0477b800fae7c046e6
:020000040000fa
:020000040001f9
:1077bc0010b508b1012b00d010bd1000fef738fd3c
:0477cc00fae7c046d2
:020000040000fa
:020000040001f9
:1077d000969b0000f49b0000469c0000f69a000077
:0477e0005c9b0000ae
:020000040000fa
:020000040001f9
:1077e40010b508b1012b00d010bd1000fef724fd28
:0477f400fae7c046aa
:020000040000fa
:020000040001f9
:1077f80096000100dc000100c6000100b000010095
:04780800f200010089
:020000040000fa
:020000040001f9
:10780c0044f23873c2f200039c46000160444160ac
:04781c0082607047cf
:020000040000fa
:020000040001f9
:1078200044f25873c2f200039c4600016044008891
:0478300080b270476b
:020000040000fa
:020000040001f9
:10783400eff3108072b6bff35f8f43425841c0b27a
:047844007047c04683
:020000040000fa
:020000040001f9
:1078480018b1bff35f8f62b6704772b6bff35f8f30
:04785800fae7c04645
:020000040000fa
:020000040001f9
:10785c0044f200030622c4f200135a60053a1a726d
:04786c007047c0465b
:020000040000fa
:020000040001f9
:1078700042f200420821c4f20002906113691942e9
:04788000fcd1704780
:020000040000fa
:020000040001f9
:1078840042f200422021c4f200021062136919423c
:04789400fcd170476c
:020000040000fa
:020000040001f9
:1078980042f200424021c4f2002290831369194247
:0478a800fcd1704758
:020000040000fa
:020000040001f9
:1078ac0042f200428021c4f20022d08313691942b3
:0478bc00fcd1704744
:020000040000fa
:020000040001f9
:1078c00042f20003c4f200039a68920601d4a52292
:0478d0001a73704770
:020000040000fa
:020000040001f9
:1078d4003048010058480100604801004048010058
:0478e400484801000f
:020000040000fa
:020000040001f9
:1078e800a2500100a8500100ae5001009c500100b8
:0478f80096500100a5
:020000040000fa
:020000040001f9
:1078fc008c1901009c190100ac1901007c190100c4
:04790c006a190100f3
:020000040000fa
:020000040001f9
:1079100044f6a413c2f200031a7812b90232ff32fd
:047920001a80704712
:020000040000fa
:020000040001f9
:107924005dea0000cd1b0100112c010000000000e5
:0479340011790100c4
:020000040000fa
:020000040001f9
:10793800000000002a000000290000002a000000c2
:047948002a00000011
:020000040000fa
:020000040001f9
:10794c0000000000220000002100000022000000c6
:04795c002200000005
:020000040000fa
:020000040001f9
:1079600043f2e0630022c2f200031a70013a5a6047
:047970007047c04656
:020000040000fa
:020000040001f9
:10797400802143f2000010b5c4f20000890300f036
:04798400c9fa10bd6f
:020000040000fa
:020000040001f9
:1079880044f6100310b5c2f200039868f9f748f9f5
:0479980010bdc04618
:020000040000fa
:020000040001f9
:10799c0044f6100310b5c2f200039868f9f7f2fd33
:0479ac0010bdc04604
:020000040000fa
:020000040001f9
:1079b00044f6100310b5c2f200035869faf754f9ff
:0479c00010bdc046f0
:020000040000fa
:020000040001f9
:1079c4000123034204d044f64c12c2f20002d370e5
:0479d4007047c046f2
:020000040000fa
:020000040001f9
:1079d8000123034204d044f65c12c2f20002d370c1
:0479e8007047c046de
:020000040000fa
:020000040001f9
:1079ec0044f214730022c2f200031a70013a5a6076
:0479fc009a607047d6
:020000040000fa
:020000040001f9
:107a000044f674030022c2f200031a70fe229205ab
:047a10005a61704700
:020000040000fa
:020000040001f9
:107a1400b17a01004f720100397f0100397f010002
:047a2400397f0100a5
:020000040000fa
:020000040001f9
:107a280010b52ab10023cc5cc45401339342fad177
:047a380010bdc04677
:020000040000fa
:020000040001f9
:107a3c0032b10300c9b21218197001339342fbd151
:047a4c007047c04679
:020000040000fa
:020000040001f9
:107a500003000a7818001a7001310133002af8d1a6
:047a60007047c04665
:020000040000fa
:020000040001f9
:107a640010b513000a000249fcf704fd10bdc0461e
:047a7400ffffff7f92
:020000040000fa
:020000040001f9
:107a780002b4714649084900095c49008e4402bcb9
:047a88007047c0463d
:020000040000fa
:020000040001f9
:107a8c001201000202000040d804000000010102b3
:027a9c000301e4
:020000040000fa
:020000040001f9
:107a9e00f0b40125ed076b404af20724c0f2000452
:027aae0020476f
:020000040000fa
:020000040001f9
:107ab0008a18914201d10020704700230b700131d8
:027ac000f7e7e6
:020000040000fa
:020000040001f9
:107ac40000000000000000000000000000000000b2
:020000040000fa
:020000040001f9
:107ad40018b100230370002070470220fce7c04661
:020000040000fa
:020000040001f9
:107ae40043f60003c4f20023988c80b27047c0466a
:020000040000fa
:020000040001f9
:107af40044f61c13c2f20003186059607047c04674
:020000040000fa
:020000040001f9
:107b0400012342f600028340c4f20002136170476d
:020000040000fa
:020000040001f9
:107b1400012342f600028340c4f20002d36070479e
:020000040000fa
:020000040001f9
:107b240040f60043c4f200031878c0b27047c04660
:020000040000fa
:020000040001f9
:107b340044f6e003c2f20003186099607047c0463f
:020000040000fa
:020000040001f9
:107b440044f2b853c2f20003586299627047c046c7
:020000040000fa
:020000040001f9
:107b540044f2b8532122c2f20003985cc0b27047c9
:020000040000fa
:020000040001f9
:107b640044f2e453c2f20003586299627047c0467b
:020000040000fa
:020000040001f9
:107b740044f2e4532122c2f20003985cc0b270477d
:020000040000fa
:020000040001f9
:107b840044f62c13c2f20003186059607047c046d3
:020000040000fa
:020000040001f9
:107b9400207f0100b866010084660100147d0100a5
:020000040000fa
:020000040001f9
:107ba4000301000200000000ac7d01002479010003
:020000040000fa
:020000040001f9
:107bb40000000000010000002808004228080042dc
:020000040000fa
:020000040001f9
:107bc40043f2e063c2f20003987ac0b27047c04641
:020000040000fa
:020000040001f9
:107bd40044f2ec63c2f20003187599617047c04621
:020000040000fa
:020000040001f9
:107be40044f2ec63c2f20003d86119625a6270472e
:020000040000fa
:020000040001f9
:107bf40044f610030122c2f200031a767047c0460d
:020000040000fa
:020000040001f9
:107c040044f610030122c2f200035a767047c046bc
:020000040000fa
:020000040001f9
:107c140044f610030122c2f200039a767047c0466c
:020000040000fa
:020000040001f9
:107c240044f61003c2f20003987ec0b27047c04607
:020000040000fa
:020000040001f9
:107c340010b50249fdf724fb10bdc04624480020be
:020000040000fa
:020000040001f9
:107c440044f64c13c2f200039878c0b27047c046a1
:020000040000fa
:020000040001f9
:107c540044f64c13c2f20003d878c0b27047c04651
:020000040000fa
:020000040001f9
:107c640044f28043c2f200039878c0b27047c04621
:020000040000fa
:020000040001f9
:107c740044f280430022c2f200031a707047c046e7
:020000040000fa
:020000040001f9
:107c840044f6f803c2f20003587ac0b27047c04603
:020000040000fa
:020000040001f9
:107c940044f6f8030022c2f200031a707047c0468b
:020000040000fa
:020000040001f9
:107ca40043f200034022c4f20003da617047c04685
:020000040000fa
:020000040001f9
:107cb40044f65c13c2f200039878c0b27047c04621
:020000040000fa
:020000040001f9
:107cc40044f21473c2f20003587bc0b27047c0463a
:020000040000fa
:020000040001f9
:107cd400002010b5f7f7bcf8fef702f9fce7c04640
:020000040000fa
:020000040001f9
:107ce40010b50249fef734fd10bdc046944600208d
:020000040000fa
:020000040001f9
:107cf40010b5f4f7cbf8029a039bf2f77ffa10bda4
:020000040000fa
:020000040001f9
:107d04000122d20751404df63103c0f20003184757
:020000040000fa
:020000040001f9
:0e7d14000e033000300030003000300031002f
:020000040000fa
:020000040001f9
:0e7d22000300413b192b01d820231843704762
:020000040000fa
:020000040001f9
:0e7d30000300613b192b01d85f2318407047f8
:020000040000fa
:020000040001f9
:0c7d400011b10b7801330b707047c04686
:020000040000fa
:020000040001f9
:0c7d4c0010b5c0b2fff7e0fe10bdc0464d
:020000040000fa
:020000040001f9
:0c7d580010b510b1436803b1984710bd8e
:020000040000fa
:020000040001f9
:0c7d640010b508b1fef768fa10bdc0466b
:020000040000fa
:020000040001f9
:0c7d700000000000f109610961196113b5
:020000040000fa
:020000040001f9
:0c7d7c0044f24020c0f20f007047c046e7
:020000040000fa
:020000040001f9
:0c7d880044f2b823c2f2000318797047df
:020000040000fa
:020000040001f9
:0c7d940044f68413c2f2000358887047c4
:020000040000fa
:020000040001f9
:0c7da00044f68013c2f20003186870471c
:020000040000fa
:020000040001f9
:0c7dac00010000000100000001000000c8
:020000040000fa
:020000040001f9
:0c7db800000000000400000000000000bb
:020000040000fa
:020000040001f9
:0c7dc4002c7401000c6c01000000000099
:020000040000fa
:020000040001f9
:0c7dd00043f2e063c2f2000358727047f7
:020000040000fa
:020000040001f9
:0c7ddc0043f2e063c2f2000398727047ab
:020000040000fa
:020000040001f9
:0c7de80044f61003c2f2000398767047c6
:020000040000fa
:020000040001f9
:0c7df40044f64c13c2f2000358707047b4
:020000040000fa
:020000040001f9
:0c7e000044f64c13c2f200039870704767
:020000040000fa
:020000040001f9
:0c7e0c0044f64c13c2f20003d87070471b
:020000040000fa
:020000040001f9
:0c7e180044f28043c2f20003587070472f
:020000040000fa
:020000040001f9
:0c7e240044f28043c2f2000398707047e3
:020000040000fa
:020000040001f9
:0c7e300044f6f803c2f200031872704719
:020000040000fa
:020000040001f9
:0c7e3c0044f6f803c2f2000358727047cd
:020000040000fa
:020000040001f9
:0c7e480044f65c13c2f20003587070474f
:020000040000fa
:020000040001f9
:0c7e540044f65c13c2f200039870704703
:020000040000fa
:020000040001f9
:0c7e600044f21473c2f200031873704760
:020000040000fa
:020000040001f9
:0c7e6c0044f21473c2f200035873704714
:020000040000fa
:020000040001f9
:0c7e780044f67403c2f200035870704717
:020000040000fa
:020000040001f9
:0c7e840044f67403c2f2000398707047cb
:020000040000fa
:020000040001f9
:0c7e900010b50400fff7dcfd200010bd61
:020000040000fa
:020000040001f9
:0c7e9c001f1e1f1e1f1f1e1f1e1f1f1d6c
:020000040000fa
:020000040001f9
:0a7ea80000ff02030405ffffffffc7
:020000040000fa
:020000040001f9
:087eb40001100220033004401c
:020000040000fa
:020000040001f9
:087ebc0040ba80b27047c046d5
:020000040000fa
:020000040001f9
:087ec40010b5fcf70dfe10bd26
:020000040000fa
:020000040001f9
:087ecc0010b5fef7b5f910bd79
:020000040000fa
:020000040001f9
:087ed4000000000000000000a6
:020000040000fa
:020000040001f9
:087edc0010b5fff7a9fc10bd71
:020000040000fa
:020000040001f9
:087ee40010b5fff7affc10bd63
:020000040000fa
:020000040001f9
:087eec00487401003900000098
:020000040000fa
:020000040001f9
:087ef400b47b01000300000053
:020000040000fa
:020000040001f9
:087efc0010b5fef743ff10bdb5
:020000040000fa
:020000040001f9
:047f04000201030073
:020000040000fa
:020000040001f9
:047f080000ba704704
:020000040000fa
:020000040001f9
:047f0c007047c046b4
:020000040000fa
:020000040001f9
:047f10007047c046b0
:020000040000fa
:020000040001f9
:047f14007047c046ac
:020000040000fa
:020000040001f9
:047f1800c16170478c
:020000040000fa
:020000040001f9
:047f1c000120704789
:020000040000fa
:020000040001f9
:047f20000403090449
:020000040000fa
:020000040001f9
:047f24009c5b010061
:020000040000fa
:020000040001f9
:047f2800fee7c0466a
:020000040000fa
:020000040001f9
:047f2c00fee7c04666
:020000040000fa
:020000040001f9
:047f3000fee7c04662
:020000040000fa
:020000040001f9
:047f34007047c0468c
:020000040000fa
:020000040001f9
:047f3800002070476e
:020000040000fa
:020000040001f9
:047f3c007047c04684
:020000040000fa
:0200000400807a
:0440000077438fb0c3
:020000040000fa
:0200000400807a
:04400400bbf0ffff0f
:020000040000fa
:0200000400807a
:04c004000000e8ff51
:020000040000fa
:0200000400807a
:04c04000ffffffff00
:020000040000fa
:0200000400807a
:04c04400fffffffffc
:020000040000fa
:0200000400807a
:04c04800fffffffff8
:020000040000fa
:0200000400807a
:04c04c00fffffffff4
:00000001FF
