:020000040000fa
:10000000f87f002099de00008b9a0000c7a1000055
:1000100000000000000000000000000000000000e0
:10002000000000000000000000000000d798000061
:100030000000000000000000d798000069ee0000fa
:10004000d7980000d7980000d7980000d7980000f4
:1000500099d00000d7980000c5be0000d7980000d6
:10006000d7980000817c0000d7980000d798000046
:10007000d7980000d7980000d1d30000d79800008f
:10008000d7980000d7980000d7980000d7980000b4
:10009000d79800000000000000000000d798000082
:1000a000d7980000d7980000d7980000d798000094
:020000040000fa
:1000b000f8b5c046f8bc08bc9e46704781dc00001d
:1000c000f8b5c046f8bc08bc9e46704759dc000035
:020000040000fa
:1000d0006c84000001000000209700000100000077
:020000040000fa
:1000e0001b5b33313b316d6572726f723a20696e02
:1000f00076616c69642073656e64207265717565e4
:1001000073742073746174652068616e646c650a31
:100110001b5b306d000000001b5b33313b316d65b4
:1001200072726f723a2073656e64207265717565c4
:100130007374207374617465206661696c7572658f
:100140000a1b5b306d0000001b5b33313b316d657a
:1001500072726f723a20746f6f206d616e792063d6
:100160006f6d6d616e64730a1b5b306d0000000083
:100170001b5b33313b316d6572726f723a20736570
:100180006e64207265717565737420737461746533
:10019000206661696c7572652c20706f737369627b
:1001a0006c65206e6f2073706163650a1b5b306d38
:1001b000000000001b5b33313b316d6572726f7262
:1001c0002c2063736120434d44353320777269746a
:1001d00065206661696c65642c2073746174757345
:1001e0003d3078253034780a1b5b306d000000000c
:1001f0001b5b33313b316d6572726f722c206c6505
:100200006e67746820434d44353320777269746596
:10021000206661696c65642c207374617475733d2c
:100220003078253034780a1b5b306d001b5b33312e
:100230003b316d6572726f722c206d6573736167ef
:100240006520434d443533207772697465206661bb
:10025000696c65642c207374617475733d30782506
:100260003034780a1b5b306d000000001b5b3331bb
:100270003b316d6572726f722c20696e746572729b
:1002800075707420636865636b206661696c656472
:100290002c207374617475733d253032780a1b5bb2
:1002a000306d00001b5b33313b316d6572726f72d4
:1002b0002c206d65737361676520434d4435332091
:1002c00072656164206661696c65642c2073746179
:1002d0007475733d3078253034780a1b5b306d00bf
:1002e0001b5b33313b316d6572726f722c206e6f08
:1002f0002061636b20746f206d6573736167650a9d
:100300001b5b306d000000001b5b33313b316d65c2
:1003100072726f722c20756e6b6e6f776e206576c1
:10032000656e7420747970650a1b5b306d00000087
:100330001b5b33313b316d6572726f722c20696ebd
:100340007465727275707420636c656172202830f8
:10035000782530327829206661696c65642c2073b9
:1003600074617475733d253032780a1b5b306d0003
:100370001b5b33313b316d6572726f722c20756e71
:1003800068616e646c6564206576656e7420307893
:10039000253032780a1b5b306d0000001b5b333167
:1003a0003b316d6572726f722c206d736728256406
:1003b0002920434d44353320777269746520666186
:1003c000696c65642c207374617475733d30782595
:1003d0003034780a1b5b306d000000001b5b33314a
:1003e0003b316d6572726f722c206c656e6774683c
:1003f00020434d4435332072656164206661696c29
:1004000065642c207374617475733d3078253034c5
:10041000780a1b5b306d00001b5b33313b316d652f
:1004200072726f722c2072656365697665206d65e6
:1004300073736167652065786365656473206275b1
:10044000666665722e2025642025642025640a1bbb
:100450005b306d001b5b33313b316d6572726f72c7
:100460002c206d73672825642920434d44353320a3
:1004700072656164206661696c65642c20737461c7
:100480007475733d3078253034780a1b5b306d000d
:100490001b5b33313b316d6572726f722c2073655b
:1004a0007175656e6365206e756d626572206d692c
:1004b0007373696e672c20657870656374696e6705
:1004c00020253034782c20676f7420253034780a4a
:1004d0001b5b306d000000001b5b33313b316d65f1
:1004e00072726f722c20696e76616c6964206d6522
:1004f00073736167652074797065207265636569df
:100500007665642025640a1b5b306d001b5b33310c
:100510003b316d6572726f722c20756e6b6e6f77ea
:100520006e206576656e7420747970652025640a86
:100530001b5b306d000000001b5b33313b316d6590
:1005400072726f722c206661696c656420746f2012
:10055000616c6c6f6361746520736c6162206f669f
:100560002025642062797465730a1b5b306d00007e
:100570001b5b33313b316d6572726f723a2066617d
:10058000696c656420746f20616c6c6f6361746565
:100590002072656376206275666665720a1b5b3041
:1005a0006d0000001b5b33313b316d6572726f7201
:1005b0003a206661696c656420746f20616c6c6fb1
:1005c000636174652073656e64206275666665722a
:1005d0000a1b5b306d0000001b5b33313b316d65e6
:1005e00072726f723a206661696c656420746f2064
:1005f000616c6c6f636174652072656376207061f5
:10060000636b6574206275666665720a1b5b306d8c
:10061000000000001b5b33313b316d6572726f72fd
:100620003a20756e6b6e6f776e20616464726573cd
:1006300073207479706520282564290a1b5b306d4e
:10064000000000001b5b33313b316d6572726f72cd
:100650003a20736f636b65742077726974652063e9
:100660006f6d6d616e64207265717565737420695c
:100670006e697469616c69736174696f6e2066611b
:10068000696c65640a1b5b306d0000001b5b3331d5
:100690003b316d6572726f723a20736f636b657474
:1006a00020777269746520636f6d6d616e6420726e
:1006b000657175657374207472616e6d69737369a9
:1006c0006f6e206661696c65640a1b5b306d0000ab
:1006d0001b5b33313b316d4572726f722c206c6540
:1006e0006e677468206d69736d617463682025643a
:1006f0002076732025640a1b5b306d001b5b333151
:100700003b316d6572726f723a206e6f20616c6c56
:100710006f6361746564207061636b6574206275da
:1007200066666572730a1b5b306d00001b5b3331bc
:100730003b316d6572726f723a207061636b6574e4
:1007400020627566666572732066756c6c0a1b5b49
:10075000306d00001b5b33313b316d6572726f721f
:100760003a206661696c656420746f2077726974e1
:100770006520746f207265636569766520627566b1
:100780006665720a1b5b306d000000001b5b333135
:100790003b316d6572726f723a206e6f20667265c2
:1007a0006520736f636b6574730a1b5b306d0000ab
:1007b0001b5b33313b316d6572726f723a2066613b
:1007c000696c656420746f20637265617465206e66
:1007d0006577207265636569766520736f636b6505
:1007e000740a1b5b306d00001b5b33313b316d6560
:1007f00072726f723a2061646472657373207479e7
:100800007065206d69736d617463682028256420ac
:10081000213d202564290a1b5b306d001b5b3331b1
:100820003b316d6572726f723a20756e61626c65f4
:1008300020746f2066696e64206c697374656e69dc
:100840006e6720736f636b65740a1b5b306d00000d
:1008500025642e25642e25642e25640025783a25ee
:10086000783a25783a25783a25783a25783a2578dd
:100870003a25780025783a25783a25783a25783a45
:1008800025783a25783a25642e25642e25642e2570
:10089000640000003a3000004346472049442025c8
:1008a00064206e6f742068616e646c65640d0a006c
:1008b0004449204944202564206e6f742068616e8d
:1008c000646c65640d0a00004e564d432049442077
:1008d0002564206e6f742068616e646c65640d0a17
:1008e0000000000052656365697665206275666682
:1008f000657220616c6c6f636174696f6e206661f4
:10090000696c65640d0a00004661696c6564207459
:100910006f20696e697469616c6973652057494e0f
:1009200043206465766963650d0a00004661696c61
:10093000656420746f20696e697469616c697365a0
:100940002057494e4320736f636b6574730d0a0023
:1009500057494e433a2052657365740d0a000000f2
:1009600057494e433a20496e697469616c697a69e6
:100970006e672e2e2e000000636f6d706c657465bf
:100980000d0a00006661696c6564207265736574a8
:100990000d0a00006661696c6564206f700d0a00c5
:1009a00072657365742074696d6564206f75740d6c
:1009b0000a00000057494e43206576656e74207525
:1009c0007064617465206661696c65642c20726571
:1009d00073657474696e670d0a0000005753434ec7
:1009e00043204944202564206e6f742068616e6442
:1009f0006c65640d0a0000005363616e20506172e3
:100a0000616d733a202564202564202564202564c7
:100a10000d0a0000454344534120637572766520fa
:100a20004944202564206e6f742068616e646c6593
:100a3000640d0a0045585443525950544f204145c3
:100a4000434342204f702074797065202564206ee6
:100a50006f742068616e646c65640d0a00000000ac
:100a60004d5154542041454343422070726f70658c
:100a7000727479202564206e6f742068616e646cd6
:100a800065640d0a000000004e4554494643204964
:100a900044202564206e6f742068616e646c656408
:100aa0000d0a00004f5441204145434342207374d6
:100ab00061747573202564206e6f742068616e64a4
:100ac0006c65640d0a0000005050532041454343bb
:100ad000422049442025303478206576656e7420a4
:100ae000756e68616e646c65640d0a004a4f494e0c
:100af0003a204173736f63696174696f6e20666f2a
:100b0000756e6420666f72206e657720636f6e6eff
:100b1000656374696f6e0d0a000000004a4f494e0c
:100b20003a204e6577206173736f63696174696ff2
:100b30006e206661696c65640d0a00004a4f494e7b
:100b40003a204e6f206173736f63696174696f6ed1
:100b500020666f756e640d0a000000005749464913
:100b60004320436f6578204944202564206e6f74cc
:100b70002068616e646c65640d0a0000574946493f
:100b8000432049442852737029202564206e6f74d5
:100b90002068616e646c65640d0a00005b4e45540c
:100ba0005d3a416464696e67204349442025640dc1
:100bb0000a0000005b4e45545d3a417661696c6104
:100bc000626c6520434944733a0d0a005b4e4554fc
:100bd0005d3a4349443a2025642c20736f636b3a95
:100be00025642c20706f72743a25752c2069703a38
:100bf0002025730d0a0000005b4e45545d3a546891
:100c000065206c69737420697320656d7074790d4b
:100c10000a0000005b4e45545d3a66205359535f0d
:100c200057494e43535f4e45545f536f636b657432
:100c30004576656e7443616c6c6261636b2c2073e6
:100c40006f636b6664203a202564206576656e7458
:100c5000203a2025640d0a005b4e45545d3a45520a
:100c6000524f52203a204e65742043616c6c626191
:100c7000636b204e554c4c005b4e45545d3a4552db
:100c8000524f523a20536f636b6574206572726fd6
:100c9000722025642066726f6d206576656e742003
:100ca00025640d0a000000005b4e45545d3a455234
:100cb000524f523a204661696c656420746f20621d
:100cc000696e6420736f636b65740d0a0000000029
:100cd0005b4e45545d3a536f636b65742025642009
:100ce00073657373696f6e204944203d2025640d40
:100cf0000a0000005b4e45545d3a736574736f6380
:100d00006b6f707420535543434553530d0a0000d5
:100d10005b4e45545d3a736574736f636b6f7074ab
:100d2000204641494c20206572726e6f203a202582
:100d3000640d0a005b4e45545d3a4552524f523a9b
:100d4000204661696c656420746f20636f6e6e6508
:100d5000637420746f2074686520736572766572a1
:100d6000210d0a005b4e45545d3a536f636b657409
:100d7000204c697374656e696e672e2e2e2e2e2e92
:100d80000d0a00005b4e45545d3a57494e435f5390
:100d90004f434b45545f4556454e545f434f4e4e6f
:100da0004543545f5245510d0a0000005b4e4554c7
:100db0005d3a416363657074206572726f72210dd4
:100dc0000a0000005b4e45545d3a57494e435f535d
:100dd0004f434b45545f4556454e545f434f4e4e2f
:100de0004543540d0a0000005b4e45545d3a574997
:100df0004e435f534f434b45545f4556454e545ffa
:100e0000544c535f434f4e4e4543540d0a0000006f
:100e10005b4e45545d3a536f636b657420256420c7
:100e200073656e6420636f6d706c657465640d0a24
:100e3000000000005b4e45545d3a57494e435f53f6
:100e40004f434b45545f4556454e545f52454356bc
:100e50002066726f6d20736f63203a2025640d0a3f
:100e6000000000005b4e45545d3a4552524f523ae5
:100e7000204661696c656420746f2073656e642020
:100e8000746f20736f636b6574202564202825645c
:100e9000290d0a005b4e45545d3a4552524f52208f
:100ea0003a20556e6b6e6f776e204e6574205365d9
:100eb000727669636520526571756573740d0a00f9
:100ec0005b574946495d3a5359535f57494e43531f
:100ed0005f574946495f436f6e6e6563744e6f742a
:100ee00069667943616c6c6261636b203a2063755b
:100ef0007272656e7453746174652025640d0a0006
:100f00005b574946495d3a444e53207265736f6c96
:100f100076652054696d65204f75742028256429f5
:100f20000d0a00005b574946495d3a444e53207212
:100f300065736f6c7665204572726f722028256428
:100f4000290d0a005b574946495d3a444e532072c9
:100f500065736f6c76652074797065206572726f49
:100f60007220282564290d0a000000005b574946bd
:100f7000495d3a4e6f20415020466f756e64205295
:100f8000657363616e0d0a005b574946495d3a23fc
:100f9000253032640d0a00005b574946495d3a3ef0
:100fa0003e232020524920205265636f6d6d656e8f
:100fb00064204348204253534944202020202020cd
:100fc00020202020202020535349440d0a000000f7
:100fd0005b574946495d3a3e3e2320202020202091
:100fe0004175746820547970650d0a3e3e230d0ae0
:100ff000000000005b574946495d3a4173736f63d7
:10100000696174696f6e20737461746520697320ff
:10101000636f6e6e65637465640d0a005b574946c5
:10102000495d3a57696669205374617465203a3a9c
:1010300020434f4e4e4543544544203a3a204d41bb
:1010400043203a20253032583a253032583a25305c
:1010500032583a253032583a253032583a25303213
:10106000580d0a005b574946495d3a4173736f63f7
:10107000696174696f6e207374617465206973208f
:10108000636f6e6e656374696e672e2e2e2e2e2e24
:101090000d0a00005b574946495d3a4173736f631f
:1010a000696174696f6e207374617465206973205f
:1010b000636f6e6e656374696f6e206661696c65df
:1010c000642e200d0a0000005b574946495d3a41f5
:1010d00073736f63696174696f6e20737461746593
:1010e00020697320646973636f6e6e6563746564f1
:1010f0002e200d0a000000005b574946495d3a4129
:1011000073736f63696174696f6e20737461746562
:1011100020697320726f616d65642e200d0a0000d6
:1011200066653830000000005b574946495d3a204b
:101130004e6574776f726b20696e74657266616359
:10114000652075702e200d0a0000000054696d6541
:1011500020555443203a2025640d0a0054696d65da
:101160003a20253032643a253032643a25303264f0
:10117000206f6620253032642f253032642f2530d1
:1011800032640d0a000000004552524f52212121c5
:10119000203a2046756e6374696f6e2025732c208b
:1011a0004c696e65204e6f203a2025642c205374c4
:1011b00061747573203a2025640d0a0041637469d7
:1011c000766500005b574946495d3a4e6f2052658f
:1011d00067756c61746f727920446f6d61696e73ad
:1011e00020446566696e65640d0a00005b574946d8
:1011f000495d3a232e202020434320202020202018
:101200004368616e6e656c7320566572205374611d
:101210007475730d0a0000005b574946495d3a2515
:101220003032643a205b252d36735d2030782530ce
:101230002d36782025642e25642025730d0a0000a4
:101240005b574946495d3a444f4e45200d0a000020
:101250005b574946495d3a4552524f52203a204425
:1012600072697665722048616e646c6520496e769d
:10127000616c69640d0a00005b574946495d3a5b41
:101280004552524f525d203a20494e56414c4944f6
:101290005f504152414d4554455220666f72204186
:1012a000555448454e5449434154494f4e0d0a0048
:1012b0005b574946495d3a5b574946495d203a20ac
:1012c000436f6e6e656374696e6720746f20415062
:1012d000203a2025730d0a005b574946495d3a457f
:1012e00052524f52203a20556e6b6e6f776e2057d8
:1012f0006966692053657276696365205265717508
:101300006573740d0a0000004150505f53544154fe
:10131000455f49444c450d0a000000004150505fb4
:1013200053544154455f57494e435330325f445202
:10133000495645525f4f5045524154494f4e0d0a50
:10134000000000004150505f53544154455f5741e5
:1013500049545f464f525f46494e4953485f57498b
:101360004e435330325f4452495645525f4f5045c9
:10137000524154494f4e0d0a00000000574946495a
:10138000204556454e542046495245443a206576fc
:10139000656e743d25640d0a00000000534f434bf9
:1013a0004554204556454e542046495245443a201e
:1013b0006576656e743d256420736f636b65743d5f
:1013c000256c750d0a0000005359535f57494e4371
:1013d000535f4e45545f534f434b5f4556454e5404
:1013e0005f434f4e4e45435445440d0a00000000f4
:1013f0005359535f57494e43535f4e45545f534fc4
:10140000434b5f4556454e545f444953434f4e4e00
:1014100045435445440d0a005359535f57494e43c1
:10142000535f4e45545f534f434b5f4556454e54b3
:101430005f53454e445f434f4d504c4554450d0a54
:10144000000000005359535f57494e43535f4e45c8
:10145000545f534f434b5f4556454e545f45525280
:101460004f520d0a000000004d61745f6e657400fc
:101470004f4b30313330406a756c79303732300041
:1014800031302e302e312e33310000007b224d437f
:101490005520534e223a5b25752c25752c25752c2d
:1014a00025755d2c224649524d57415245205645df
:1014b0005253494f4e223a252e32662c2243484140
:1014c0005247455220535441545553223a25752cc6
:1014d000224241545445525920564f4c544147459d
:1014e000223a252e32662c2254454d504552415405
:1014f000555245223a252e32662c225052455353de
:0b150000555245223a252e32667d0030
:020000040000fa
:10150c00f0b58fb0141e02d01379002b01d10fb09f
:10151c00f0bd170010372e2502ab9c466544022304
:10152c002a000221380007f03dfa2e88bc4b1b78ac
:10153c00db0700d47be2ba4b9b88b3420cd02279f8
:10154c0015006388b7498c46634499b20529ded8e7
:10155c008b00b549cb589f46227915006388b14959
:10156c008c46634499b20529d1d88b00af49cb582e
:10157c009f46ab4f052dcad10025002f1bd0217ed5
:10158c002823e25c914205d0a94b1b68002b01d0ab
:10159c00a8489847217e08293ad0092900d189e02a
:1015ac00a34b1b68002bb2d0a3489847afe700278a
:1015bc00e0e70027dee70df08bfc071e20d0037858
:1015cc00012213430370022303728680b823db00cd
:1015dc0043678a235b01836700237c228354013297
:1015ec008354964b1b68033283500125002bc6d1c4
:1015fc008f4b1b68002b00d189e79148984786e7f1
:10160c008b4b1b68ab4200d181e78e4898477ee735
:10161c000426be813a00103220001830042307f053
:10162c00c1f92000203002233a000e32022107f0cb
:10163c00b9f9fb895bbafb813e853a002c3220005c
:10164c0028300423082107f0adf9200030300223a4
:10165c003a002a32022107f0a5f97b8d5bba7b8513
:10166c007b78002b03d13b78042213433b70002d75
:10167c0073d03b78db0713d53b7a022b02d0fa8868
:10168c00fd2a0dd1664a97420ad01278d20707d5a7
:10169c00634a1278920703d5614a127a9a4232d081
:1016ac00634b1b68002b01d06748984738000cf03f
:1016bc00c5fe2ce70626be813a00143220001830f5
:1016cc00102307f06ff92000203002233a000e326d
:1016dc00022107f067f9fb895bbafb813e853a0072
:1016ec003032200028301023092107f05bf920004c
:1016fc00303002233a002a32022107f053f97b8d55
:10170c005bba7b85ace7464bfa89db899a42c7d139
:10171c00434b1b78db0703d438000cf08ffef6e646
:10172c003f4c0022022120000df034fb2278602374
:10173c001a403b7860218b4313433b70637a7b7276
:10174c00e388fb80636f7b67a36fbb677c23e25ce2
:10175c00fa540133e25cfa54d9e63b785b0700d4c7
:10176c00d5e60022032138000df014fbcfe62c4ef9
:10177c00002e00d1cbe633786021194210d1022d16
:10178c0000d0c4e6320046322000183002235e3905
:10179c0007f008f9300007f045ffb8e60026e7e748
:1017ac000392033a012a00d9b1e620001830022333
:1017bc000e2202a98c466244032107f0f3f8042d93
:1017cc001cd00e2302aa944663441a88039b1f491b
:1017dc008c466344db00fb18596830004c30012305
:1017ec000093002305f0a1fc00280fd1104b1b68bf
:1017fc00002b00d18be61648984788e62000203055
:10180c00022306aa032107f0cdf8dae73278102379
:10181c00134333700022052130000df0bbfa76e63d
:10182c00683a002000f2ffffc0dd0000d8dd0000a8
:10183c00043e0020e8070000140600000c3e0020c7
:10184c00b00700008c0700001c080000ffffff1f02
:10185c00540700007d4e002e00d158e633786021ed
:10186c0019421ad00392053a012a00d94fe6b36dfa
:10187c00002b1ed0da781b789a4222d0217e0829c0
:10188c0027d009295fd0724b1b68002b00d13ee694
:10189c00704898473be60026dde7320046322000d0
:1018ac00283002235e3907f07df8300007f0bafecd
:1018bc002de6674b1b68002b00d128e6664898473d
:1018cc0025e6634b1b68002b00d120e66348984744
:1018dc001de6042302aa13822000183007aa07f081
:1018ec0061f8200020300223122202a98c466244a7
:1018fc00190007f057f802ab5b8a5bba02aa538255
:10190c0020002830022305aa032107f04bf8062dee
:10191c0032d005ab1a88039b51498c466344db00db
:10192c00fb18596830004c300123009306ab05f0ce
:10193c00fcfb00282bd1464b1b68002b00d1e6e5a5
:10194c0048489847e3e5062302aa13822000183082
:10195c000a3308aa07f026f82000203002231222ae
:10196c0002a98c466244190007f01cf802ab5b8a92
:10197c005bba02aa5382c3e72000303002230e2246
:10198c0002a98c466244032107f00cf8c1e73278b7
:10199c001023134333700022052130000df0faf9a7
:1019ac00b5e52a4b012d00d0b1e5002b00d1aee5f9
:1019bc001a7804218a431a707a315a5a1020024339
:1019cc005a52a4e50023ede70023ebe71f4c012d51
:1019dc0000d09ce5002c00d199e523780422134318
:1019ec002370002363700022032120000df0d2f934
:1019fc000022072120000df0cdf988e50024e6e750
:101a0c000024e4e71148022d00d080e5002800d125
:101a1c007de57e22835a08210b4383527d3a0821af
:101a2c000df0b8f973e50020ede70020ebe7227923
:101a3c00150063880c498c46634499b2052900d97a
:101a4c0065e58b000949cb589f46c046683a002093
:101a5c00043e002014060000fc0600002c070000c9
:101a6c00ffffff1f5407000000f2fffff0dd000036
:020000040000fa
:101a7c00f0b59db012930b6814900b934b681191b9
:101a8c0004938b680d930b691593cb6808931368bb
:101a9c0054680693079406980799002200230cf0cb
:101aac0072fc00280dd10b9b5b073ed408230b9acc
:101abc001a400c920d9a09920b9a1a4213d01833b1
:101acc000ae080200006844606990a0007996144c2
:101adc000b00069207932d23089a13700d9b013b64
:101aec00099301230c93079b06995b00994a5b08a9
:101afc0000291cd193421ad1089a129b94460c9837
:101b0c00413b95496044192b00d994490df030ffa5
:101b1c0008980df06ffc0b9b0200009308990d9b2d
:101b2c0014980af079fb1db0f0bd2b23d4e7934237
:101b3c0002d80cd100290ad0089a129b94460c9812
:101b4c00413b87496044192be0d98649dee70022e6
:101b5c000698079900230df02cf80026824f0028d8
:101b6c0000d1c2e00023039312980df074fec3b2af
:101b7c001093049b002b00dae7e1109b0a93672b70
:101b8c0012d1049b002b01d10133049365230a93da
:101b9c00039b04331ddb039b049a934219da6623df
:101bac000a93039b002b14da049b013304930a9bc6
:101bbc00662b0ed1039b002b03da002300266a4f01
:101bcc000393109b672b04d0039a049b94466344a5
:101bdc000493069a079b0e920f93002334003d004a
:101bec00139322000e980f992b0008f00dfc08f0af
:101bfc00cbfc8022120694460e9b169017911893dc
:101c0c000f9b63441993189a199b0092019322001d
:101c1c002b000df0fbfd80231b06cb1800222900a6
:101c2c000e900f932000514b08f0eefb139b040019
:101c3c0001331393139a049b0d009342d1d10022cc
:101c4c004b4b05f0c9f90e9a0f9b04000d000cf0dc
:101c5c007bfb002800d079e00e9a0f9b2000290016
:101c6c000cf0a7ff002805d0169817990cf0acfec5
:101c7c00c0076bd50698079922002b0004f0c0fa18
:101c8c00002206900791394b3000390005f0a4f979
:101c9c00069a079b0e900f910cf0ecf900286dd072
:101cac00039b013303930a9b662b69d1049b01337d
:101cbc000493039e68e026002f00039b01330393db
:101ccc0000222a4b3000390005f086f904000d0083
:101cdc0002000b00069807990cf055fb0028ead07f
:101cec0000230024234d0a9325e00390e8e7039b8f
:101cfc00214a934214da0a9b002b11d106980799ba
:101d0c0022002b0005f068f92b00069007912200a9
:101d1c003000390005f060f9012306000f000a932a
:101d2c0030003900114b002208f06efb06000f004a
:101d3c00039b013b03933200069807993b000cf080
:101d4c0022fb0028d3d10fe706231ee70024002531
:101d5c0090e7c0460000f07f2cf0000030f000004f
:101d6c0034f0000038f000000000f03f0000244088
:101d7c000000144000005043d4feffff0e960f9756
:101d8c000a9b0026652b94d100252f00049b0c9cec
:101d9c00f31a1693169b9e4275d1002f00d1b3e017
:101dac000026089b1f190a9b3e70652b2dd1159b95
:101dbc005d1e089b5e55039bb34202da5b420393a4
:101dcc000136039b002b00d0a7e0159beb1a0333c5
:101ddc00002b00dda1e02b236a1e002e00d0023365
:101dec000899023d8b54129b413b192b01d845237a
:101dfc000a93089b59190a9b0b70ac4202da380003
:101e0c000df0b6fd099b023b099303230b9a13407b
:101e1c00022b00d07ce6099b002b00dc78e60898ae
:101e2c000df0e8fa0c9b834200dc87e01800089b5d
:101e3c0030219c46099a60440df01cfc00230d9344
:101e4c0066e6002f0ad1002e08da2e23089a139981
:101e5c0001345354099b0137013b09932a19230080
:101e6c009446302102e0089ad15401336345fad1eb
:101e7c00099a2c19551b089a3030d0546b1e01341a
:101e8c00002509931fe0119b13941b69053ba3428a
:101e9c0083d90e9a0f9b0698079908f0b5fa08f0ab
:101eac0073fb049005910cf08ffd092800dd0920cf
:101ebc0010230b9a13400343c3d1109b672bc0d143
:101ecc00002ebeda013580220e980f991206944628
:101edc00069b013e1a93079b63441b931a9a1b9b08
:101eec0000920193049a059b0df090fc80231b0635
:101efc00cb18069007930e980f990022174b08f0f9
:101f0c0083fa0e900f9145e70b9bdb0600d447e755
:101f1c002e23089a1355013442e703980a2109f03d
:101f2c00abf8089b3031013d595503980a2109f053
:101f3c0059f8099b0390013b099342e7089b0999c7
:101f4c001a5c5b181a5401386ce7109b672b00d194
:101f5c00fae60a930623049326e6c04600002440c2
:020000040000fa
:101f6c00f0b599b012930b68cf680a934b68169032
:101f7c000e938b680b930b6911931368546806933b
:101f8c00079406980799002200230cf0fcf900280e
:101f9c000ed10a9b5b072ed408230a9a0a991a4081
:101fac0005920b9a194213d018333b7013000ce0b6
:101fbc0080200006844606990a00079961440b00ac
:101fcc00069207932d233b700b9b5a1e01230593fe
:101fdc00079b06995b005b0800290ed1af48834232
:101fec000bd1129b059a413bad4cae49b818192b3d
:101ffc0011d921000fe02b23e5e7a848834202d832
:10200c0018d1002916d0129b059a413ba64ca74922
:10201c00b818192bedd80df0abfc20000df0eaf937
:10202c000a9b0200009339000b9b16980af0f4f8f7
:10203c0019b0f0bd059b0598591c30233b54129bdd
:10204c00413b0f930f987823192800d8203b059813
:10205c007b540230931e0590099300220698079931
:10206c0000230cf0a6fd002800d16fe10023904c5a
:10207c00089302930394182310930e9b002b00db00
:10208c0010930026029c039d109b01331793069a14
:10209c00079b0c920d930c980d9922002b0008f0c5
:1020ac00b3f908f071fa22002b001490159104f08a
:1020bc0093ff02000b000c980d990df0affb7d4bbc
:1020cc000c900d9100222000290004f085ff0e9b3e
:1020dc0004000d000136002b07da0c980d99002234
:1020ec0000230cf066fd002804d1179b9e42d2d130
:1020fc00109e01360022200029006f4b04f06cff6b
:10210c0004000d0002000b000c980d990cf03bf92b
:10211c00002800d020e10c980d9922002b000cf027
:10212c0048fd002806d0149815990cf04dfcc007fa
:10213c0000d411e10698079922002b0004f060f8f6
:10214c0006900791079b069a5b005b08002a03d157
:10215c00524a934200d144e7119b059a053b1493d4
:10216c00934200d83fe100257342140016001793e8
:10217c0010950c95029a039b0698079908f044f960
:10218c0008f002fa129013910cf01efc031e00d002
:10219c00e5e00c9a002a00d1e1e00135029a039b9c
:1021ac001298139904f018ff02000b000698079977
:1021bc000df034fb002206900791029803993d4bd9
:1021cc0004f00aff0c9b179a013b029003910c93ad
:1021dc00934203d0149b26009c42cbd3109b002b24
:1021ec001ad1002d00dcffe00e9b002b00dcfbe085
:1021fc000a9bdb0700d5f7e02e2230213b191a7021
:10220c002a19ba18597001339342fbd16419ed4362
:10221c00099b0134eb18099300263b191e7002939d
:10222c00119b5d1e089b7e55b34202da5b420893fc
:10223c000136089b002b00d0bee0119beb1a01333a
:10224c0000d1b9e02b236a1e002e00d00233bb5400
:10225c000f9a7023023d192a00d8203b79190b7074
:10226c00ac4202da02980df083fb03230a9a134066
:10227c00022b11d1099b9c1e002c0ddd38000df09a
:10228c00b9f8059b984200dba6e0f8182200302133
:10229c000df0f0f900230b933800bfe60000f07f3f
:1022ac0030f000002cf0000038f0000034f000009a
:1022bc000000f03f0000b03f00002040089b02945b
:1022cc00039501330893029a039b1000190003f045
:1022dc0097ff04000d0002000b00069807990cf004
:1022ec0052f80028ead00024434d029a039b06982a
:1022fc0007990cf048f8002800d1bce60298039925
:10230c0022002b0004f068fe002200230cf051fc8c
:10231c0000280fd0029803990022384b04f05cfe81
:10232c0000220290039106980799344b04f054fe56
:10233c0006900791029803992b00220004f04cfea2
:10234c00089b02900391013b0893cee700232c4c91
:10235c00089002930394b6e700240025eae6109a4d
:10236c00002a0ad10c9a002a07d02e22ba55099ab3
:10237c000134013a09920122109230222e1901e007
:10238c003a550134b442fbd11800099a5730551b09
:10239c00092b01dc303318000f9b192b06d8202396
:1023ac000343613b192b01d80df05cfa6b1e741cb6
:1023bc000025b8550993f1e608980a2108f05cfe4f
:1023cc00013d3031089879550a2108f00bfe099b24
:1023dc000890013b09932ce7099b3a5c023bfb18e4
:1023ec001a5401384de7059c0a9bdb0600d413e711
:1023fc002e233b5501340fe70000e03f0000504313
:04240c000000f03f9d
:020000040000fa
:10241000f0b5de4657464e464546e0b5a7b0041e29
:1024200000d11ae20678002e00d117e24378012b82
:1024300000d11be2017d01290dd0022978d00029ad
:1024400000d10be2b94b1b68002b00d11ae2b8484f
:102450009847002602e2c369002b00d108e21a68ff
:10246000002a00d106e2427d002a00d104e2c28a9d
:10247000002a01d10026f1e1050014359a880332c3
:1024800003218a439a80c3699a88196880200023af
:10249000400502f0a1ff021e1cd1e2699188890863
:1024a000e38a5b1ae382637d013bdbb26375110053
:1024b0000831e1619268002a22d0002b00d0cde1e2
:1024c000a369002b00d0d9610c22002128000df057
:1024d000d7f8c3e1954b1b68002b05d0a169606854
:1024e000091a8910934898470c22002128000df002
:1024f000c7f80123637020000bf0f6fb0026ade166
:10250000a769002f00d1a9e17b689846002b05d070
:10251000002300933a002100b868c0470c22002134
:1025200028000df0adf83968200007f00ff895e1ac
:10253000437d002b00d1a1e1c28a002a00d19fe196
:1025400014218c468444614607918169002915d085
:10255000a36919688d00a268e369d01a85422cd955
:10256000724b1d68002d02d0637d7348a8470c2272
:10257000002107980df084f800266fe14168816121
:10258000012b04d80a60637d9b00e361e0e742759c
:10259000920080200023400503f04cf8011ef2d089
:1025a000624b1b68002b01d0644898470c22002125
:1025b00007980df065f8002650e16168c918802081
:1025c00000232a00400503f035f8021e10d0574bb7
:1025d0001b68002b05d0a1696068091a891058484a
:1025e00098470c22002107980df04af8002635e1a3
:1025f0006268e369d3180893002b1fd0042d1dd9fe
:102600005a7809929a780a92df781a799346a26cde
:102610009046002a04d01a78e06c00952100c0474b
:10262000089b19784b1e012b13d9032900d1f4e024
:102630003e4b1b68002b01d042489847a3690433e6
:10264000a361637d013bdbb2002b00d1ffe063752a
:1026500004e101290dd0092df0d93f025b463b432f
:102660009b4600236a462f2152181370b146a2469a
:102670004fe0062df1d8e1e706abdb7f013306aa78
:10268000d37708350134e4b2337ba34200d8b1e0fc
:10269000ab7940225b0603d40835ab791a42fbd0f4
:1026a0002f68002feed03b78012be5d0002be8d12e
:1026b000fb781b023a791a439346904546d01b4b50
:1026c0001b68002b03d020484246594698472b6888
:1026d00001221a700723ab80ab7920221343ab7120
:1026e0007a781202bb7813431f2206a98c466244f3
:1026f00004923a00083203927a7902925a46019281
:10270000009402223100504606f040f8061eb8d16f
:10271000c34606ab6a462f2152181278da77534621
:10272000de68002e6ed14e46544687e7043e0020f8
:102730000c0500009c03000018040000dc030000ee
:1027400054040000d804000090040000089b591ca9
:10275000781c04220cf0d5fc002892d1c346a04678
:102760005446b2464e46099b1b020a9a1a439146aa
:10277000089b1b78012b18d00ea90a8043460b72c8
:102780007b794b723b000833cb6008980af0d0fe8f
:1027900053465d68002d00d150e70eab0093032334
:1027a000524621009068a84748e77b7909930722a1
:1027b000089938000cf05aff0720a880aa79202336
:1027c0001343ab71089a53791b0292791a431f2362
:1027d00006a98c466344049308370397099b029328
:1027e0005b460193434600934b465146200005f05b
:1027f000cdff23e7c34606ab0022da775346de68f7
:10280000002e07d0b569337b0024d846002b00d0ba
:102810003ee7f0e74e46544610e7602200210ea83e
:102820000cf02eff0ea908980af082fe2500203534
:102830002700483703e00835af4200d1fee62b6899
:10284000002bf8d068680eaa21009847f3e70c2205
:10285000002107980cf014ff00e00026300027b09c
:10286000f0bcbb46b246a946a046f0bd0026f5e73f
:102870000026f3e70026f1e70026efe70026ede764
:082880000026ebe70026e9e762
:020000040000fa
:1028880070b582b00400431e033300d92ce2012343
:10289800c356012b4ad017dc5a1c00d124e2002b66
:1028a80000d01fe20378002b00d11de283680025c9
:1028b8001d710cf05dfaa36898690df067f8cf4bad
:1028c80008225a6125700fe2022b00d00ae28568bf
:1028d800cb4beb5c012b00d16ce1032b00d173e1f6
:1028e8009123eb5c002b00d09ee1a3689868fff76a
:1028f8008bfd002800d0f7e10df036f8002800d055
:10290800a1e1082120000cf00bff200008f022ffb5
:10291800a168c1239b00cb58002b00d1bbe17922d1
:102928008a5c002a00d1aee1002595e18368002b7e
:1029380030d020229a5c002a2fd11b7b002b4bd051
:10294800b049a0680c3004f061fa00287ad0431d21
:1029580000d1e0e0031d00d1f1e001280bd1a2680d
:10296800137d002b00d1fce0013b1375a3681b7d90
:10297800002b00d1fbe00cf0f7ff012800d913e190
:10298800a1681c3164200af079fea2682023012185
:10299800d154a9e1ff334370a6e1d8690cf0fcfcdf
:1029a800002800d1a0e1a26820230021d154a36807
:1029b8001b7b002bc4d1914b1b6a1b0726d48f4b62
:1029c80008229a61a1681c3164200af057fea268a7
:1029d80020230121d15487e10cf0c6ff01280fd82c
:1029e800864b08225a61a1681c3164200af046fe11
:1029f800a26820230121d15420000cf091fe73e13c
:102a08000cf0acff804909f0a5fde9e70cf0acff3c
:102a1800012806d80af080fc002808d1ff2363703b
:102a280062e10cf09bff794909f094fdf2e7a36895
:102a380064221a75a368633a5a73022120000cf0c5
:102a48006ffe7de7a368986803210bf042fe03211f
:102a580020000cf065fe6e4a2300002105200bf0d3
:102a6800b3fb051e02d1ff2363703de100260096eb
:102a78000023002200210cf06dfb012128000bf03f
:102a880082fb002128000cf03afe002128000af001
:102a980062ff009600230022002128000cf0bcfbf6
:102aa800a06829000bf018f8002802d1ff236370f2
:102ab8001ae1a168012339228b54a1682f328b5463
:102ac800013363700cf050ff012801d891260de006
:102ad8000cf044ff4f4909f03dfdf7e70cf072ff99
:102ae800ab5d013bdbb2ab550cf070ffa568ab5d8d
:102af800002bf3d10cf00cfd002807d00cf062ff7e
:102b08009122ab5c0133ab540cf060ff0421200030
:102b18000cf006fee8e00cf027ff012809d8a368ae
:102b2800f5221a71ff236370052120000cf0f8fdcf
:102b3800dae00cf013ff384909f00cfdefe70cf070
:102b480013ff012807d8a36800221a730721200061
:102b58000cf0e6fdc8e00cf001ff304909f0fafc82
:102b6800f1e71373072120000cf0dafdbce00cf04c
:102b7800fbfe012809d8a3685a7b002a0bd11a73d7
:102b8800072120000cf0ccfdaee00cf0e7fe244954
:102b980009f0e0fcefe7f5221a71ff2363700621c4
:102ba80020000cf0bdfd9fe00cf0d8fe1d4909f097
:102bb800d1fce5e608f0cefda06807f089fca26824
:102bc8000f4b0221d1548fe0013b2b738568002005
:102bd8000bf018fca860a26800231375a268537351
:102be800a168ce2292008b54a168054a8b54013308
:102bf8006370022120000cf093fd75e00044004151
:102c080039030000359c00005009000060090000ed
:102c1800c1410000780900008409000094090000ff
:102c2800a0090000740900000cf0ccfe9122ab5cf6
:102c3800013bdbb2ab540cf0c9fe2c49a368986881
:102c480004f070ff51e60cf089fe294909f082fc76
:102c580057e60135082d1ed0a2682b01d318ac33d6
:102c68001b680133f5d02b01d318b6331b78002b22
:102c7800efd02901ac315118c1239b00d358002251
:102c880020009847e5e77a228a5c002a03d09c3125
:102c9800002220009847a368986802210bf019fdcc
:102ca800a06807f015fc0cf05ffe012814d8a36893
:102cb80002221a73a56800200bf0a4fba860a36881
:102cc8000a221a75a36800225a730123637002212d
:102cd80020000cf025fd07e00cf040fe054909f046
:102ce80039fce4e7ff23637002b070bd19f50000fa
:082cf800b409000060090000ae
:020000040000fa
:102d0000f0b5c64600b5a2b004001d00012b0dd0e1
:102d1000002c07d02378db0704d5022d0cd0032d1f
:102d200000d109e122b080bcb846f0bdc04b1868a4
:102d300011000af0affeebe7289b002bf2d05d8874
:102d40002e00731e9e41f6b2289b1b88b94a9446fa
:102d500063449ab2092ae5d89300b74ad3589f46ec
:102d6000237860221a4223d08021b14b1868490091
:102d700006f000fb051ed5d0b04b80210094022246
:102d8000490009f0cfff071e05d1a94b290018689b
:102d90000af080fec6e7210008f070fda84b39005c
:102da000186805f067f9002808d046230022e2528f
:102db0003200002120000bf0f3ffb3e79c4b290009
:102dc00018680af067feade7237a012b05d03200c0
:102dd000012120000bf0e4ffa4e7e388fd2bf6d0ef
:102de0002278042313432370f1e7237a012b99d12e
:102df000e388fd2b00d195e7227804231343237049
:102e00003200032120000bf0cbff8be732000621bc
:102e100020000bf0c5ff20000bf016fb82e7289b7b
:102e2000587a022800d87de7d9680eaa0af080fff8
:102e300000280dd1002d5dd0824b9c466544adb27b
:102e4000012d60d90122042120000bf0a9ff69e7c0
:102e500007ae289b5b7a033bdb000eaad018022347
:102e60003200190005f0a4fd1a276f44289b5b7af5
:102e7000023bdb000eaad01802233a00190005f02d
:102e800097fd3b8898463688002d29d1237a002764
:102e9000012b14d02000603000210291019100919b
:102ea0000b00320003f034fd6822a35a9b1ba3528f
:102eb000237a012b0ad046444423e652bae7e36e54
:102ec000bb4201d0df78e5e70027e3e7e16e0029a8
:102ed000f1d0203aa35cc9785b18db1ba354eae766
:102ee0004423e35a4345a5d100236822a352203a44
:102ef000a3549fe70022042120000bf051ff200083
:102f000002f0bcfe0ee7200002f0b8fe0ae72378cc
:102f1000db060bd4002d00d004e7237814221a42dc
:102f200000d1ffe6200006f083fbfbe6320005211e
:102f300020000bf035ffede7289b002b00d1f1e6d8
:102f40005b88289a15792e00170010373e4a934265
:102f500015d03e4a934200d1e4e00b3a934200d0b0
:102f6000e0e6012d00d0dde6a388002b00d0d9e6f5
:102f7000221d02331900380005f01afdd2e60223a3
:102f800016226a440221380005f012fd289bd968f8
:102f9000587a0eaa0af0ccfe002800d1c2e602231d
:102fa0001a226a44022112a805f002fda288162303
:102fb0006b441b889a4200d0b4e606ab984628982a
:102fc000183002234246190005f0f2fc43461988e6
:102fd0001a236b441a88914205d01d4b1b68002ba5
:102fe00001d01c489847032d38d84622a35a06a979
:102ff00009885b1aa352002306aa12881649691889
:10300000c900791820004c3001250095496804f06a
:1030100092f8002800d17de05422a35a06a909881d
:103020005b1aa35222781023134323707ae6c0461a
:103030000c3e002000f2ffffc8ed0000012d000053
:103040001c3e0020f4f1ffff070e00000b0e0000f5
:10305000043e0020d0060000ffffff1f289820300c
:10306000022322004632190005f0a2fc0023072e9d
:10307000c2d1a36d002b12d0da781b789a4216d0f9
:103080003023289ad15c082919d009292cd02e4b3d
:103090001b68002b00d145e62c48984742e62a4b96
:1030a0001b68002b00d13de6294898473ae6264b9d
:1030b0001b68002b00d135e62648984732e607ae5c
:1030c0002c3b33801000303008aa05f071fc2898a2
:1030d000383002231e226a44190005f069fc738807
:1030e0005bba7380330087e707ae062333802898e6
:1030f00030300a3309aa05f05bfc289838300223e7
:103100001e226a44190005f053fc73885bba738071
:10311000330071e70c4b1b68002b00d102e60e4810
:103120009847ffe5022d00d0fce5012307aa022104
:10313000380005f03dfc2898183004230eaa02211f
:1031400005f036fceee5c046043e00201406000003
:0c315000fc0600002c07000054070000e3
:020000040000fa
:10315c0070b58cb004000d0001235b420b930ba9de
:10316c00022000f029fc0d2c00d9ebe1a400ae4ba1
:10317c001b599f46002d40d0286804a904f0ccfeb2
:10318c00002802d10120404244e0686803a904f001
:10319c00c3fe002802d1012040423be00b981823cb
:1031ac00009304ab0122002106f090fb002815d1fe
:1031bc000b9803aa002109f0e3fd002813d19b4bc7
:1031cc000b980122002109f089fb002810d1e9227b
:1031dc009749920000200bf003fa1be09449954aa2
:1031ec000bf0fef916e09249934a0bf0f9f911e055
:1031fc008f49924a0bf0f4f90ce00120404209e0af
:10320c000b9800230022002109f068fb88498c4aa6
:10321c000bf0e6f90cb070bd8a490b980bf00afe66
:10322c002c7b63425c4164420f239c4320346b78bb
:10323c00022b0ad0012b0cd02b78012b0dd0002b9c
:10324c0041d102231c43e4b209e004231c43e4b241
:10325c00f2e708231c43e4b2eee71c43e4b26b7bb9
:10326c00042b36d06968002943d0774a062002f037
:10327c0003fc012800d09ae006266b78022b3ad08a
:10328c00012b49d0042e4ed070496f4810220bf000
:10329c0032ff002862d104ae0623338068880cf01c
:1032ac009ffb7080694b06aa43cb43c21b6813601b
:1032bc002b78012b60d0002b6dd05d49644a002027
:1032cc000bf08ef9a6e7022bc9d140231c43e4b2c4
:1032dc00c5e76968002907d05b4a042002f0ccfbe3
:1032ec00012864d10426c8e7574b00221a60042633
:1032fc00c3e70626c1e72b7b002b06d0fd2202215b
:10330c00300003f0adfca860bce7062202213000bf
:10331c0003f0a6fca860b5e711220121300003f0f0
:10332c009ffca860aee7484b1b68002b0bd104ae8a
:10333c000433338068880cf053fb708000200bf052
:10334c00cbfe0590b4e704ae0423338068880cf000
:10335c0047fb70803c4b1b680593a9e704ae062322
:10336c00338068880cf03cfb7080374b06aa43cb4b
:10337c0043c21b6813609be7a8680023009304ab4f
:10338c000022210007f030fd002896d10221a86808
:10339c0006f014ff0be0a868009304aa210007f0c4
:1033ac0023fd002889d10221a86806f007ffed2231
:1033bc001f49920002200bf013f92be72c68200018
:1033cc000bf0b4f80221200006f0f8fe002805d01e
:1033dc001749204a00200bf003f91be714491e4a39
:1033ec000bf0fef816e70b980af09afb1b4b1870c3
:1033fc000f491b4a00200bf0f3f80be7174b1b7817
:10340c002b70f4220a49920000200bf0e9f801e736
:10341c00124b19780b980bf01ffa0549114a002032
:10342c000bf0def8f6e6c04684e7000005e9000084
:10343c0054f30000950300009b030000a10300005f
:10344c00ab030000c93d0000803d002018f70000d0
:10345c00b6030000c3030000c1030000723c00204f
:10346c00ca030000d70300006a68002a07d02b7833
:10347c00384909780b9807f041f900282fd1aa6830
:10348c00002a06d0334b19780b9807f0f5fe00286c
:10349c002ad1ea68002a07d02b692e4909780b98a3
:1034ac0005f07cfd002825d16a69002a06d0294b3d
:1034bc0019780b9807f030ff002820d1aa69002a50
:1034cc0007d02b7f234909780b9806f0e5fc0028e0
:1034dc001ad12149214a00200bf082f89ae61e49a4
:1034ec001f4a0bf07df895e6fb221b4992000bf06e
:1034fc0077f88fe618491b4a0bf072f88ae61649e2
:10350c00194a0bf06df885e61349184a0bf068f868
:10351c0080e6174b1d601049164a00200bf060f82e
:10352c0078e6154b1d600c49144a00200bf058f836
:10353c0070e60f4b1b682b600749114a00200bf0fb
:10354c004ff867e60f49002009f002f801204042cd
:10355c0060e6c046723c002054f300000b040000ef
:10356c00e3030000f5030000fe0300000704000065
:10357c00ec3d002012040000203e00201904000045
:08358c0022040000940e00006f
:020000040000fa
:10359400f0b58db005001400002815d0002a13d012
:1035a4008768002f10d051881279059220001030be
:1035b400d14bcb189eb2082e06d8b300cf4ef35889
:1035c4009f46059b012b01d00db0f0bd08aa022136
:1035d40005f0ecf999239b00fb5c022b0cd0032b28
:1035e4002ed0042bf0d108ab1b78002becd19923ff
:1035f4009b000122fa5407e008ab1b78002b14d17e
:1036040099239b000122fa5498239b00fc58002c18
:10361400dad09a239b00fb1899229200ba5cac2161
:10362400890079582800a047cee799239b000322fc
:10363400fa546033f818313200210cf01ff8e3e734
:1036440008ab1b78002bbfd199239b000122fa54ad
:10365400dae7059b022bb7d108ad013b2a00022112
:1036640005f0a4f9a64bfa18200018300123022112
:1036740005f09cf92a78012313409a229200bb5446
:10368400a2e7059b012b9fd19e4b9c4661444b4274
:1036940059414c1c022308aa022105f087f9ad23e5
:1036a4009b00fe58002e00d18ee708ab1b88ae228b
:1036b4009200b958009400222800b04784e7059b83
:1036c400012b00d080e7013308aa022105f06ef92e
:1036d400af239b00fc58002c00d175e70433f95844
:1036e40008ab1a88022393429b415b425b0002931e
:1036f40000230193009300222800a04764e7059b60
:10370400012b00d060e708ac01332200022105f050
:103714004df923885a4253410233af229200bc58d8
:10372400002c00d150e70432b958029300230193ce
:10373400009300222800a04746e7053a012a00d951
:1037440042e7012308aa022105f030f920001830cd
:103754000123192202a98c466244022105f026f9ac
:103764002000203001231a2202a98c46624402213f
:1037740005f01cf900230993059b052b1ad1af23ef
:103784009b00fe58002e26d00833fb5c002b03d090
:10379400b1239b00fb180993e36ab0229200b95845
:1037a40001220292628e0192626b009208aa2800a2
:1037b400b04710e020003030022307aa022105f0b0
:1037c400f5f8200038300223162202a98c46624400
:1037d400022105f0ebf8b1239b00f81834220021f4
:1037e4000bf04cfff0e6012a00d8ede60123162287
:1037f40002a98c466244022105f0d8f802ab9b7df5
:103804002a2b00d9c3e002ab9b7d9b003e4ad358d0
:103814009f462000183001233c4aba18032105f0c2
:10382400c5f8002800d1cfe6b1239b000122fa5449
:10383400cae6b2239b00fa1820001830042303219f
:1038440005f0b4f80028efd1bee6b5239b00fa18c2
:10385400200018302023052105f0a8f8002800d105
:10386400b2e6bd239b000022fa54dde7b3239b009c
:10387400fa18200018300423032105f097f80028d3
:10388400d2d1a1e69b239b00fa1820001830042310
:10389400032105f08bf897e61d4bfa182000183029
:1038a4003023052105f082f88ee69d239b00fa184b
:1038b400200018300223032105f078f884e6154b24
:1038c400fa18200018300223032105f06ff87be674
:1038d4009f239b00fa18200018300123032105f0d0
:1038e40065f871e69e239b00fa1820001830012326
:1038f4000a2105f05bf867e600f8ffff049d00006d
:1039040069020000fcf7ffff289d0000c5020000cb
:103914007d02000076020000059b032b00d053e6d5
:10392400bf239b00fb58002b00d14de6e2690892af
:10393400628b0992626a0a92628c0b9208a928002f
:10394400984741e69c239b00fa1820001830042372
:10395400032105f02bf837e6154bfa182000183030
:1039640001230a2105f022f82ee6124bfa18200052
:10397400183001230a2105f019f825e60e4bfa1830
:103984002000183001230a2105f010f81ce60bf082
:10399400edff032800d817e60bf0e2ff162302aa76
:1039a400944663441a78054908f0d6fd0ce6c046ef
:1039b400790200007a0200007b020000600a000025
:020000040000fa
:1039c40070b582b00c00142800d9f0e18000ce4b11
:1039d4001b589f4600230b60cc4b18680bf08efae3
:1039e4002060cb49cb4a00200af0fefd02b070bd36
:1039f400c94b1b68013304d0c74b1b6823600020ec
:103a0400f4e70021002008f017f9c34b18600130d7
:103a1400f2d1c249002008f09ffdda22bc4992008d
:103a240000200af0e1fde1e7bb4b1b680b600020be
:103a3400dce7bb49b84b186809f08afbb449b94aba
:103a44000af0d2fdd2e7b44b186808f04bfd002809
:103a540011d1b14b1868012109f0bcfa00280fd12b
:103a6400ad4b1868012109f085fae322a8499200b8
:103a74000af0bafdbae7a649ab4a0af0b5fdb5e7c4
:103a8400e222a34992000af0affdafe7a749a24b97
:103a940018680bf0bff900280dd1a54ba54aa6491b
:103aa4009d480068a54c009401f05cfb9849a44a29
:103ab4000af09afd9ae79649a24a0af095fd95e71d
:103ac400954b186809f0b6fa91499f4a0af08cfda3
:103ad4008ce7914b186809f087f800280bd18e4bbe
:103ae400186800230022002108f0fcfe8849974a48
:103af4000af07afd7ae78649954a0af075fd75e77a
:103b040009788d480bf072f98149924a0af06cfdec
:103b14006ce789480af076f97d498f4a00200af05b
:103b240063fd63e7824b621e94411c7478498b4a9f
:103b340000200af059fd59e748680bf05ffc0600c5
:103b44007d480bf068f8051e05d07149844a2800a9
:103b54000af04afd4ae777480bf08afb051ef4d1c8
:103b6400f2b2616874480af02bf8051eedd1237b8c
:103b7400052b39d89b007b4ad3589f466d480bf0e0
:103b8400d9fd05002378002b33d1637b002bdcd0d7
:103b94006649614d28680bf03df97349626800205d
:103ba40008f0dafc624b634a634964480090286871
:103bb40001f0d8fa0500c8e7032120000bf070fae1
:103bc4000500dfe7022120000bf06afa0500d9e7bf
:103bd400042120000bf064fa0500d3e7052120003e
:103be4000bf05efa0500cde76049002008f0b4fc54
:103bf400abe7012ba9d1a17b4f480bf0f7f8051ec9
:103c0400a3d14b4e30000bf02bfae37b33749ce7cb
:103c1400474b484a484940480068554c009401f0d5
:103c24001ffef5223a4992000af0defcdee64b88dc
:103c3400394a106800220092002104f0b7fa0028e3
:103c44000ed12178344b18684a4b0093002300228c
:103c540003f0a2fcf9222e4992000af0c5fcc5e645
:103c64002b49454a0af0c0fcc0e60bf0adfe434bbd
:103c740000221a700bf0acfe2178274b18683d4bdc
:103c840000930023012203f087fc21493c4a0af0f7
:103c9400abfcabe600290fd008000bf0affb394baf
:103ca400c2b21d490868210006f0eefaff22184945
:103cb40092000af099fc99e61549334a02200af069
:103cc40093fc93e6314a144b1868022106f030ff46
:103cd4000f492f4a0af088fc88e62e4b59600020d1
:103ce40084e62c4b1960002080e60b4b18682a4ba5
:103cf400009364230a00012106f06afe0449274a5e
:103d04000af072fc72e6c04680cb0000903d0020b1
:103d140090f400005d0300004c3e002050120000af
:103d2400d1c500007903000082030000c9c9000066
:103d3400483d00203c3b0020483c0020d9d60000f0
:103d44009a03000096030000a1030000ae030000e4
:103d5400aa030000b6030000be030000c60300006f
:103d6400cd030000d4cb0000b01200007812000094
:103d7400a9ba000081d40000df030000733c0020d6
:103d8400ef03000039e90000f703000049af000029
:103d940003040000f43d002031b600001b040000c1
:103da400064b1a680a605b684b6000201ee60449f3
:103db400002008f0d1fb0120404217e6f43d00202a
:043dc400d812000011
:020000040000fa
:103dc800f0b5ce4600b58cb00e0017009946d24823
:103dd800002403e001344c300a2c19d00579002d59
:103de800f8d001688e42f5d1cc4b1d68cc493b0018
:103df8003200002008f0aefb062f18d04b46002bef
:103e08001dd10394082f16d8bf00c64bdb599f4617
:103e1800c24b1d68c2493b003200002008f09afbe3
:103e2800062f04d0c049002008f094fb03e00022cc
:103e380008213000a8470cb080bcb946f0bdbb498a
:103e48003b004a46002008f085fb30000af070fb72
:103e58000221300006f0b4f9ede7b54b4c22039986
:103e68004a439b181a8d002a47d0b14b4c2103981e
:103e780041435b189b7a590600d49ee0042a75d00a
:103e88004c236343ab4a9b18ab4aa1caa1c3190090
:103e980013680b60a64a4c21039b4b43d318188d1b
:103ea8009881588dd8814c4321000c3189181c22e7
:103eb800300002f04dfc013062d09d4b4c2203993a
:103ec8004a439b181b8d042b66d005ab9b4aa4184c
:103ed8001a0083cc83c22168116000221a6114324f
:103ee80000920021300000f05bfb914b4c220399bb
:103ef8004a439b1801225a729de74c216143904b1b
:103f0800c9181c32300002f023fc01301dd0884b48
:103f18004c2203994a439b189b7a5b0721d4844b14
:103f28004c2203994a439b189b7a1b0700d482e7cb
:103f38007f4b4c224a439b1801225a728149002325
:103f48003200002008f006fb75e77f49002008f0e2
:103f580001fb30000af0ecfa0221300006f030f9db
:103f680069e70221300004f097fcd8e700200bf045
:103f7800b5f86f4b4c2203994a439b18186189e79f
:103f88007149002008f0e6fa30000af0d1fa02215f
:103f9800300006f015f94ee76c4b1a5905921c3b98
:103fa8001b590693002307930c33009305ab232278
:103fb8000021300000f0f4fa97e79b061ed4644b0a
:103fc80000221a604c216143624bc9181c32300030
:103fd80004f046fb013000d02de75d4b1b68962ba3
:103fe80000d128e75c49002008f0b4fa30000af054
:103ff8009ffa0221300006f0e3f81ce7574b042231
:104008000092033afd21300000f0cafa002803d1db
:10401800534908f09ffad2e74d4b1a6851490020de
:1040280008f098facbe7424b4c2203994a439b1875
:104038009b7a5b0600d5fee6424900233200002049
:1040480008f088fa06f0cafd4749002008f082fa0d
:10405800f1e64649002008f07dfa1c2304933c4b06
:1040680000221a6004aa05a9300006f057fc431c78
:104078000dd1374b1b680b2b00d1dce63c490020e7
:1040880008f068fa0221300006f09af8d3e64c21cd
:104098004c430c34264be218039c61435b18997a15
:1040a8000023009305ab06f0a1fe041e03d006f022
:1040b80095fd01236372002207213000a847bae664
:1040c8002c49002008f046fa194b4c2203994a4320
:1040d8009b189b7a9b0600d5ade6154b4c224a43ac
:1040e8009b1801225a7206f079fd00220021300047
:1040f800a847a0e62049002008f02cfa0c4b4c22d7
:1041080003994a439b1801225a7206f067fd002260
:1041180001213000a8478ee628360020ec3d00201b
:10412800140c000090ef0000580c0000780c000000
:10413800243600203836002018f7000054360020b6
:1041480030360020d00c0000a80c000050360020ab
:10415800343e00204c360020340d0000723c002014
:10416800f40c0000100d0000640d0000840d000028
:10417800ac0d0000c40d0000e80d00000022032172
:104188003000a8470a493200002008f0e3f952e657
:1041980008493200002008f0ddf90022042130002f
:1041a800a84748e6002205213000a84743e6c04654
:0841b800100e0000340e00009f
:020000040000fa
:1041c00070b582b000280bd08568002d08d0022b76
:1041d00008d0032b5fd0012b02d110000af07af82f
:1041e00002b070bd069b002bfad01b88069a51883e
:1041f000f022520193422ed016d8c0229200934250
:1042000022d0d02252019342ead1c9b2002902d170
:104210003c230122ea54826868230021d154eb6eca
:10422000002bddd09847dbe7842292019342d7d15f
:104230007023eb56013312d07023fd22ea546b6fca
:10424000002bcdd0002122e0c9b20029c8d12423ff
:104250000122ea54c4e739230022ea54c0e7782354
:10426000ea5c0023002a0bd084239b01994200d1f1
:1042700089e1c74b994200d187e14b4259414bb28a
:104280007022ab546b6f002baad0816870319847b5
:1042900000236b67a4e7069b002ba1d05b88069ade
:1042a0001279140006981030e82149018b4200d1a0
:1042b0002fe11ed9f02149018b4200d184e08421f5
:1042c00089018b4200d08be7012a00d888e72a00b9
:1042d00071320123022104f06bfb2a00723206982e
:1042e00018300123022104f063fb7023ff22ea54fb
:1042f00076e7c02189008b421ed0d02149018b4234
:1043000000d06de7012a00d86ae701ae042332002d
:10431000042104f04dfb33880e2b73d00f2b7ad081
:10432000012b00d0e8e02a00403206981830033311
:10433000022104f03dfb53e7022a00d050e76b4610
:10434000dc1c01232200022104f032fb23780d2b18
:1043500024d00cd80a2b15d00b2b28d12a002a32b6
:10436000069818300223062104f022fb38e70e2bb2
:104370001dd12a003432069818300423062104f097
:1043800017fb2de706981830042301aa022104f038
:104390000ffb019b1a0cea842b8521e72a002c32a3
:1043a000069818300523062104f002fb18e70bf0ed
:1043b000dffa032800d813e70bf0d4fa6b46da785b
:1043c000744908f0cbf80be7022a00d808e70698f2
:1043d0002030042301aa022104f0eafa019bc02242
:1043e000d205934206d06c4a934207d0382301226b
:1043f000ea54f5e638230222ea54f1e63823032290
:10440000ea54ede62a0044320698183001230221ce
:1044100004f0cefae4e6032c00d8e1e601ab022278
:104420009a5e012a00dddbe612014832aa180698de
:1044300018300423022104f0bbfa01ae0223f25e1d
:1044400012014c32aa18069820300423022104f0ed
:10445000affa0223f25e05321201aa18069828303c
:104460000423022104f0a4fa042c07d80222b35e2c
:104470001b01eb185433ff221a70b1e66b46dc1cab
:104480000698303001232200022104f091fa2378ab
:10449000022b1fd00ad8002b13d001ab02229b5e47
:1044a0001b01eb18543301221a7099e6032b1ad121
:1044b00001ab02229b5e1b01eb18543303221a70de
:1044c0008ee601ab02229b5e1b01eb1854330022e7
:1044d0001a7085e601ab02229b5e1b01eb18543378
:1044e00002221a707ce601ab02229b5e1b01eb18d4
:1044f0005433ff221a7073e60bf03afa032800d8ff
:104500006ee60bf02ffa01ab1a88244908f026f862
:1045100066e6022a00d063e601ac012322000221f4
:1045200004f046fa2378022b0dd0032b15d0012b73
:104530001cd1cd239b00ea180698183004230221d1
:1045400004f036fa4ce6cc239b00ea1806981830a3
:104550000223190004f02cfa42e6114bea180698df
:1045600018300223190004f023fa39e60bf000faa0
:10457000032800d834e60bf0f5f901ab1a780949a5
:1045800007f0ecff2ce602237ae6032378e6c04628
:10459000012100009808000000000f60b008000032
:0845a00032030000c80800000e
:020000040000fa
:1045a800f0b5d6464f464646c0b582b00f00160055
:1045b8009846b94ce40fe40704432ed02378db0770
:1045c80031d58021b54b1868490004f0cffe8146eb
:1045d80000282ed0b24b802100940222490008f016
:1045e8009dfb051e2bd0002f4bd1142e00d121e1ad
:1045f800232e00d15ce1012e00d0dde00a9b042bc4
:1046080000d0e4e0a1880023019343461b6800938f
:104618000223202207f02aff4ee0a24b09221a604b
:104628000120404252e09f4b0e221a600120404276
:104638004ce09c4b0c221a600120404246e0974b0c
:104648001868494609f022fa964b4d221a60012053
:1046580040423be0a3896326042b00d0ade04346eb
:1046680018680af03bfd000f0e2800d0b1e0c246e2
:1046780020002c30042241460af0f4ff04275b3e58
:10468800f5e0894b9f4227d0062f00d181e0fd2f0e
:1046980000d0b8e0e388fd2b00d0b6e0012e00d0b2
:1046a800b5e00a9b042b00d0b3e0033b637043469c
:1046b8001a78a18808f0fcfb7c4b1868290003f0e5
:1046c800d5fc03000020002b00d1a8e002b0e0bc1c
:1046d800ba46b146a846f0bd092e3ed019dd0d2eca
:1046e80049d0642e29d10a9b042b00d081e043468f
:1046f8001b68dab2022a00d97de003221a4052016f
:10470800237860218b4313432370210007f0b2f80c
:10471800d2e7072e13d0082e0dd10a9b042b62d1a5
:10472800a1880023019343461b68009302230422b7
:1047380007f09cfec0e763263fe063263de00a9b46
:10474800042b4ed1a1880023019343461b68009394
:104758000223052207f08afeaee70a9b042b44d108
:10476800a1880023019343461b6800930223032278
:1047780007f07cfea0e70a9b042b38d1a188002310
:10478800019343461b6800930223012207f06efe43
:1047980092e7237a022b30d1012e30d10a9b042bc9
:1047a8002fd1a1880023019343461b68009302235d
:1047b800022207f05bfe7fe76326384b18684946fc
:1047c80009f064f9374b1e60012040427ee7162647
:1047d800f3e71626f1e76326efe71626ede70c2642
:1047e800ebe71626e9e71626e7e71626e5e7162695
:1047f800e3e71626e1e71626dfe76326dde763260b
:10480800dbe71626d9e76326d7e76326d5e76326cd
:10481800d3e71626d1e76326cfe76326cde71f4bfc
:104828001868494609f032f91e4b4d221a600120da
:1048380040424be74346002bedd0200028301c2295
:1048480000210af019ff0a9b6326142bb5d1a3890e
:10485800062bc0d143461b78ff2bbed1c246200091
:104868003030102241460af0fdfe10270926a389a0
:104878002385e3896385200002f0d6fd0028aed0a9
:10488800a188e3895bba9bb2019300975346320033
:10489800280007f07dff0fe7683a00200c3e002053
:1048a800012d0000343e0020ffff00001c3e0020c8
:1048b8004346002bb1d0200028301c2200210af0ea
:1048c800dbfe0a9b0c2b00d1c4e6632675e7c046c5
:020000040000fa
:1048d8000023f0b51600b1b0039007910493079d2b
:1048e8002b78002b00d1cfe001235b420c9310ab57
:1048f80000240e9380230b940d940f932b5d002bb3
:1049080001d0252b30d1002c06d029002200039895
:104918002d190af018fa0795079b1a78252a00d04e
:10492800a7e001331800002105930793243a037880
:104938002b2b25d02dd8202b25d0232b26d0002972
:1049480000d007902a2b2cd009f074fb01250d907c
:104958000020079a11000b780132303b092b64d9eb
:1049680000282dd007912be00134c7e701230b99cc
:104978000b430b9311000130d9e702230b99f7e79a
:1049880004230b99f4e708230b99f1e710230b99fb
:10499800eee72d2bead0302befd00029d4d00790aa
:1049a800d2e7336801301a1d1b68079032600d93f7
:1049b800002b05da01220b995b424a400b920d93ba
:1049c8000b9bda0702d5022293430b93079b1a78b5
:1049d8002e2a0dd100270c975a785d1c07952a2a94
:1049e80025d10233079333681a1d1b6832600c9374
:1049f80007a809f0d1ff079d070028780af02dffc6
:104a0800252800d1d5e06138172800d9dbe00af065
:104a180051fe1fdab63ea6a6a6da3edadadada9c44
:104a28005e7fdadac6da4edada6e280092e7280014
:104a380009f000fb01210c902a0013780135303b66
:104a4800092b03d9002fd3d00792d1e70f00f3e742
:104a58003200390008a809f01cff002800d17be0cb
:104a68006b1c079303982b7808aa0ba9fdf77afa11
:104a78002418049b1c19a34200dcb0e04f22594bb8
:104a88001a6001235b420493049831b0f0bd3300ef
:104a98000122390008a804f089ff00285cd00135fc
:104aa800039808aa0ba9079506f048f9e0e7330030
:104ab8000022390008a804f079ff00284cd00135fd
:104ac800039808aa0ba9079508f059fdd0e7330009
:104ad8000022390008a804f069ff00283cd00135fd
:104ae800039808aa0ba9079507f0a2ffc0e73300af
:104af8000022390008a804f059ff00282cd06b1cac
:104b080007932b78039808aa0ba903f0e5fbafe7f6
:104b180033000022f02108a804f048ff00281bd029
:104b2800089b099a0135079513430cd12e4d28008f
:104b38000af062fc290002000b9b00930d9b03986e
:104b480007f06cfb94e77823dce7049b39001a191b
:104b580008a8330007f0d9fb0135079589e732002b
:104b6800390008a809f095fe0028f5d06b1c0793ba
:104b780003982b7808aa0ba9fcf77cff78e7802f0d
:104b8800ead1336801351a1d1b68326008aa137010
:104b98000123079503980ba908f066fe68e7802fa4
:104ba800dad132680135131d336012680023079586
:104bb800f0e7802fd0d10b9b0135009301220b49e0
:104bc8000d9b0795bbe7059b0122079300235242e3
:104bd8000c9206490b930d9300930232afe70494ad
:104be8007de6c046343e002024f000002af0000094
:020000040000fa
:104bf800f0b5c64600b598b0041e08d0022b0ad0fe
:104c0800032b51d0012b02d1100009f05ffb18b023
:104c180080bcb846f0bd1e9b002bf8d01a885d8872
:104c28008368002bf3d0e0235b019a42efd11e9bef
:104c3800587a0128ebd9d96804aa09f075f8002830
:104c4800e5d003ae04233200042104a803f0acfe2f
:104c580031880a2909d00b001e3b9bb2042bd6d8f9
:104c680006aa200003f0a4ffd1e7a368d42292008b
:104c78009e58002ecbd0edb2002d07d000219950c0
:104c880000910b000a002000b047c0e71e9a527a34
:104c9800022abcd1d422920000219950320001315d
:104ca800200005f043ffb2e71e9b002bafd08368be
:104cb800002bacd0e0235b011e9a52889a42a6d101
:104cc8001e9b1b79022ba2d103ad1e981030023314
:104cd8002a00042103f068fe29880b000a3b9ab2d7
:104ce800182a00d9d3e093006f4ad3589f46a36887
:104cf80088229a5c04ae002a01d17e331e00771cfc
:104d08001e98183006233a00052103f04dfec3b261
:104d180098463370002b00d179e7a5688823eb5caf
:104d2800002b00d173e7c2b229007f3138000af0a6
:104d3800e4f9002803d17e23eb5c434514d0280016
:104d48007e300a2200210af097fca0687f30327872
:104d580039000af087fca26831787e23d154a26812
:104d68000a330021d15452e7d4239b00ea5800218a
:104d7800e9500131200005f0d9fe48e7a268d423a4
:104d88009b00d358002b00d141e703ab02215b5ea7
:104d9800013334d004ad0023049305932b811e986e
:104da8001830063311226a44052103f0fdfdc0b214
:104db8002870002800d12ae703ab02255d5fa668aa
:104dc8007d23f75cbd4200db21e7062231007f31fd
:104dd800112068440af091f90023984204d19633cf
:104de800f25a04ab1a810123691cc9b204aa0092c1
:104df800d4229200b5583a002000a84707e77d3230
:104e08001e9818300123022103f0cefdffe6a268a8
:104e180096321e9818300223190003f0c5fda368c6
:104e28009622995a103a9952a36802329a5c002a3b
:104e380000d0ece6d42292009d58002d00d1e6e681
:104e480000219950a3687e33009301231a001900aa
:104e58002000a847dbe6a268d5239b00d358002b87
:104e680000d1d4e61e981830012304aa022103f0c9
:104e78009bfda268d5239b00d35804a9200098471e
:104e8800c5e61e9a1832200003f092febfe60af02b
:104e98006bfd032800d8bae60af060fd03ab1a8858
:104ea800024907f057fbb2e6f0cd00007c0b00008a
:020000040000fa
:104eb800f83c00201c00000000000000fc3d002021
:104ec8000800000000000000143d00201c00000045
:104ed80000000000043e0020040000000000000064
:104ee800dc3900208c00000000000000083e002093
:104ef8000400000000000000403e00200c000000fc
:104f08000100000000000000000000000000ffff9a
:104f1800703d002010000000000000000c3e002042
:104f28001000000000000000683a00208400000023
:104f3800000000001c3e00200400000000000000eb
:104f4800bc3200206803000000000000303d002053
:104f58001800000000000000001000206708000092
:104f680000000000983c00206000000000000000e5
:104f78001c390020c0000000000000006718002055
:104f88000100000000000000f03b00202c000000a1
:104f98000000000068180020001000000000000059
:104fa800803b00204000000000000000c03d0020c1
:104fb8000c000000000000007f3b00200100000002
:104fc80000000000713c002001000000000000000b
:104fd800000000200010000000000000cc3d002070
:104fe8000c00000000000000e43d00200800000064
:104ff80000000000803d00201000000000000000bc
:10500800723c00200100000000000000243600204f
:10501800f802000000000000203e0020040000000c
:1050280000000000ec3d0020080000000000000027
:105038003e3e0020020000000100000001000000c8
:10504800682800204006000000000000c03b002047
:1050580030000000000000003d3e0020010000007c
:105068000100000001000000f43d002008000000dd
:1050780000000000483d002014000000000000006f
:10508800733c00200100000000000000483c0020a4
:1050980029000000000000003c3b00204300000005
:1050a800000000004c3e0020040000000100000049
:1050b800ffffffff903d00201000000000000000ef
:1050c8003c3e002001000000000000005c3d002084
:1050d8001400000000000000a03d00202000000097
:1050e80000000000743c00202400000000000000c4
:1050f800a82e00201404000000000000243e002018
:105108001000000000000000503e002004000000d5
:105118000100000001000000343e002004000000ef
:1051280000000000ec3a00205000000000000000e1
:105138001c3c00202c00000000000000383e00202d
:105148000400000000000000d83d00200c00000012
:1051580000000000000000000000000066666666af
:020000040000fa
:10516800f0b5d6464f4680b58bb004000d0016004a
:105178000393431e033300d90ae18368002b00d14f
:1051880008e18278002a00d106e1002900d1c6e0b2
:105198000021280008f0c6fa002800d103e1002efb
:1051a80000d0c4e02823eb5c9a46002b08d0a26804
:1051b8009623d35a5246013a1341db0700d4f4e050
:1051c800a36879229a5c002a00d0f0e07a329f5cca
:1051d800002f00d0ede0039a002a00d1b5e0137843
:1051e800012b00d9e7e0137a022b00d9e5e0774ad2
:1051f800230000210b2008f0e7ff8146002800d19a
:10520800dde02023eb5c00932b000522012109f04f
:10521800e7ff00230093534602220421484609f081
:10522800dfff2723eb5c002b00d197e02b00213315
:105238000622009205320521484609f0d1ff002eca
:1052480000d19be00023f356002200920232022193
:10525800484609f0c5ffb278002a00d086e0727887
:105268000223d10703d45208013b5a4013400022bd
:10527800009203323221484609f0b2ff039b002b0b
:1052880021d05b680025009503220721484609f0d4
:10529800a7ff039b1b78009503220821484609f0c5
:1052a8009fff039b1b7a009503220921484609f0ba
:1052b80097ff039b197801955b7800930a231422c2
:1052c800484607f098f80121484608f0b9fba0685d
:1052d800494608f001fc002800d172e0a268c12309
:1052e8009b001299d150a2687a230121d154a26857
:1052f80022330239d150a2680c330021d154002e38
:1053080044d000217156a268a723d154a268013b5a
:105318000021d154a26804330131d1523de0002e5e
:105328000dd00021002008f0fdf900284bd03000f6
:1053380007f0eefd002800d034e709272de0c12250
:10534800920012999950002727e005a809f0e6fd78
:10535800002800d04be705ab039348e700230093f0
:105368000b220521484609f03bff68e7f31c009231
:1053780005220321484609f033ff70e70023009314
:1053880002220221484609f02bff77e70021bae7fd
:10539800022702e0022700e0012738000bb0c0bc5a
:1053a800ba46b146f0bd0927f7e70227f5e708270f
:1053b800f3e70827f1e70227efe70227ede70827d9
:1053c800ebe70827e9e70927e7e7c04669f50000a2
:020000040000fa
:1053d800f0b5de4657464e464546e0b593b08b4697
:1053e8000292914a1268002a00d103e10ea9012213
:1053f80052420e920f920a818a72040e70210c405a
:105408009b00dfb2c3039b0f9a46c609f6b2400061
:10541800c3b205936b3911200aab9c4660440af06d
:10542800e7fa01231843c3b206933d005746802389
:105438009b00029a9a4234d9520a92b2f93bff3b36
:1054480001218946490288460ea8752141703b43cf
:105458002b432343f5390b438370c670d305db0f09
:1054680005990b4303714271069b83716e4b1b6850
:105478000b220aa99847002800d1bde00aab1a7a86
:1054880012025b7a134300d0cbe04a46002a11d0bf
:10549800fc22d2b20492a14607970896aa4609931d
:1054a80056e0029a93b29846d205d20d0023002105
:1054b8008946c9e7fe22ece70eacfe23637042463c
:1054c800594612200aab9c4660440af0cbf8434682
:1054d800e31800229a70da704346da1d524b1b68b3
:1054e8000aa920009847002800d187e0019a1300f4
:1054f8000aa98c4663441b791f251d400395951df9
:105508004b5d002b16d164242f006744464e336848
:105518000122390000209847002871d0013c0aabcd
:105528005b5d002b04d1002cf1d1039b99464de023
:10553800002c52d0039b052b4dd1019b9c46e34484
:10554800029ad31a1a00029380239b009a4247d3e7
:1055580043460193042bafd90ea8049b4370324bea
:105568001b6802220021984700284bd02e4b1b684d
:10557800019a002158469847002845d00eab0022d2
:105588005a719a71284b1b6805320aa915200c001c
:105598008c4660449847002838d0a3781f251d40c2
:1055a80003952379002bc5d164241f4e336801224b
:1055b8000ba90020984700282ad0013c0aab1b7988
:1055c800002bb5d1002cf1d1039b9946ff20000296
:1055d8004d4605431de09946f8e7039b9946f5e7d4
:1055e8004c46079f089e5546099b002a00d01ee797
:1055f8001d000ee0ff250ce0ff250ae0ff2508e06e
:10560800ff2506e0ff2504e0ff2502e0ff2500e076
:10561800ff25280013b0f0bcbb46b246a946a046f9
:0c562800f0bd1d00f5e7c046083e002064
:020000040000fa
:10563400f0b5de4657464e464546e0b58db005000a
:10564400894616009b46824b1b68002b00d1ede077
:1056540008aa01235b420893099313819372802360
:105664005b059d425bd080239b009e427ad9720adf
:1056740092b2f93bff3b80218900884608ac752132
:105684006170594689000b43280e702101400b4379
:10569400e903890f0b43a370eb09e370d305db0f18
:1056a40069000b43237162710521192002ab9c46ea
:1056b40060440af09ff901231843a071644b1b68ee
:1056c4000b2204a920009847002800d1b0e004aac6
:1056d400137a1b02507a184300d0ace013005d4ae1
:1056e4001a809a705a4f2b0045460196984604ab8f
:1056f4009b78002b44d1642604ac3b6801220a2128
:1057040002a88446614400209847002800d191e013
:10571400013ea378002b2bd1002eeed12ae002ab60
:10572400da1d00214c4805f035ff002808d102abf2
:1057340007331b78db0707d4002e90d100207ae0d2
:10574400464b184380b276e002abd91d01230b709f
:105754000022414805f01eff002884d03f4b184327
:1057640080b268e0b3b29846f205d20d002385e713
:10577400002e05dc04ab9878ff231b0218435ae083
:1057840004ab9b78db0718d56424314b04aeaa46de
:105794001d002b6801220a2102a8844661440020ce
:1057a400984700284ed0013cb378db0702d5002c83
:1057b400efd1dfe75546002cdcd004ab9b78fe2b01
:1057c400d8d1042d1dd8ea1c214b1b6804a9002044
:1057d4009847002838d004ac2a002100484609f034
:1057e40043ff63199b78a370a944019b5b1b1a00b8
:1057f400019380239b009a4200d378e74546160024
:105804009ae7134b1b682a00494600209847002852
:105814001cd00f4b1b68032204a91f2002aca44612
:10582400604498470028dfd1ff2004e0ff2002e015
:10583400ff2000e0ff200db0f0bcbb46b246a946f5
:10584400a046f0bdff20f6e7ff20f4e7ff20f2e7d3
:10585400083e0020ffffff000800001000ffffffcc
:020000040000fa
:10586400f0b5ce46474680b589b004000d00160059
:105874001f00431e033300d9e4e08368002b00d1ea
:10588400e2e08278002a00d1e0e0002900d1b3e010
:105894000021280007f048ff002800d1dce0002e9a
:1058a40000d0b1e0a36899462823eb5c9846962380
:1058b4004a46d35a4246013a1341db0700d4cde0ad
:1058c40079234a46d35c002b00d0c9e07a33d35cf9
:1058d400002b00d0c6e0002f00d1a3e03b78012bc1
:1058e40000d9c1e0fb683c3b634a934200d9bde068
:1058f400c1239b004a461099d150a2687923012103
:10590400d1540022023900239946a36810011b18c0
:10591400ac331960a3681b18b63348461870a368e3
:105924000b208446944460460001844663445981b4
:105934000132082ae9d1514a23000021092008f044
:1059440045fc8146002800d192e02023eb5c0093c3
:105954002b000522012109f029fc00230093434672
:1059640002220421484609f021fc002e62d00023c3
:10597400f3560022009202320221484609f016fc36
:10598400f31cb278009205220321484609f00efc6c
:1059940072780223d10703d45208013b5a401340c2
:1059a4000022009203323221484609f0fffb002f07
:1059b40015d03b7c002500950a220521484609f0b4
:1059c400f5fb3b78009503220821484609f0eefbdd
:1059d400fb68009503220921484609f0e7fb0121f1
:1059e400484608f009f8a068494608f077f801230a
:1059f4005840c000c0b22ae0002e0dd00021002083
:105a040007f092fe002835d0300007f083fa002812
:105a140000d047e709201ae0c1229200109999505a
:105a2400002014e003a809f01bfb002800d05fe766
:105a340003af5de70023009302220221484609f0e8
:105a4400b5fbb4e7022002e0022000e0012009b027
:105a5400c0bcb946b046f0bd0920f8e70220f6e71d
:105a64000820f4e70820f2e70220f0e70220eee73e
:105a74000820ece70930eae744510100e1b10000f5
:020000040000fa
:105a8400f0b5d6464f464646c0b584b09246042883
:105a94003ad006283bd0774b7c221a600120404242
:105aa4002ce000282ad001281cdd17e02e2a00d083
:105ab400d5e00133c9180137042f00d1d1e0260005
:105ac40000200a5c1300303b092bead8b3009b1971
:105ad4005b00303ad61801300328f2d10b78302b12
:105ae40000d1b8e0ff2e00ddb7e05346de550300d9
:105af4000a5c002adad1033f7842784104b0e0bc62
:105b0400ba46b146a846f0bd00270024d7e70b7873
:105b14003a2b06d0012676420024202707239c46f0
:105b240037e04b7800203a2be8d10131f2e700222c
:105b340000200ae00022002007e0303b00e0573b51
:105b44001201d218013004280cd00b5c2f2b07d97a
:105b5400392bf2d93b43dbb21d00613d052deed953
:105b64000028cbd0634623405b006d465a530300a4
:105b74000a5c002a06d1002e36da072c04d18846a6
:105b840000274ee0072c70d03a2a17d10133c918e8
:105b940001340b783a2bcad1002ecbda634623406a
:105ba4005b006a46002098524b1c98464b78002ba9
:105bb40015d0072c57d026004146e9e700202e2aad
:105bc4009cd1052c01dc002e51db0134072323403a
:105bd4005b00002268461a528846012701e026002d
:105be4000027002e1ddb01e08846002773006b446c
:105bf4009946621c921b5200f31d1b1b5b006b44f5
:105c04001800494608f092ff07231b1b002b08ddf0
:105c140049469b195b006b4400220a800231994279
:105c2400fbd1544623006a4610341188080a1870c0
:105c3400597002330232a342f7d10120002f00d160
:105c44005ce752460c3241460330fff719ffc31795
:105c5400181ac00f52e7002050e700204ee700203a
:105c64004ce700204ae7002048e7002046e70020f0
:085c740044e7c046343e002065
:020000040000fa
:105c7c00f0b5d6464f464646c0b588b0041e00d196
:105c8c00cce0037a012b09d0038d042b30d00026f5
:105c9c00062b00d0c3e0b421c9002ae0c16ecb783a
:105cac00002b00d1c2e04822825c981a934200d1aa
:105cbc00bee048260ce0ad1aedb26a018a18928853
:105ccc00002a0dd10133a355431e00280ed0180015
:105cdc00a35d8d785d19edb20a78aa42edd8eae79a
:105cec006b01c9180b8c98464f8c1ee0012696e070
:105cfc0051496823e25a063be75ad719bfb202331f
:105d0c00e35a9b1a9bb26622a25aba4201d8bf1a16
:105d1c00bfb2081c994200d9181c83b29846d31bf9
:105d2c000025984501dd9bb2984601264346002b81
:105d3c0075d007934646a036404b1868310003f0e7
:105d4c0013fb8146002800d174e03d4b00940122e6
:105d5c00310006f0e1ff8246002836d04423e35a96
:105d6c006822a25a9b189bb2227a012a40d1e26e79
:105d7c006d0150198188042934d00c355519102225
:105d8c009446073aa188079e0596266ff619049645
:105d9c00039343460293c08840ba80b20190634695
:105dac0000932b00504603f06bfe264b18685146af
:105dbc0002f05af9061e25d06822a35a4344a35276
:105dcc00203aa35c0133a35429e01f4b1b68002b22
:105ddc0001d01e489847194b1868494607f054fee5
:105dec0000261ce008355519042294460432c9e7f4
:105dfc00a188079a0192226fd2190092424604f0b0
:105e0c0033fdd2e7104b1b68002b01d0104898478c
:105e1c000a4b1868494607f037fe00e000263000b0
:105e2c0008b0e0bcba46b146a846f0bd0026f6e77d
:105e3c000026f4e70026f2e7b40500000c3e002033
:105e4c00012d00001c3e0020043e002044060000f2
:045e5c008c060000b0
:020000040000fa
:105e6000f0b587b005001400002814d0002a12d025
:105e7000538812798668002e0dd0200010306e49ac
:105e80008c46634499b2042905d88b006b49cb58e2
:105e90009f46022a01d007b0f0bd6b469f1c02232b
:105ea0003a00022102f084fdaa23f25a3b889a426a
:105eb000f1d1ae68d2239b00f358002bebd0237ea8
:105ec000082b0cd0092be6d1628b102ae3d801ab4a
:105ed00002211970e16902a809f0c8fb09e0628b90
:105ee000042ad8d801ab01211970e16902a809f090
:105ef000bdfbd9239b00f1561c3bf45801ab022299
:105f00002800a047c7e7012ac5d17a23f35c002bfc
:105f1000c1d06b469c1c02232200022102f048fde6
:105f2000aa23f25a23889a42b5d198230022f25428
:105f30001e3bf25c023a53425a41524202239a43b8
:105f4000033278330021f154c1239b00f358002b16
:105f5000a1d031009c31280098479ce7032a00d04b
:105f600099e77a23f35c022b00d194e77a23013a74
:105f7000f2542233f6500c330022f254a63b320086
:105f8000aa32022102f014fd3200a03220001830a3
:105f900006230b2102f00cfd320098322000203045
:105fa0000123022102f004fda6230122f254c123a1
:105fb0009b00f358002b00d16de731009c3101327a
:105fc0002800984767e7012a00d064e77a23f35c4a
:105fd000012b00d05fe779330022f254c1239b00ec
:105fe000f358002b00d156e731009c3103322800d2
:105ff000984750e7012a00d04de77a23f35c022b43
:1060000000d048e76b469c1c02232200022102f0cc
:10601000cffcaa23f25a23889a4200d03be7c1233f
:106020009b00f358002b00d135e731009c3104224e
:10603000280098472fe7c04600ecffff7cf50000e2
:020000040000fa
:10604000f0b50f00060015000022634b87b09219cf
:106050007b41009201936149019b8b4200d9b8e0da
:1060600004d15f4b009a9a4200d9b2e001215d4809
:1060700049428019794100235b4a07f031ff06004d
:106080000f00131e029208da574a944663440293a3
:1060900001225242d317b6185f4103200021072284
:1060a00080197941002307f01bff131e049201dac7
:1060b000073304930023300039004c4a07f010ffe7
:1060c000141e039004da494be4180300013b0393c8
:1060d0002000474904f08cff0600042800d1013e4f
:1060e000444f454977433f19380004f081ff0400cd
:1060f000192800d1013c6e21404bff316343df1969
:10610000380004f075ff042800d101383c4b4343ac
:10611000db1900930023984204d10133002c01d1f4
:10612000734273419922009952003339ff39059126
:106130000099914203da0a003b32d3180593642395
:10614000c8227343a4002018c018039b0600c71779
:10615000d91703980023520007f0d6ff00248019b6
:106160007941284b009ae35c93422ddd092c04dd34
:1061700001220023801859410c3c0027224e36187a
:106180004f41002f25d1e121009b64300133eb60aa
:10619000049b0234ab61059b6861eb6109010298c5
:1061a0002c6104f025ff3c21a860029804f020ff38
:1061b0003c2104f067ff029869603c2104f062ff13
:1061c0003800296007b0f0bd009a0134d31a00935b
:1061d000c7e701204042f5e78042f100ff84e20179
:1061e000007b1dfe80a243c780510100b13a02002e
:1061f000ac8e00005471ffffb50500004bfaffffa5
:0c62000093feffff88f90000640000809e
:020000040000fa
:10620c00f0b40125ed070f005f405ad48b4200d14a
:10621c00824205d950404240504059404b40594071
:10622c004e18760ddf187f0d3bd0741c640529d0f9
:10623c00f41b352c26d80e0ddb022b43db0ac902ce
:10624c002943c9121700202c1ed2e741e2405740c7
:10625c00e3415a40a340e3405a400024801859417e
:10626c000ad3b21c520521d0c207012f624117007c
:10627c004008cb0718434908013636054208af41a0
:10628c0060417141f0bc7047203c06d01f00e741d3
:10629c00e3405f400024012a6741c0186141ebd301
:1062ac00dfe7002eeed129400020ebe70136310567
:1062bc000020e7e7e742e5d10020c143090dc904fe
:1062cc00e0e76b400e00871a9e4104d26e40c01b63
:1062dc00b141d21973414e18df18ac0ae642e9d22b
:1062ec00760d7f0d31d0f41b362ccbd8b4460e0d69
:1062fc00db022b43db0ac9022943c90a012c32d821
:10630c0004d1d4075208df073a435b08ef0a644212
:10631c00904199411ed0002239424dd1241940415f
:10632c0049410124394204d1013400184941394210
:10633c00fad06246a24204d9361b013e36058919b1
:10634c00a0e7f10ac90700209ce736429ad1002049
:10635c00002197e70200224394d0b842ded201001c
:10636c0020002024e3d1202c13dd203ce241170037
:10637c00a240e2405740e3415a40a340e3405a4018
:10638c00012fbf410137174300227c4298419141b4
:10639c000ce01700e741e2405740e3415a40a3406c
:1063ac00e3405a407c429041994100220f0303d2b2
:1063bc00013e241940414941013e36054708ac4194
:0863cc0050417141f0bc704723
:020000040000fa
:1063d400f0b585b005001400002812d0002a10d0b2
:1063e400538812798668002e0bd02000103064493f
:1063f4008b4208d063498b4200d18de002398b4235
:106404004bd005b0f0bd022afbd102236a4602320a
:10641400022102f0cbfa01af2000183006233a0023
:106424000b2102f0c3fa0123bb713900280005f0e7
:1064340087fc041e21d009f099fa002817d12660a0
:10644400ff23e372002323736b4602331b88e3812b
:10645400201d072201a909f007f9c1239b00f35865
:10646400002bced00222210028009847c9e709f06a
:1064740077fa454906f070f8e1e70021280005f0b5
:106484005ffc041edbd109f071fa0028b9d009f0d1
:1064940067fa3e4906f060f8b3e7022ab1d1d62381
:1064a4009b00f358002bacd002236a46023202212f
:1064b40002f07cfa20001830042301aa082102f01b
:1064c40075fa002402e00134082c9ad0aa6823014a
:1064d400d318ac331b680133f5d02301d318b6337a
:1064e4001b78002befd023000b331b01d3185989e1
:1064f4006b4602331b889942e5d121015118b03112
:10650400072202a809f0b0f8d6239b00f35801aa89
:10651400002128009847d6e7022a00d071e7022319
:106524006a460232022102f041fa01af200018301b
:1065340006233a000b2102f039fa0123bb7139001a
:10654400280005f0fdfb041e10d001235b4203600c
:1065540000228272c381c1239b00f358002b00d117
:106564004fe700222100280098474ae709f0fef986
:106574000028f0d009f0f4f9054905f0edffeae749
:106584000112000002120000ec0a00001c0b0000c3
:046594003c0b0000bc
:020000040000fa
:10659800f0b599b004001500002834d0022b34d08f
:1065a800032b00d196e0012b2dd1002607e0a2682d
:1065b800d0235b000021d1500136022e20d0f200fa
:1065c800a3689b18a62252009a5c002af4d0a8223d
:1065d80052009a589542efd1a822520000219950b2
:1065e800a268d0235b00d758002fe0d0711cc9b235
:1065f800a03bff3b0093002300222000b847d6e7ca
:10660800280007f063fe19b0f0bd1e9b002bfad0de
:106618008368002bf7d04d4a1e9909889142f2d120
:10662800d02252009b58002bedd01e9b587a002890
:10663800e9d05d88d96804aa07f076fb0028e2d083
:10664800022303aa190004a802f0aef91e9b5b7a84
:10665800022b1ad0032bd6d1edb2002dd3d0013b9b
:106668000e226a44190008a802f09ef903ab1978b3
:10667800a26800230093a133ff33d558a03bff3b0a
:106688000e226a442000a847bde7edb2002d15d1bf
:10669800a0685b33ff33c35c02005f32ff3203a99b
:1066a800097801350095a035ff3545592000a847e0
:1066b800a268d0235b000021d150a4e703ab19786e
:1066c800a06800220092d0235b00c5581300200068
:1066d800a847ede71e9b002b00d194e78368002ba9
:1066e80000d190e7194b1e9a52889a4200d08ae747
:1066f8001e9b1b79022b00d085e704ad1e98103035
:1067080002332a00042102f04ff90222ab5e013362
:1067180012d00e256d441e98183002232a0003213a
:1067280002f042f9a26804ab02215b5eac335b0065
:10673800d3182a88da8066e7a2685d32ff321e988d
:1067480018300123022102f02ff95ce70111000043
:020000040000fa
:10675800f0b583b00d001600664ce40fe40704435f
:1067680020d000291ed00f2a1cd92378db071fd57b
:10677800a388002b6ad1237a012b1fd00b88042b06
:1067880000d1a9e0062b00d077e00c341c220021b0
:10679800200008f071ff32002900200008f062ff95
:1067a800002068e0544b0e221a600120404262e04b
:1067b800514b0e221a60012040425ce0e388fd2b19
:1067c8003ed10b88042b00d179e0062b55d1270048
:1067d8000c371c220021380008f04eff3200290037
:1067e800380008f03fffe3880020fd2b43d0434bdf
:1067f8001868802102f0bafd061e44d0404b009470
:106808000122802106f08afa051e42d0e28952ba96
:1068180092b2a188002304f0e7ff3a4b18682900d8
:1068280001f024fc00283fd0200000f0fdfd03000b
:106838000020002b1fd1304b0c221a6001381ae0bf
:106848002d4b0b221a600120404214e00b88042bc8
:1068580001d0062b11d127000c371c22002138004b
:1068680008f00aff32002900380008f0fbfe237afe
:106878000020012bb7d003b0f0bd1f4b7c221a605b
:1068880001204042f7e71c4b0c221a6001204042cd
:10689800f1e71a4b1868310007f0f8f8164b4d224b
:1068a8001a6001204042e6e7144b1868310007f0ef
:1068b800edf8114b4d221a6001204042dbe70c3401
:1068c8001c220021200008f0d7fe320029002000f9
:1068d80008f0c8fe0020cee70c341c22002120005e
:1068e80008f0cafe32002900200008f0bbfe002094
:1068f800c1e7c046683a0020343e00200c3e002024
:08690800012d00001c3e0020df
:020000040000fa
:10691000f0b5de4657464e464546e0b583b0070023
:10692000894614000ca904c909788a46002800d1b8
:10693000bbe0c168002943d0c878002851d08878ce
:1069400045014d19ad88002d18d140010818bd88aa
:10695000008c281ab88000207880c8780138c87068
:10696000f868817801318170f9688d7808788542fe
:106970003fd0f968c978002900d19de0002b01d0f3
:10698000002a39d1fa6893785b01d3181e8c002352
:106990000193a64202d3331b019326005346002bda
:1069a00014d1d378013bd370fa6893780133937094
:1069b000fb6899781a78914208d100229a7005e014
:1069c0008688a64200d92600002301937c88bb88d4
:1069d0009846002e62d000239b463b0047469846cf
:1069e00016e00e9b002b64d000230e9a13609b468a
:1069f0004ce000208870bce7f968887840010430da
:106a00000918180008f032febce7ab44761b1cd016
:106a10004346dd882d1bb54200d935004b46002b7f
:106a200007d04346196909192a00484608f01efe96
:106a3000a944abb2ff1abfb21c19a4b24346db880b
:106a4000a342e2d8e41aa4b2dfe74346b8461f00e7
:106a5000019b002b0bd09bb21c19a4b24246d31a47
:106a60009bb29846fb88a34201d8e41aa4b25346cd
:106a7000002b02d17c804346bb800e9b002b05d0af
:106a8000fb68002b0dd00e9b019a1a60584603b08c
:106a9000f0bcbb46b246a946a046f0bd00239b46cb
:106aa000d6e7bb880e9a1360f0e701235b429b4652
:0e6ab000ece700239b46e9e700239b46e6e760
:020000040000fa
:026abe0070471f
:020000040000fa
:106ac000f0b5d64600b5a6b00c000a921e00042808
:106ad00009d006281dd05f4b7c221a60002026b00a
:106ae00080bcba46f0bd0b785b4ac9780291a178a8
:106af00001916178009131000a9c200008f0eafcc5
:106b000003002000b342eadb524b1c221a60002033
:106b1000e5e752490c22200008f0f3fa002837d0ac
:106b200023781b0262789b184d4aa17b0902e07b07
:106b300009180691217b0902607b09180591a17a49
:106b40000902e07a09180491217a0902607a091889
:106b50000391a1790902e0790918029121790902ca
:106b6000607909180191a1780902e078091800916b
:106b700064210da808f0aefc0dab1b78002b46d0ad
:106b80000dac00220b9202270025364a924637e0d0
:106b900023781b0262789b18334ae17b0891a17b22
:106ba0000791617b0691217b0591a17a0902e07a28
:106bb00009180491217a0902607a09180391a179d0
:106bc0000902e0790918029121790902607909180e
:106bd0000191a1780902e0780918009164210da8bb
:106be00008f078fcc8e75146200005f025fab842c5
:106bf00001dd0b950700013501342378002b04d00b
:106c0000002df0d03a2beed0f5e7032f09dc0da8cc
:106c100008f0f6fbb04215d30e4b1c221a60002080
:106c20005de70da83a330b994354421853700b009b
:106c30006a1ad21b0132791841189f1cc01907f03b
:106c400077ffe4e70da90a9c200008f097fe2000da
:106c500045e7c046343e002050080000403e00207a
:0c6c60005c0800009408000074080000ac
:020000040000fa
:106c6c00f0b5d6464f464646c0b582b007000e007a
:106c7c00150004281cd006239946062812d1022e92
:106c8c0019d0012e25d1002d30d0112d00d179e055
:106c9c0001239a46fd2d2cd0574b78221a600120e7
:106cac00404269e0544b7c221a600120404263e070
:106cbc0004239946e3e7002d11d0062d13d00223af
:106ccc009a46fd2d15d04c4b78221a60012040427b
:106cdc0052e0494b16221a60012040424ce002233c
:106cec009a46062505e002239a4602e001239a46bd
:106cfc001125424b1b68002b47d008f0e9f8041e05
:106d0c0049d0037801221343037006720023838059
:106d1c00b823db0043678a235b01836700227c2353
:106d2c00c2540133c254364b18688023e0500028fb
:106d3c0037d0802102f018fb8046002836d0314b2a
:106d4c0000940122802105f0e7ff061e37d04a4649
:106d5c00514605f0aafc294b1868310001f084f962
:106d6c0000283ad0e5806772237860229343402252
:106d7c00134323706000400802b0e0bcba46b14631
:106d8c00a846f0bd01239a46b3e71b4b0e221a60ae
:106d9c0001204042f0e7184b17221a6001204042b4
:106dac00eae7154b17221a600138e5e7200007f0d7
:106dbc0045fb114b0c221a6001204042dce7104bc2
:106dcc001868414606f060fe200007f037fb0a4bbe
:106ddc004d221a6001204042cee7094b186841460b
:106dec0006f052fe200007f029fb034b4d221a60df
:106dfc0001204042c0e7c046343e00201c3e00202b
:086e0c000c3e0020012d0000e6
:020000040000fa
:106e140070b582b005006b460022da7101260028a5
:106e240002d100266b46dd1d5b4b19605b4c2fe0e5
:106e3400002002b070bd6b469a1d0021062004f0ac
:106e4400a9fb01282ad002232b7006f093ff03002c
:106e54000138c0b2fd2800d980e0012b31d10323d1
:106e64002b706946002004f0a5fe01282ed10423ce
:106e74002b700023009380206946800304f09afe5f
:106e8400012828d8009b002b2adb0220002ed0d119
:106e94002b78062b64d89b00e3589f466b469b795e
:106ea400082213436a46937100226b46991d0530ec
:106eb40004f070fb0128c6d001232b700620404249
:106ec400b7e701232b7005204042b2e701232b7062
:106ed40004204042ade701232b7004204042a8e780
:106ee40001232b7006f078fb00283cd12c4c2d4e4e
:106ef400210001c9002204f04dfb002836d10834da
:106f0400b442f5d180206b469a1d0021400004f064
:106f140041fb00283cd16b4606331b787f2b28d9d4
:106f24006b469a1d0021032004f034fb002823d172
:106f34006b4606331b789b0721d56b469a1d0021af
:106f4400043004f027fb00281cd16b4606331b7861
:106f5400db439b0719d106232b706ae7012095e7d1
:106f64000220404265e70320404262e7032040429a
:106f74005fe7032040425ce70320404259e70320d7
:106f8400404256e70320404253e70320404250e783
:106f9400032040424de7c046083e00203cf200007a
:086fa400d0d7000020d8000046
:020000040000fa
:106fac0008d1002806d1f54204d801d3002a01d11a
:106fbc006d0d09d10020c143090dc904f0bdf9d1f3
:106fcc001242f7d1640df5d00020c14349054908a0
:106fdc00a6e000206146f0bdf0b50127ff070e00ca
:106fec005e403e40b446be0a4c18dd18f442d7d27f
:106ffc00f542e4d2640decd06d0dead06419c902ef
:10700c003943460dc0023143db023b43db0a10b46b
:10701c008e4685b297b26f43140c6c433e0ca41988
:10702c00260c2404bfb227439cb26c43a419190c40
:10703c006943250ca4b249190d04090c6419000c00
:10704c0095b245433e0c76193743bfb2360c150c3e
:10705c004543ad19a6b2240cad192e0437432e0ca2
:10706c0036199db24543ad19acb22e0c89191d0cc5
:10707c0045436d182e04290c3443704680b295b2ea
:10708c0045433e0c76193743bfb2360c150c4543bd
:10709c00ad19a6b2ad19240c2e0437432e0c36199b
:1070ac009db24543ad19acb22e0c89191d0c45434c
:1070bc006d182e043443290c75462d0c90b2684380
:1070cc003e0c80190604bfb23e43070ca0b23f1819
:1070dc00120c6a43d019020c80b2240ca4189ab278
:1070ec006a43121914042043120c89181b0c6b43ad
:1070fc00c91810bc01273d05294203d1b6194041de
:10710c004941013cff077d0d013d641b0bdb6d000c
:10711c00ac4209da240500254208be4168416141b0
:0a712c0066463143f0bd54e74ee71c
:020000040000fa
:10713600f0b5ce4600b582b004000f0016000193ec
:1071460008ab1a78002800d1a4e0002900d1a3e0fa
:10715600002e00d1a2e0c5888388eb1ab34200d284
:10716600a1e0c368002b00d18be0002a3bd1418807
:1071760000888146814236d8281a864233d91000c3
:10718600b14200d28be0d9780231187884461000db
:10719600614500d383e05a785201043298181c22c4
:1071a600002108f06afae2684b46eb1a9bb2517866
:1071b600490152181384e26820885178490152180f
:1071c6005084e168ca780132ca70e1684a780132af
:1071d6004a70e2685078117888422ed0a2889b18af
:1071e600a38000232380e068c27803789a425cd0ab
:1071f6000199002924d043785b010433c0181c226e
:1072060008f031fae3685a7852019b181e84e36845
:1072160021885a7852019b185984e268d378013341
:10722600d370e268537801335370e36859781a785b
:10723600914226d100225a7023e000215170cde7f9
:1072460043785b010433c0181c22002108f015faac
:10725600d8e72069c0182a00390008f004faabb252
:10726600a2889a18a28022889b189bb2761b7f1947
:10727600e088c01a421e9041404203402380002eff
:1072860006d02388e588ed1ab542e2d93500e0e755
:10729600012004e0002002e0002000e0002002b00f
:0e72a60080bcb946f0bd0020f9e70020f7e7f4
:020000040000fa
:1072b400f0b583b00e0015005a4ce40fe407044304
:1072c40028d02378db072bd5a388002b2ed0237a54
:1072d400012b31d023785b0700d498e06423e35a70
:1072e4009b186622a25a934200d981e00023089396
:1072f4002000603000230093089b2a003100fff730
:1073040018ff002800d188e02000fef7b5fc280013
:1073140003b0f0bd444b09221a6001204042f7e754
:10732400414b0e221a6001204042f1e73e4b5f229e
:107334001a6001204042ebe7089b002b49d0238dc3
:10734400002b25d0089807f07bfe099b98423ad879
:107354006423e35a5b196622a25a934248d8237adb
:10736400012bc5d1e36e002bc2d0238d043b5a1ee2
:1073740093415b4213229343b822d2009446634460
:10738400ab42b5d2284b61221a6001204042bfe7cc
:10739400099b1c2b01d91c230993270028371c2285
:1073a4000021380008f06af9099a0899380008f0b1
:1073b4005bf9200000f03af80028c3d11a4b0c22e4
:1073c4001a600138a4e7184b60221a600120404279
:1073d4009ee723785b0714d528239c46a444634680
:1073e40008936423e35a9b186622a25a9342b9d99c
:1073f4002000fef741fc0c4b0b221a600120404296
:1074040086e7094b60221a600120404280e7064b60
:1074140086221a60012040427ae7034b0b221a604d
:0c742400013875e7683a0020343e002073
:020000040000fa
:1074300010b5041e00d19ee0c16d002903d0802349
:10744000c05806f027fb20004c301422002108f021
:1074500017f9216f002903d08023e05806f01afbaa
:10746000200060301422002108f00af9616f002921
:1074700007d1a16f002917d1237a0120012b26d033
:1074800010bd8023e05801f075ffe065002803d0af
:10749000626f5223e252ece73c4b1b68002b6cd02e
:1074a0003b4898470020ebe78023e05801f062ff5b
:1074b0002067002803d0a26f6623e252dce7334b3b
:1074c0001b68002b5bd0334898470020d8e7a16d9c
:1074d000002905d07f33e05806f0dcfa0023a365cd
:1074e000e16e002905d08023e05806f0d3fa00238e
:1074f000e3667c23e15c002919d17d23e15c012056
:107500000029bdd0490104310333e05801f032ffb6
:10751000e066002827d000230022027043708370a9
:10752000c370e36e7d32a25c1a700120a8e74901a6
:1075300004310433e05801f01dffa06500280ad093
:1075400000230022027043708370c370a36d7c32ed
:10755000a25c1a70d1e70d4b1b68002b11d00e48ae
:10756000984700208ce7094b1b68002b0bd009487b
:107570009847002084e7002082e7002080e7002071
:107580007ee700207ce700207ae7c046043e00202a
:0c75900070050000a4050000d8050000f4
:020000040000fa
:10759c00f0b5d646474680b585b0050088460392bf
:1075ac001c00421e033200d98de08368002b00d1f1
:1075bc008be08278002a00d189e01a68013200d170
:1075cc008be00d2900d98ae0002907d096229b5a1e
:1075dc000a00013a1341db0700d482e0039b002b25
:1075ec0005d10220002c73d1002100270be0002cc8
:1075fc0066d0230000210027242001371a5c89184b
:10760c001b68002bf9d13a4b00221a70394a781dad
:10761c002b0006f0d7fd061e65d0aa689223d35a1c
:10762c0000229246009202320b2107f0c9fd53460c
:10763c000093434602220121300007f0c1fdaa68e5
:10764c009423d3565246009202320621300007f0a2
:10765c00b7fd294b5246009205320a21300007f043
:10766c00affd002f13d0002c11d0023f24239846dd
:10767c00231d4246a25c009205220a21300007f02d
:10768c009ffd24687b1c02d0013f002cf0d1039994
:10769c00300006f0fffaa868310006f01bfa00284b
:1076ac0023d0aa687b230121d154aa68013300217d
:1076bc00d154aa68c0239b000c99d150002007e03c
:1076cc00002100279fe7022002e0022000e00120b9
:1076dc0005b0c0bcba46b046f0bd0120f8e70220a8
:1076ec00f6e70220f4e70820f2e70820f0e7c046ae
:0c76fc000010002095910000f410000028
:020000040000fa
:1077080070b5514b1a780f2a0ad893004f4ad358ac
:107718009f4607f06ffc07f0ebfa4b4b01221a70fb
:1077280070bd4b490020fcf749f90028f8d1464bb9
:1077380002221a70f4e7444b1b7a5bb2022b03d087
:10774800414b01221a70ebe73f4b03221a70e7e71f
:1077580040490120fcf732f9002803d13a4b0522b1
:107768001a70dde7384b0f221a70d9e73a49122010
:10777800fcf724f90028d3d1334b06221a70cfe73f
:1077880036490920fbf7e6fc0028c9d12e4b072211
:107798001a70c5e732490520fcf710f9002803d113
:1077a800294b08221a70bbe7274b0f221a70b7e73c
:1077b800254b1b7b002bb3d0234b09221a70afe754
:1077c80028490520fbf7c6fc002803d11e4b0a22d6
:1077d8001a70a5e71c4b0f221a70a1e71a4b5b7ba6
:1077e800002b9dd0184b0b221a7099e7164b5b7a29
:1077f800002b95d0144b0c221a7091e705f05afa19
:10780800114b0d221a708be7174c200007f0f4fd7e
:1078180081b22500143d2869220006f0a7fe0e2338
:107828002b707de7084b9b7b002b00d178e7064b3c
:1078380000229a7301329a720a321a7070e7024b68
:107848000b221a706ce7c046a82e002094e20000b4
:10785800b02e0020ac2e0020d9d4000009b90000b9
:0c786800b03d0020a03d0020bc2e002000
:020000040000fa
:1078740070b586b00c00002800d094e04b4b1b7808
:10788400002b57d1494b00225a60494b1a710029e9
:1078940054d008f099f8464d00269123ee5408f090
:1078a40097f8206806f092fd6168a9613f4c2000ba
:1078b40007f044fc280002f00dfed2239b00ee509a
:1078c4008020000105f0a0fc286100283bd0009036
:1078d40080231b010193364d00232b73684606f069
:1078e40093fda86000283ed002a9324b0293324b8c
:1078f4004b60b823db008b6014230b7301f0aefde7
:10790400002840d02d492a4da868220007f094f899
:1079140001235b42eb6100222133ea54d7239b000d
:10792400ea500433ea50214b012119709a705970be
:107934009d6000e01d4c200006b070bd1b4bff3263
:107944005a70013cf7e708f011f8b04205d1174b23
:10795400ff225a7001246442ede708f001f8184947
:1079640004f0fafdf3e708f001f8002805d10f4b05
:10797400ff225a7001246442dde707f0f1ff114948
:1079840004f0eafdf3e707f0f1ff002805d1074b07
:10799400ff225a7001246442cde707f0e1ff0a494f
:1079a40004f0dafdf3e701246442c4e7303d00202b
:1079b400bc320020abf90000b3f90000f9df00008d
:0c79c400e4080000080900002c09000085
:020000040000fa
:1079d000f0b5c64600b584b004001500002809d0f3
:1079e000002a07d08368002b04d0d8235b0152887b
:1079f0009a4203d004b080bcb846f0bd2e79012e67
:107a0000f8d92800103002230e226a44032100f026
:107a1000cfff09276f442800183001233a000321c3
:107a200000f0c6ff3b78012b6ed1072ee2d12b0070
:107a30004033588805f0eafb061edbd00a276f4466
:107a40002800203001233a00032100f0b1ff280074
:107a5000283001230b226a44032100f0a9ff2800eb
:107a60003030012303aa032100f0a2ff28003830a0
:107a700001230d226a44032100f09aff28004030c0
:107a800043883200062100f093ff3b78012b03d09e
:107a9000300006f01ffcade70a336b441b785a1e1a
:107aa000012af5d8a168130012018a183132ff3279
:107ab00012689046002aebd003aa1278012ae7d177
:107ac0000c326a441778022f0ed0032f0cd0012fee
:107ad0000ad007f04dff0328dad907f043ff114918
:107ae0003a0004f03bfdd3e713331b01c9180e2302
:107af0006b441b88019340356b88009333003a0038
:107b000049682000c047c3e707f032ff032800d8c8
:107b100070e707f027ff09236b441a78024904f045
:0c7b20001dfd67e7140a0000340a000095
:020000040000fa
:107b2c00f0b583b004000e00002800d187e0057882
:107b3c00002d00d184e04378012b00d183e0037d3c
:107b4c00002b01d000257be06b46da1d002140485c
:107b5c0003f01cfd010001280ad86b46d9794b07ac
:107b6c0010d43c4b1b68002b6ad03b48984767e00d
:107b7c00384b1b68002b01d03848984701236370a1
:107b8c0000255de067680123042239003448fdf7c5
:107b9c004bfd011e14d1fb7823757a8862753a6807
:107bac00e2826a4604219171012b13d0022b28d05a
:107bbc00284b1b68002b48d02a48984700253fe0eb
:107bcc00244b1b68002b01d0274898470123637076
:107bdc00002535e02369002b16d06b4607331b7844
:107bec001b0707d56b460c229a712369da69e2618f
:107bfc00a36109e0174b1b68002bf6d01b48984774
:107c0c00f3e70023a361e36100226b46991d104842
:107c1c0003f0bcfc021e05d1002e11d0b047002889
:107c2c00fcd10de00b4b1b68002b04d069460631d0
:107c3c0009780f48984701236370002500e0002560
:107c4c00280003b0f0bd0025fae70025f8e7c04690
:107c5c0008000010043e0020700300006c020000bd
:107c6c002800001008030000a4020000e00200003d
:047c7c0030030000d1
:020000040000fa
:107c800070b5504b586a504b9b7d002b54d04e49d9
:107c90004c68072214404b4b5a699d699e680b7ec5
:107ca0005b0757d5896a474bdb68934252d9002c52
:107cb00043d1444b5b6899540132434b1b7edb0735
:107cc00016d5414b012119753e4b9b68ab4256d9e5
:107cd0003c4b1b68595d3c4b99620135394b1b6924
:107ce000002b01d1b54262d0364bdb68934262d0a3
:107cf000344b5a619d61344b1b7e9b0715d5334b2a
:107d00001b78002b18d02f4bdb68934211d12d4be1
:107d100000221a772c4907240c752c490a701b6a1b
:107d2000002b09d0274b1b6a9847284b1b78002b48
:107d300002d0254b02229a7570bd224b5b6854001d
:107d4000e1520132204b1b7edb07d1d51e4b0121b6
:107d5000197508e01c4b1b7edb07c9d51a4b0121a6
:107d60001975002cb0d0174b9b68ab4213d9154b3b
:107d70001b686900c95a144b99620135aee7114b73
:107d80001b69002baad0104bff2199620d490b698a
:107d9000013b0b61a2e70b4b1b69002b9ed00a4bea
:107da0000b49996207490b69013b0b6196e7074b49
:107db000012119709ce7044b012199750331197554
:107dc00096e7c046f03b00200008004267180020fc
:047dd000ffff0000b1
:020000040000fa
:107dd40070b582b0141e0bd053881179150010357c
:107de400a022d200934205d0484a934200d170e0c9
:107df40002b070bd0329fbd1454b1b68002bf7d0a3
:107e0400444b1b68002bf3d0042301aa013928003a
:107e140000f0ccfd3e4b1d682a68638b9342e7d18a
:107e2400e06929000b3107f06af90028e0d16b689a
:107e3400002b27d01d00db69002bfbd11c35354bf3
:107e44001b68302098472860002816d03022002173
:107e540007f014fc2b681a0020325a612b680022a8
:107e6400da612023e15c08290ed009291ed02a4baf
:107e74001b68002b01d029489847254b1b6800221a
:107e84001a81b5e70435dae72a681c3b53602a688f
:107e9400083111612a68526913802a685269d2181c
:107ea40020002030083900f081fde6e72a68062327
:107eb40053602a68133111612a68526913802b6850
:107ec4005a690832200020301023133900f06efd67
:107ed400d3e7032900d08be70d4b1e68002e00d199
:107ee40086e73268638c934200d081e7606a310090
:107ef4000b3107f004f9002800d079e7320008328a
:107f040002230121280000f051fd71e70105000062
:107f1400103e0020703d0020043e002014060000a6
:020000040000fa
:107f2400f0b583b0002901d000230b60002800d1f4
:107f340087e00378002b00d185e00024013000267f
:107f4400002212e0032a18d02e2b35d01d00303d1c
:107f5400092d00d97ee00132d2b22402303bdbb2db
:107f64001c430378002b3cd00130002aead11d00c9
:107f7400303d092defd9002066e02e2b68d13a4b15
:107f84009c4201d900205fe0771c2202120e642378
:107f9400534325042d0eaa00521952009b181b1995
:107fa40001aa9355feb200240378002b19d00130a6
:107fb400032e4bd80022d8e72b4b9c4201d900203a
:107fc40042e0771c2202120e6423534325042d0e33
:107fd400aa00521952009b181b1901aa9355feb20c
:107fe400e1e7032e38d10378002b0ad03a2b35d899
:107ff4001f2b1cd9203bdbb21c4ada400020d207dd
:1080040022d5194b9c422bd82202120e64235343cf
:108014002004000e8200121852009b181b1901aa9a
:10802400d37000291ed0019b0b6001200ce00a2ba9
:1080340003d80020082be4d806e00d2be1d0002063
:1080440002e0002000e0002003b0f0bd0020fbe7c8
:108054000020f9e70020f7e70020f5e70020f3e728
:108064000020f1e70120efe705050200018000048c
:020000040000fa
:10807400f0b5d6464f464646c0b5051e8a4643d09f
:1080840003789846002b41d0002945d00b69002b7a
:1080940045d04378012b45d00023cb828b691a68e5
:1080a4000a6100228a730a7b002a3ed0002291468c
:1080b40040275fe0013202341e2a39d02678b445c5
:1080c40043d0411cf6d1002ef4d11000f2e7eb6846
:1080d400002b16d01a001b68002b03d01a001b6853
:1080e400002bfbd1534613602b69002b0ed12e4b72
:1080f4005b78032b0ad15146280001f025fa80460b
:1081040004e05346eb60efe7002398464046e0bcaa
:10811400ba46b146a846f0bd00239846f6e70023c8
:108124009846f3e700239846f0e700239846ede7e6
:10813400421c16d002004000281850246146015504
:10814400013400260655002006e0100028304000c7
:1081540028184078ff2804d028325200aa18013089
:10816400507008334a460132d2b291465246127bcd
:108174004a45acd99a79174203d108339a79174200
:10818400fbd01a686888000ad07068881071688803
:108194000130688052789446002ae2d02c00503492
:0c81a40001204042002289e7dc39002065
:020000040000fa
:1081b000f0b583b0040008a80678601e033079d8b3
:1081c000a568002d78d0a078002877d028680130e5
:1081d00000d176e0002a0cd08c20285a904208d09a
:1081e0003d4f10000a3880b2b84200d96be08c20b5
:1081f0002a52002b0bd08e22aa5a9a4207d0364818
:108200001a000a3a92b282425fd88e22ab520029fb
:1082100005d08923eb5c8b4201d08923e954002ee1
:1082200008d08a23eb5cb34204d0731e012b4ed8d6
:108230008a23ee54294a23000021042005f0c8ffb8
:10824000061e46d08c23eb5a002b14d18e23eb5afa
:10825000002b17d18923eb5c002b1bd18a23eb5c0d
:10826000002b1fd1a068310005f03afc01235840d3
:10827000c000c0b223e0002200920232022106f0c8
:10828000a5ffe3e70022009202320321300006f04e
:108290009dffdfe70022009202320421300006f049
:1082a00095ffdbe70022009202320521300006f044
:1082b0008dffd7e7022002e0022000e0012003b09a
:1082c000f0bd0120fbe70220f9e70220f7e70220da
:1082d000f5e70820f3e7c046d205000095910000bd
:020000040000fa
:1082e000f0b58fb00b934b680d0008938b681700a7
:1082f0000993cb680e680393089b0a90002b44db1c
:1083000002239e43102332001a400c92099a0492d1
:108310001e4206d03b687a68134302d0099b023b99
:108320000493082332001a400d921e4202d0049b8f
:10833000013b04933b682c6906937b68039a07937f
:108340000023013c1355049b0593012c20dc0c9b5e
:10835000002b50d10d9b002b03d02023039a013c0e
:1083600013552a69039b013a19190a98099b121b94
:10837000009603f057ff0a9b5b68db0503d56b682b
:10838000984200da18000fb0f0bd01230893b9e756
:10839000069b079a13430ad1049a089b9b1a059ad5
:1083a0009b18002b03dc002ad1ddb307cfd50f23a8
:1083b000069a013c134018005730092b01dc30337a
:1083c00018000b9b413b192b06d820230343613b2c
:1083d000192b01d807f04cfa039b1855059b013b5c
:1083e0000593079b1a07069b1b091a43079b0692d6
:1083f0001b090793a9e70ccf1343abd0039b0b9a40
:108400001b19013b1a703023039a023c1355a1e754
:020000040000fa
:10841000f0b583b0140000280fd0002a0dd0856875
:10842000002d0ad053881179160010369822520177
:10843000934204d03e4a934250d003b0f0bd052988
:10844000fbd13c4b1f78312ff7d89023eb5c002bee
:1084500001d1002ff1d16b46dd1d20001830012322
:108460002a00022100f0a4fa2b78092be5d8324a21
:10847000d3560133e1d02b257d436a1c2d4fd219f1
:1084800001230221300000f093faea1cd2192000e7
:1084900020300123022100f08bfa2a1dd21920007e
:1084a000283006230b2100f083fa2a000b32d21960
:1084b000200030302023052100f07afa7d191e4b70
:1084c0006a46073212789b5cab700123ab722b3586
:1084d000638e2b703b7801333b70aee76b46002216
:1084e000da710129a9d17b23ea547a3b6a46073223
:1084f0000131300000f05cfac0239b00ec58002ce6
:108500009bd06b4607331b78002b08d1c0239b0000
:108510000022ea50286800230021a0478de77c2232
:10852000ab5c013bab542868210001f021fd84e7de
:0c8530000113000000100020a0f9000062
:020000040000fa
:10853c00f0b50d001900002387b00400059310005e
:10854c009d4207da2b002200002554429d41012355
:10855c005b420593002907da059b0200db43059378
:10856c000b0000215042994126002f0002900091ef
:10857c00a94200d96fe002d1a04200d96be000996a
:10858c00029806f073ff29000490200006f06eff9d
:10859c00049b00991b1a1a000298049306f05affc8
:1085ac0000900191a94250d801d1a0424dd8009a17
:1085bc00019ba41a9d4101200021049a26002f0042
:1085cc0006f048ff049b002b35d0019b009adb077b
:1085dc0052081a43019b00255b080393049b01245a
:1085ec009c460292039bbb4232d802d1029bb342ff
:1085fc002ed832003b00029e039f921bbb41921867
:10860c005b4112196b4116001f0001235b429c4415
:10861c006346002be6d180197941049a04000d00c1
:10862c003000390006f00aff049a06f013ff241af2
:10863c008d4120002900059b002b04d003000c0069
:10864c0000215842a14107b0f0bd00200021b9e73c
:0c865c00b6197f41d9e700200021ece7af
:020000040000fa
:10866800f0b583b00e001500414ce40fe407044355
:108678006cd0002900d170e0080006f0dffca842a9
:1086880000d96ce02378db0700d46ae0a388002bcc
:1086980049d023785b0700d565e0328802239a43e6
:1086a8007a33042a53d1270028371832002138009a
:1086b80006f0e2ff2a003100380006f0d3ff200060
:1086c800fef7b2fe0c23002841d02a4b18688021ff
:1086d80000f04cfe051e48d0274b00940122802153
:1086e80004f01cfb071e25d03388042b29d0230057
:1086f800303310260922a188608d40ba80b20190db
:108708000096380004f00cf81c4b18683900fff785
:10871800adfc962300281ad1164b1868290005f0dd
:10872800b5f94d2313e02378db07db175322934376
:108738005f330ce00f4b1868290005f0a7f94d23ab
:1087480005e023002c3304260822d4e70e230c4a24
:1087580013600120404203b0f0bd0e23f7e70e235b
:10876800f5e70e23f3e78523f1e70c23efe7c0468f
:10877800683a00200c3e0020012d00001c3e00201d
:04878800343e00205b
:020000040000fa
:10878c00f0b5de4657464e464546e0b587b0070085
:10879c000e0010a909788c4611a90988884612a9df
:1087ac0009788946002865d0002e4ad014990029f2
:1087bc0062d0614688008246b24451468a84002abf
:1087cc0002d0b27b0132b273190a1bd03c00503478
:1087dc000120404200229b4604e01000013202348a
:1087ec001e2a07d02578a94248d0431cf6d1002d6b
:1087fc00f4d1f2e75b4605e00139c9b251241155b9
:10880c00002942d07468002c12d002aa138063464f
:10881c0013724346938053469b8c53804b46537242
:10882c00139b0593b0680092022332003900a047d5
:10883c00149b1b780133dbb2149a1370327b934276
:10884c0007d0300007b0f0bcbb46b246a946a046e4
:10885c00f0bd35687468002c09d002ab1a70b27b7d
:10886c005a70b0680093012332003900a047fd60b4
:10887c000026e6e70600e4e7149ee2e75b465200ba
:10888c00ba185121515c0029b6d1502100245454fe
:02889c00b8e73b
:020000040000fa
:02889e00704721
:020000040000fa
:1088a000f0b583b00d003d4ce40fe407044332d033
:1088b0000a2900d90a252378db0732d5237a022b2f
:1088c00035d1e389002b38d0a388002b3bd0344b23
:1088d0001868802100f04efd071e43d0314b0094f4
:1088e0000122802104f01efa061e41d0ebb2e2897b
:1088f00052ba92b2a18802f07bff2b4b186831006c
:10890000fff7b8fb00283ed02378022213432370e0
:10891000002003b0f0bd254b09221a60012040421f
:10892000f7e7224b0e221a6001204042f1e71f4b6d
:108930007a221a6001204042ebe71c4b7d221a602c
:1089400001204042e5e72378db0705d5174b0b22d2
:108950001a6001204042dce7144b5f221a600120bc
:108960004042d6e7114b0c221a6001204042d0e76a
:108970000b4b1868390005f08df80c4b4d221a602e
:1089800001204042c5e7064b1868390005f082f81f
:10899000064b4d221a6001204042bae7683a002097
:1089a0000c3e0020012d00001c3e0020343e002023
:020000040000fa
:1089b000f0b5c64600b584b007000191161e984672
:1089c0005ad01a000021300006f05afe002f58d06d
:1089d0003c78200006f0ccfc002835d00022022c88
:1089e00025d0019b042b50d07c88631e7968c91860
:1089f00033004046002818d0002c44d04046091ac5
:108a00008c466146095c197001330138013ca4b2ff
:108a1000002807d0002cf4d119001b180a7001316e
:108a20009942fbd1019b042b37d0404625e07b685f
:108a30001a78d2095242d2b2d3e7039b1a0c328081
:108a40007380f2e7002018e0053c012c0ad97b88ee
:108a50000020434511d179684246300006f006fef9
:108a600040460ae07a880020424506d879683000fe
:108a700006f0fcfd788800e0002004b080bcb84619
:108a8000f0bd0020f9e74046c6e77c88631e7968a0
:108a9000c91803ab40460028aed13b78042bccd09c
:108aa000039b802252029342ccd2338001235b424b
:048ab0007380bae72e
:020000040000fa
:108ab400f0b5de4657464e464546e0b583b00190d4
:108ac4008c4600296dd005000123374f374a914663
:108ad4009346160092460de040003549009c0c5424
:108ae400013000240c5451468a605a1c02356345f7
:108af40047d213005a1e9046796807220a40012a79
:108b040017d0b068f468421c31698a4289410a402e
:108b1400944237d001990139cc5c00947968884635
:108b24000721444621400129d6d02149009c0c54f8
:108b3400d9e74a469068d468421c494609698a4282
:108b440089410a4094421dd0697809022c78214356
:108b540000917c68a046072441460c40012c06d0b5
:108b640069460978124c215459468a60bde7400091
:108b7400694609780e4c215401300099090a2154a0
:108b8400f2e7984606f082fb002802d0064b012249
:108b94009a75404603b0f0bcbb46b246a946a0460f
:108ba400f0bd8846eee7c046001c0042803b002032
:048bb400681800201d
:020000040000fa
:108bb80030b583b004000d001000002c2bd0a36842
:108bc800002b28d0002a26d001236a4607320a2122
:108bd800fff7eafe2b001e3b9ab2042a59d89300ed
:108be800314ad3589f46a06896239b006a460732ad
:108bf8001278012111408900c25c0425aa430a4366
:108c0800c254a168ca5c01200243ca54a168ca5c64
:108c180002208243ca5403b030bda068962189005f
:108c28006b4607331b7801221a40d200435c0824a4
:108c3800a34313434354eee7a068962189006b468b
:108c480007331b7801221a401201435c1024a34306
:108c580013434354dfe7a068962189006b46073326
:108c68001b7801221a405201435c2024a34313437a
:108c78004354d0e7a068962189006b4607331b78d8
:108c880001221a409201435c4024a34313434354f6
:108c9800c1e706f069fe0328bdd906f05ffe034967
:108ca8002a0003f057fcb6e7a4f500005c0b0000af
:020000040000fa
:108cb80070b582b00400431e03336cd88368002b60
:108cc8006bd0807800286ad0962080001b5c022533
:108cd800280018401d4265d1dd0720d5002914d091
:108ce800db0801252b400b70a3689626b6009b5d18
:108cf8001b092b404b70a3689b5d5b092b408b7055
:108d0800a3689b5d9b091d40cd70002a48d0a168cf
:108d180096239b00cb5c5b07db0f137040e0234a74
:108d280023000021052005f04ffa051e3cd000263f
:108d38000096002300221f2106f060fa0096002307
:108d480000222021280006f059fa0096002300226c
:108d58002121280006f052fa009600230022222141
:108d6800280006f04bfa0096002300221e21280056
:108d780006f044faa068290004f0aefe03000820bb
:108d8800002b0dd0a168962292008b5c0220034331
:108d98008b540a2004e0022002e0022000e00120b7
:108da80002b070bd0a20fbe70820f9e7f94b000084
:020000040000fa
:108db800f0b5d6464f464646c0b5040016001d001d
:108dc800002846d0036a002b4bd00769002f48d0f3
:108dd800ebb25a42032010408146a846c8440422f8
:108de80042449246e28a52453bd3397078702a0a47
:108df800ba70fb70002e0ed0080006f0b5fa0028f5
:108e08003dd07319002d06d03a1d013b1978117019
:108e180001329e42f9d14b46002b36d12369534487
:108e2800236143469ab2e38a043b9b1ae382216a90
:108e38004b7901334b71e1698b880433d2188a80ee
:108e4800237b9b00e418636a434404336362012074
:108e580010e0124b1b68002b1ed0114898470020c9
:108e680008e00e4b1b68002b01d00e4898470023e2
:108e780023610020e0bcba46b146a846f0bd381dc3
:108e88002a00310006f0eefbc5e7043578194a469a
:108e9800002106f0f1fbc1e70020ebe7043e0020cb
:088ea800e00000007001000071
:020000040000fa
:108eb00030b5a9b00500140000280fd0002a0dd04d
:108ec000518813798268002a08d020001030a0222f
:108ed000d200914204d0334a91423bd029b030bdf8
:108ee000032bfbd1023b0b226a440221fff760fdfa
:108ef00020001830802308aa0521fff759fd00281b
:108f0000ecd02023e35c082b0ad0092be6d120000b
:108f10002030073304aa0921fff74afd022207e0a7
:108f200020002030043b04aa0821fff741fd012264
:108f300003ab1a70aa68d1239b00d458002ccdd063
:108f40000b236b441a7803ab009308ab0021280075
:108f5000a047c3e7032bc1d1013b03aa0121fff7bf
:108f600027fd2000183001230b226a440221fff75d
:108f70001ffd20002030802308aa0521fff718fddf
:108f8000ab68d12292009c58002ca7d000209850aa
:108f90000b236b441a7803ab1988009008ab2800a8
:088fa000a0479be7010500005a
:020000040000fa
:108fa800f0b5d6464f464646c0b582b004000d001f
:108fb80016001f00431e033355d88368002b54d076
:108fc800002a54d04a1e012a53d812019b182d3367
:108fd800ff331b78002b53d02121300006f018fafc
:108fe800804620284ed8002f2fd02121380006f0a7
:108ff8000ffa8146202847d8a3780120002b39d0c2
:10900800234a23004021013005f0def8824600287b
:109018003cd043460193009605230322290003f020
:1090280083f8002f14d04b460193009705230422a0
:109038002900504603f078f8a068514604f04cfd2a
:1090480001235840c000c0b214e000239946d3e77a
:10905800002301930f4b0093052304222900504657
:1090680003f062f8e8e7022004e0022002e00220b0
:1090780000e0022002b0e0bcba46b146a846f0bd06
:109088000220f7e70220f5e70220f3e70820f1e7de
:0890980099650000f4100000ce
:020000040000fa
:1090a000f0b583b00400150000280ad0002a08d0cb
:1090b0008368002b05d0528832498c466244012acd
:1090c00001d903b0f0bdc52292009b5c002bf8d003
:1090d0002e79022ef5d16b465f1d2800103001233a
:1090e0003a000321fff764fc2800183002236a4687
:1090f00006320121fff75cfca268234bd25c3b786f
:109100009a42ded16b4606331b881e4a944663445e
:109110009ab20a2a23d893001c4ad3589f460126a4
:10912000a268c5239b00d15c0020d054a368c6224e
:1091300092009d58002d0ed0134a9a5c33002000f7
:10914000a847a368c52292009a5c002a03d1c622d0
:10915000920000219950200003f08efbb1e706f049
:1091600007fc0328dcd906f0fdfb6b46da880849ca
:1091700003f0f4f9d4e70426d2e70826d0e707265f
:10918000cee7c04600f6ffff1503000048ec0000e4
:04919000a40a00002d
:020000040000fa
:1091940030b585b0002830d0012b2bd0032b2cd137
:1091a400089b002b29d08468002c26d098235b01cf
:1091b400089a52889a4220d1089b1b79022b1cd111
:1091c4000f256d4408981030013b2a000221fff757
:1091d400edfb2b78042b39d011d8022b1ad0032b9a
:1091e4003dd108981830022322008e321900fff76f
:1091f400ddfb17e0100005f06bf805b030bd052b62
:109204002dd108981830012322008a320221fff759
:10921400cdfb07e022008c32089818300223190095
:10922400fff7c4fb06f0a2fb0328e6d906f098fb7f
:109234008e23e35a8c22a25a0f498a25655d019533
:109244008925645d009403f087f9d6e708981830ff
:109254000123220089320221fff7a8fbe2e706f08e
:1092640085fb0328ded906f07bfb0f236b441a78b9
:10927400024903f071f9d5e7f8090000dc090000a0
:020000040000fa
:10928400f8b5de4657464e464546e0b5354d364bb5
:109294002f001e00354a01239b46324b9846b246a6
:1092a4001e0016e0580030498c46095c8946ff21af
:1092b4008c4349460c4301306146085c0002e4b229
:1092c4000443013319e0ff2323401385337d002b2e
:1092d40021d1137e584603423ed0a868eb689842d9
:1092e40037d05068072108400128dbd05046c05cc5
:1092f400f8318c430443a4b201333869834280417a
:1093040003404046c360536807210b40012bdad168
:10931400164b1c85dae7564606f060f9114b1b68bc
:10932400002bb7d00f4b59681b7f002b08d00d4b77
:109334009b699842aed30b4b1b6803209847a9e75f
:10934400084b9b699842a5d1064b1b68032098479c
:10935400a0e7064b01221a75f0bcbb46b246a946eb
:10936400a046f8bd803b002068180020001c004285
:020000040000fa
:10937400f0b5d6464f464646c0b582b005000f004c
:10938400002815d00668002e12d043689846481e5f
:109394004044190002f0fcfa0821695600294add0c
:1093a4000024431e9c46b1462e000d00ba4622e01e
:1093b400274b1b68002b47d03800984702b0e0bc0d
:1093c400ba46b146a846f0bd35004e4653b2002b0e
:1093d40007dd09342d192a70013ad2b20135002a69
:1093e400f9d10198434658433018e7e71c0001348b
:1093f40064b2ac421eda33195b7a5bb20133f6d144
:10940400a542f4dd019420000930301863461f1989
:109414007fb223000122002141560131e6d1bb4233
:10942400d2d001335bb20132d2b20130ab42f2d1bd
:109434002c00dce75746074b1b68002b06d0064878
:10944400390098470020b9e70020b7e70020b5e7c6
:0c945400703d0020043e002038050000a0
:020000040000fa
:10946000f0b5c64600b5041e5dd0002948d02f4d8a
:109470001022280006f0faf8ab682a68002a39d0d2
:10948000002b39d02949097b49b28846002935ddae
:10949000033303218b431f0046460f368e4340465d
:1094a000584380199047051e08d03200ff2106f06e
:1094b000e7f8ae192e606f6043462b721c4b1d609f
:1094c0001c488422002106f0dbf81b490022200002
:1094d00005f0b4fa19490022200005f0affa184b44
:1094e0001c60184b00221a60174b1a60012080bcc8
:1094f000b846f0bd0025e1e70025dfe70025dde700
:109500000c4b1b78db0704d40f4b186804f052fd9a
:10951000e5e7084d01220621280005f041fc28005e
:1095200004f092fff0e70020e1e7c046703d002024
:109530000c3e0020683a00200d150000d57d00008b
:0c9540001c3e0020183e0020103e0020c1
:020000040000fa
:10954c0030b583b005000c0000285fd0002918d07e
:10955c000a7b110480235b040b430193012a14d86a
:10956c00626a134301930123042201a92848fbf7e3
:10957c002dff011e3dd1a369e3612c61012003b0d5
:10958c0030bd002303610120f9e7002300938620fe
:10959c000133032269464000fbf718ff011e0cd073
:1095ac001c4b1b68002b01d01b48984701236b7088
:1095bc00280004f093fb0020e1e7227b92002100bd
:1095cc00243110200023ff30fbf700ff011e04d1d3
:1095dc00227b019b13430193c5e70e4b1b68002ba9
:1095ec0001d00e48984701236b70280004f076fbdd
:1095fc00e1e7084b1b68002b01d009489847012371
:10960c006b70280004f06afb0020b8e70020b6e776
:10961c0024000010043e0020b4010000f001000002
:04962c002c0200000c
:020000040000fa
:10963000f0b5c64600b582b0041e5ad00378102299
:10964000934303704623c35a002b54d04432815aab
:10965000023a855a023a825aad1a6d1a5a1a92b2d1
:10966000954200db5d1a0126002d45dd267a013e7c
:10967000731e9e4176420b239e43b823db009c461b
:109680006644214b18688021fff774fe071e38d00e
:109690001e4b00940122802103f044fb80460028e9
:1096a0001ad0b54200dd3500a1882b0003224046c8
:1096b00003f0aaf8164b18684146fef7dbfc061ebd
:1096c00011d0adb25422a35aeb18a352237a012b26
:1096d00012d14533e5520fe00b4b1868390004f006
:1096e000d9f9002608e0084b1868390004f0d2f9cf
:1096f00002e0002600e00126300002b080bcb8463f
:10970000f0bd0026f8e7c0460c3e0020012d000009
:049710001c3e0020db
:020000040000fa
:10971400f8b5ce46474680b5334d2f00a846a94636
:109724005be04246126a002a42d0716a336a012021
:109734009847b36a0133326b93429241134037e046
:109744004a46926a5200e0b2284988540132240af7
:109754008c543ce005f0a8fd234b1b6a002b3cd045
:10976400214b596a3c229b5c002b08d01e4b9b6bff
:10977400984232d31c4b1b6a002098472de01a4ba9
:109784009b6b984229d1184b1b6a0020984724e010
:10979400174b1b7e5b0722d5154b1c8da4b2ab6afd
:1097a40001332a6b934292411340fa6a9a42b8d029
:1097b4000d4ad26a9a42ebd00d4a516807220a40f8
:1097c400012abdd0084a926ae4b208498c54064a78
:1097d40093623423d35c002bbcd1034ed8e7c0bcc6
:1097e400b946b046f8bdc046803b00206820002042
:0497f400001c004213
:020000040000fa
:1097f800f0b506000f0015001c0085b08b4263d839
:1098080001d1824260d82100280005f031fe3900dc
:109818000090300005f02cfe009b21001b1a1a0056
:109828002800039305f018fe00900191b94245d82d
:1098380001d1b04242d8009b019c01200021039a2b
:10984800f61aa74105f008fe04000d00039b002b43
:109858002bd0019b009adb0750081843019b59083d
:10986800039b9c46b9422cd801d1b04229d832007a
:109878003b00121a8b41012692185b410027b6184b
:109888005f4101235b429c446346002bead13000d0
:109898003900039a05f0d4fd039aa4197d41060006
:1098a8000f0005f0d9fd241a8d410a9b002b01d029
:1098b8001e605f602000290005b0f0bd002400256f
:0e98c800c4e7b6197f41dce700240025ede778
:020000040000fa
:0298d600fee7ab
:020000040000fa
:1098d800f0b5c64600b58ab00400039115001e0015
:1098e800431e033357d88368002b56d0012a0dd066
:1098f800022a54d11000109b7f2b03d8a378012093
:10990800002b08d10ab080bcb846f0bd109b1f2bb5
:10991800f4d90220f6e7244a2300002104f054fc7d
:10992800071e3ed0002e13d0012d1ad01022310070
:1099380005a805f097fe109b02aa1377112301933f
:1099480005ab009309233c220399380002f053fd2c
:10995800a068390004f0c0f801235840c000c0b224
:10996800d0e72023109a9b1a01204042984005f026
:10997800b5fb804605ad04223100280005f072fed3
:10998800434606930823019300952822039938003b
:1099980002f031fddce70220b4e70220b2e7022042
:0c99a800b0e70820aee7c046c5b30000e1
:020000040000fa
:1099b40010b50400902911dc00207f2928dd8039ae
:1099c4000800102910d805f077fe31313d0f110f32
:1099d4000f0f240f0f0f0f0f0f0f3d00c0294bd097
:1099e400f02949d0a02928d0002011e01968002ac4
:1099f40007d00a1d1a6000228b5e2360db176360a8
:109a040005e0081d18600b689bb2236062600120aa
:109a140010bd1968002a04d00a1d1a600023cb5611
:109a2400ebe7081d18600b68dbb2eee71968002a43
:109a34001ed00a1d1a600b68dfe71a68111d196031
:109a44001368dae707201968002a09d00918814346
:109a54000a0008321a600a684b6822606360d6e71d
:109a6400ca1d824311000831196053681268f4e773
:109a7400081d18600b68c8e71a68111d196013687f
:069a840023600023bbe794
:020000040000fa
:029a8a00fee7f5
:020000040000fa
:109a8c0070b582b0040015001e006b46d98000280a
:109a9c004ed08bb2002b4ed007ab1b88002b4cd07a
:109aac00b823db0008aa12889a4248d8099b0133d4
:109abc0080225202934244d80a9b002b43d0b823f5
:109acc00db0000200b9a9a4233d82149200001f088
:109adc00ddfa002839d002236a4606320321200021
:109aec00fff764f9069b32002900200004f0d2fd38
:109afc00022307aa03212000fff758f9022308aa22
:109b0c0003212000fff752f9099b013309d10b9b6c
:109b1c000a9a06212000fff749f9200001f008fb02
:109b2c0007e0042309aa02212000fff73ff9eee722
:109b3c00002002b070bd0020fbe70020f9e70020f8
:109b4c00f7e70020f5e70020f3e70020f1e7c04637
:049b5c00060e0000f1
:020000040000fa
:109b6000f0b587b00400150000280dd0002a0bd0f6
:109b70008368002b08d052882e79b02109018a42cf
:109b800004d02b498a4248d007b0f0bd022efbd149
:109b9000d02292009b58002bf6d02b7c082b15d09e
:109ba000092b31d06b469e1d28001830022332004d
:109bb0000221fef7fdfea268d0239b00d5580021ac
:109bc000d150338800222000a847dde76b8a042ba0
:109bd000e8d86969042202a805f048fd013e6b46f9
:109be0009f1d2800183002233a000221fef7e0fef4
:109bf000a268d0239b00d5580021d1503b88320069
:109c000002a92000a847bfe76b8a102bcad8696950
:109c1000102202a805f02afde1e7d02292009d580b
:109c2000002db1d00021995000230022a847abe7b6
:049c3000010b000024
:020000040000fa
:109c3400f0b5d6464f464646c0b505000e009246de
:109c44002c490c78002c34d04c78002c31d0002ec8
:109c540035d080231b019846002d34d08023db00af
:109c64009946244b16229b5e434530d1214f3969d6
:109c7400387a5346320000f069fb1422bb5e4b4530
:109c84002ed11c4bda6818795346290000f05efb8c
:109c9400184a1100137e002bfcd00b7e002bf9d048
:109ca40005f092fe134a137e013bdbb2137605f0f6
:109cb4008ffe2000e0bcba46b146a846f0bd0023a2
:109cc40098460d4ec8e7002399460c4dc9e7094f45
:109cd400b8684246002105f047f94346fb82c5e7d0
:109ce400044e70680022494605f03ef94b46b382a3
:109cf400c7e7c046143d0020fc3d0020003e002084
:020000040000fa
:109d0400c635000056360000863600008636000050
:109d140086360000c2360000023700003e370000dd
:109d2400ea37000092390000163800003638000087
:109d34004e38000092390000923900009239000038
:109d440092390000923900009239000092390000e3
:109d540070380000923900009239000092390000f6
:109d64009239000092390000883800009c380000c5
:109d740092390000923900009239000092390000b3
:109d840092390000923900009239000092390000a3
:109d94009239000092390000923900009239000093
:109da4009239000092390000ae380000c238000039
:109db40092390000d4380000e83800001c39000053
:109dc400483900005c3900006e3900008039000019
:020000040000fa
:109dd400f8b5314b5a6a9869d969012400250019ec
:109de40069419861d961002a4ed02020195c013163
:109df40019549368002b48d09368013b9360264b19
:109e04005c6a002c43d1254d00242e0021e0e0693a
:109e140004f0fdf9e368002b01d020699847746ac7
:109e2400002cf0d0a368002bedd125756575a378bf
:109e3400002b02d1e368002be9d1200003f09afe45
:109e4400a378002be6d16770e4e701342035322c87
:109e540015d06301f3185b7d002bf6d00f4b610125
:109e64005b1800215975ab78012beed169680b4b57
:109e740062019b189960280001f03efbe5e7064b60
:109e840020215a5c013a5a54f8bd034b5c6a0125ff
:109e94000027014ec6e7c046c03b002068280020ca
:020000040000fa
:109ea400f0b5ce46474680b583b004000d001600d9
:109eb4001f00431e033345d88368002b44d04a1e39
:109ec400012a43d812019b182d33ff331b78002b32
:109ed40042d0002f31d0002e40d04121300005f077
:109ee40099fa804640283bd8a3780120002b2ed035
:109ef4001d4a23004021013004f068f981460028fe
:109f040030d00023019300970a332922290002f05c
:109f14000df9002e08d0434601930096052306222e
:109f24002900484602f002f9a068494603f0d6fd2c
:109f340001235840c000c0b209e0002ecdd1002357
:109f44009846d1e7022002e0022000e0022003b09c
:109f5400c0bcb946b046f0bd0220f8e70220f6e7df
:0c9f64000220f4e70820f2e799650000f5
:020000040000fa
:109f7000f0b58db00400431e033350d88368002b26
:109f80004fd08278002a4ed01a6801324ed07b2200
:109f90009a5c002a4cd17c32985c01309854a368ba
:109fa0009a5c2448007890422bd9c02292009950a4
:109fb000a3689b58002b29d01e4d2e0001a920001c
:109fc00001f002ff002828d1a3682a787c21595c7f
:109fd0000131c9b2c02080001f5801ab2000b84732
:109fe000002815d0a1687c23ca5c0132ca54a2683b
:109ff000d15c33789942e1d3c0239b000021d1503a
:10a000000be0013a7c215a5405200de000200be0c2
:10a01000a268c0239b000021d150002004e0022050
:10a0200002e0022000e001200db0f0bd0120fbe7be
:08a030000320f9e700100020f5
:020000040000fa
:10a0380000b583b0284b1a78062a18d89300274a07
:10a04800d3589f4601204042fe239b0500930300fe
:10a058000200010005f0c4f92149002005f072fc56
:10a068002049214805f074fc1b4b01221a7003b0eb
:10a0780000bd05f09dfb184b02221a70f7e705f0aa
:10a0880043fc0028f3d0002005f044fc17490020c9
:10a0980004f01afc104b05221a70e8e7012005f0bd
:10a0a8003ffc1349002004f00ffc0b4b06221a70ea
:10a0b800dde705f03bfc0028d9d0002005f030fc96
:10a0c800002005f039fc0b49002004f0fdfb024b91
:10a0d80002221a70cbe7c0463c3e0020e4f20000a2
:10a0e8006666664000507d440000c84108130000c1
:08a0f8001c13000044130000da
:020000040000fa
:10a10000f0b5c64600b5041e59d0002959d000202c
:10a11000282a02d880bcb846f0bd23001022904601
:10a12000a04420000e300f272a3294461ee02a0059
:10a1300030320026002d23d01fe015003035002ad4
:10a1400024d10a00002e24d020e029003031002d37
:10a1500025d11500002e24d021e02970834229d07a
:10a16000a91c62466a700233984524d01c001a78f4
:10a1700015099f2adbd92a0057320a7001310126be
:10a1800022783a40092ad8d9573215004a1c0d7056
:10a19000012661780d099f29d7d929005731551c0f
:10a1a000117062783a4011003031092ad5d95732fe
:10a1b0001100d2e7691c00230b700120aae70020e0
:06a1c000a8e70020a6e75d
:020000040000fa
:02a1c600fee7b2
:020000040000fa
:10a1c80070b582b02a4ce40fe407044322d0237808
:10a1d800db0725d5a388002b28d0264b18688021bb
:10a1e800fff7c4f8061e27d0234b009401228021d4
:10a1f80002f094fd051e25d0a18803f0b5fe1f4b83
:10a2080018682900fdf732ff03000020002b24d036
:10a2180002b070bd1a4b09221a6001204042f7e7cc
:10a22800174b0e221a6001204042f1e7144b5f22bf
:10a238001a6001204042ebe7114b0c221a60012002
:10a248004042e5e70b4b1868310003f01ffc0c4b4c
:10a258004d221a6001204042dae7064b18683100a7
:10a2680003f014fc064b4d221a6001204042cfe750
:10a27800683a00200c3e0020012d00001c3e002002
:04a28800343e002040
:020000040000fa
:10a28c00f0b5c64600b584b00400039116001d005d
:10a29c00431e033344d88768002f43d0002d43d08e
:10a2ac008378002b42d0d4239b00fb580a20002b30
:10a2bc003dd13b007f331900039804f01cff0028ac
:10a2cc0003d17e23fb5cb34221d096230022fa52a9
:10a2dc001b4a23000021012003f074ff8046002854
:10a2ec0029d00096039b05220a2104f085ffa06863
:10a2fc00414603f0effb00281fd0a268d4239b003b
:10a30c00d550a26888230121d15400200fe07e375c
:10a31c0000970123012201212000a847002006e01c
:10a32c00022004e0022002e0022000e0012004b040
:10a33c0080bcb846f0bd0820f9e70820f7e7c04616
:04a34c00f94b0000c9
:020000040000fa
:10a35000f0b504002c4825014019067bf6b22b48c5
:10a360003f27c55dedb2c4550f37c05d800702d1f0
:10a370000020002e39d1254e4e2003273754224885
:10a3800026018019023f07732148305a400530d515
:10a39000c9181f48801941601d492001415a09050b
:10a3a0002cd5d2181a4909188a60194a2001815af5
:10a3b0008905890fcb409bb212185380134b402163
:10a3c0005a5c022002435a54596c5a6c08230b40c1
:10a3d000fc2189010a4013430138002b05d10b4aa7
:10a3e00011690133a3400b431361084a3f23d5543d
:10a3f000f0bd0748260180194160cde704492001de
:10a4000009188a60d1e7c046983c00200048004106
:04a41000b83c002034
:020000040000fa
:10a41400f0b40125ed070c005c402c40a446ae0ac4
:10a424004c18df18f4423dd2f74245d2640d4cd0ab
:10a434007f0d3cd0e41bc9022943cf0adb022b4326
:10a44400db0a0600b61a9f4104d2013cb6197f41cb
:10a45400b6185f416812800d241838dd0018844254
:10a4640025d8e80c0021b6197f41b61a9f4103d3c1
:10a4740040414941f7d304e0b6185f41001849410f
:10a48400f1d32405b6197f41b61a9f4105d337434a
:10a49400c20717430022012f504161416246114314
:10a4a400f0bc70470cd100280ad1f74208d2002032
:10a4b400c143490d0905f1e7002a01d1f74206d04d
:10a4c4000020c143090dc904eae77f0df8d000203c
:04a4d4006146e5e711
:020000040000fa
:10a4d80010b5002857d001223823c254002339214f
:10a4e8004354033143542c314354c3660831fd248b
:10a4f80044544367083143540131435401314354b0
:10a50800013143541d314354c52189004354083156
:10a518004354483143541c4943549c21fe3c445005
:10a528000c31435402394354aa33c2520300ac33aa
:10a5380004002d34ff34023a00211a609972da813e
:10a548001033a342f9d100239622520083541032cb
:10a55800835468328354c03201218154043a8350b1
:10a56800a0328350043283500832835034328350ef
:10a57800383a83503c328350f43a835024301422c2
:0ca58800002105f079f810bd650300000b
:020000040000fa
:10a594004b005b0d284af0b50d00591e0400914292
:10a5a40039d8264a9e1825d420002900332e20dcd1
:10a5b400234a9b1826d4120bda4013002700214aa1
:10a5c4009f43f24038002f00234097432a4039002c
:10a5d40013430ed0002f0cda3400203c25d4802500
:10a5e4006d03e5402a0080246403f44023008018ae
:10a5f4005941f0bd002d02db00200021f9e70020c5
:10a604001149f6e720230f4a9b1b9a4001235b4222
:10a61400f3401343d2e720002900002be9d10022a4
:10a62400e90fcb0710001900e3e720248025a41bc1
:10a634006d03a5402a00d6e7fd07000001fcffffdb
:0ca64400e1fbffffffff0f000000f0bf74
:020000040000fa
:10a65000f0b5c64600b584b004001500002809d046
:10a66000002a07d08668002e04d0b0235b015288f0
:10a670009a4203d004b080bcb846f0bd2b79042bbd
:10a68000f8d128001030023b6a4606320221fef75c
:10a690008ff96b465f1d2800183001233a00022114
:10a6a000fef786f902ab9846280020300623424682
:10a6b0000b21fef77df928002830012301aa022191
:10a6c000fef776f90123424693713b78002b09d1be
:10a6d000aa33f25a6b4606331b889a42cad131001c
:10a6e0009c3105e002a9200001f02cfb011ec1d025
:10a6f00001ab00229a560a73c3239b00f358002b28
:08a70000b8d020009847b5e72e
:020000040000fa
:10a70800f0b5ce4600b584b004000d0016000393e2
:10a71800431e03333cd88368002b3bd0002a3bd030
:10a728004a1e012a3ad812019b182d33ff331b7891
:10a73800002b38d02121300004f06afe07002028c1
:10a7480033d8a3780120002b29d01a4a23002021ce
:10a75800013003f039fd8146002828d000230193f9
:10a76800039b00930a232822290001f0ddfc0197ae
:10a778000096052301222900484601f0d5fca0686f
:10a78800494603f0a9f901235840c000c0b206e0c9
:10a79800022004e0022002e0022000e0022004b0cf
:10a7a80080bcb946f0bd0220f9e70220f7e708208f
:08a7b800f5e7c04699650000b9
:020000040000fa
:10a7c00070b586b00400150000280fd0002a0dd007
:10a7d0008668002e0ad05388117910001030c822e4
:10a7e0005201934204d0224a93422cd006b070bd4d
:10a7f0000329fbd1d8239b00f358002bf6d0042368
:10a800006a460139fef7d4f82b7e082b0ad0092bb3
:10a81000ecd128001830073302aa0921fef7c8f846
:10a82000022307e028001830043b02aa0821fef7a3
:10a83000bff8012301aa13700099d8239b00f35895
:10a8400020009847d2e70129d0d1d8239b00f358a4
:10a85000002bcbd0042301aa0131fef7a9f80199fe
:10a86000d8239b00f358002220009847bee7c0463b
:04a8700001190000ca
:020000040000fa
:10a8740010b582b0040000936b46d98001ab1a80f6
:10a8840000283cd08bb2002b3cd0234b01aa128869
:10a894009a4239d8009b013380225202934235d820
:10a8a400049b002b34d01c4b0020059a9a4227d8d5
:10a8b4001a49200000f0eefb00282bd002236a4640
:10a8c400063203212000fef775fa022301aa0321b0
:10a8d4002000fef76ffa009b013309d1059b049a0f
:10a8e40006212000fef766fa200000f025fc07e0b0
:10a8f40004236a4602212000fef75cfaeee70020fa
:10a9040002b010bd0020fbe70020f9e70020f7e7c4
:10a914000020f5e70020f3e7b4050000050e000071
:020000040000fa
:10a92400f8b50e001500284bdb0fdb0718432ad0bf
:10a93400037a022b2cd102f0ddfb041e2ed0037807
:10a94400db0731d5002e14d0002d12d0038d043b2b
:10a954005a1e93415b420c271f4010372b68bb42a1
:10a9640000d92f60210028312a68300004f07cfed1
:10a974002f60237a022b1dd02378082213432370df
:10a9840060004008f8bd114b09221a600138f9e74c
:10a994000e4b7a221a6001204042f3e70b4b0b2244
:10a9a4001a6001204042ede7084b0e221a60012094
:10a9b4004042e7e72000fcf739fd0028dcd1034bd7
:10a9c4000c221a600138dde7683a0020343e00208a
:020000040000fa
:10a9d400f0b5c64600b584b004000e00150003931c
:10a9e400431e033336d88368002b35d0002a35d074
:10a9f4008378002b34d0012901d01c2935d1812141
:10aa0400280004f007fd80460300013b7f2b2ed86d
:10aa14001a4a23000100022003f0d8fb071e28d0a5
:10aa240002230093039b0322032104f0a3fb434668
:10aa34002a003100380002f035f8a068390003f02c
:10aa44004df8002817d0a268d1239b000a99d15051
:10aa5400002006e0022004e0022002e0022000e0e0
:10aa6400012004b080bcb846f0bd0220f9e7022002
:10aa7400f7e70820f5e70820f3e7c0462df50000c6
:020000040000fa
:10aa840070b586b004001500002816d0002a14d032
:10aa94008368002b11d053881179234a93420ed036
:10aaa400224a934238d0023a934206d1002200212e
:10aab40004f06cf8200001f0ddfe06b070bd04293e
:10aac400fbd101ae28001030042332000139fdf718
:10aad4006dff28001830042302aa0321fdf766ff46
:10aae40028002030012303aa0321fdf75fff337af6
:10aaf400022b0ad001ab6a8d1a73ea6a059201aa85
:10ab04000021200004f042f8d7e72800283004aae6
:10ab14000321fdf74bfff2e70022012104f036f890
:10ab2400200001f0a7fec8e7011d0000021d00007f
:020000040000fa
:10ab3400f0b583b004000e001500431e033340d863
:10ab44008368002b3fd0002a3fd08278002a3ed071
:10ab5400d42292009b580a20002b01d003b0f0bdf0
:10ab64001e4a23000021083803f030fb071e30d0b2
:10ab7400022e1bd0012e20d1002600960023002295
:10ab84000a2104f03dfb0096002300220c2138002a
:10ab940004f036fba068390002f0a0ff00281ad0a8
:10aba400a268d4239b00d5500020d7e7002300934c
:10abb40000220b2104f024fbece704f03bfe082008
:10abc400cce70220cae70220c8e70220c6e701203a
:10abd400c4e70820c2e70820c0e7c046f94b0000dc
:020000040000fa
:10abe400f0b5c64600b592b02549002001f0b4fc8a
:10abf400244cbe239b009846a04400261be0608d95
:10ac040004f0f5fe07002b8d042b25d021003031f4
:10ac1400402302aa0620fbf751ff6b682a781a49e1
:10ac240002a801900097002001f096fc0136f6b2cc
:10ac34004c34444518d02500237a002bf8d0402208
:10ac4400002102a804f01afda37a9b07d7d5e08956
:10ac540004f0cdfe0700d6e721002c313c3302aad4
:10ac64000420fbf72bffd8e7002e03d012b080bce2
:10ac7400b846f0bd0549002001f06efcf6e7c04679
:10ac8400b40b000024360020cc0b0000f80b0000ad
:020000040000fa
:10ac9400f0b583b005000c001700019308ab1e78d3
:10aca40003f08afd00283fd0214b1b785bb2022bb6
:10acb40006d00124644204f07bf9200003b0f0bd07
:10acc400002c2bd0ac422cd300201a4b1a78002a2b
:10acd40006d0203301303228f8d101246442eae757
:10ace40001321a7000225a701a755a759e705c608f
:10acf400df60019a1a61641b9c600f4a1288040485
:10ad0400240c11040c43dc61013293b20b4a9342cc
:10ad140002d0094a1380cee70123fae701246442f2
:10ad2400c9e701246442c6e701246442c5e7c0467a
:10ad3400c03b0020682800203e3e0020ffff0000aa
:020000040000fa
:10ad4400f0b54b6889b004930b680c009c468d6881
:10ad5400cf68079353681268d90f06000591002b3a
:10ad640042da19001000002342428b410499002961
:10ad740009db02206146814307910599002902d12c
:10ad84000798410701d5691e02e029000007fad49b
:10ad940007a802900a2000910190200001f0f2fa25
:10ada400059b002b15d02d2301383b542269079baa
:10adb400013a121a3918009330002b0001f030face
:10adc4007368db0503d56368984200da180009b09c
:10add400f0bd079b5a0702d52b230138e5e71b0773
:10ade400e4d520230138e0e704990029c1dac7e754
:020000040000fa
:10adf400f0b5de46474680b585b0009001910292d9
:10ae040003930cab1e78204b00241a78002a0ad036
:10ae140001344c330a2cf8d10027380005b0c0bceb
:10ae2400bb46b046f0bda0464c256543174b9b4638
:10ae3400ef184c320021380004f020fc01233b724f
:10ae440001345b46ec54009b7b60019bbb723b006e
:10ae540044331e700299002904d00d4828181c227e
:10ae640004f002fc0399002904d00a4828181c2283
:10ae740004f0fafb054b4c2241464a43d25c064996
:10ae8400002001f069fbc8e72c360020243600209e
:0cae9400303600204c3600209c0b0000e3
:020000040000fa
:10aea000f0b589b007000c001600039300283bd0d2
:10aeb000002939d08268d3239b00d358002b33d08c
:10aec0000123132202a98c46624402212000fdf7cf
:10aed0006ffd07ad2000083004232a000421fdf790
:10aee00067fd2b88022b21d1002e07d030000830bf
:10aef000043305aa0b21fdf75bfd05ae132302aa5f
:10af00009446634400215956bb68d324a400039d92
:10af10006a1e9541ed0000951d593300012238004d
:10af2000a847bb6800221a5109b0f0bd04f020fd0b
:10af30000328f9d904f016fd07ab1a88014901f07e
:08af40000dfbf1e7880a000097
:020000040000fa
:10af480070b584b00e0014001d00002a11d1089bb2
:10af5800002b02d01b78002b05d11a49002001f0e4
:10af6800f9fa04b070bd1849184a022003f03afbf8
:10af7800f7e7089b002b1ed0012915d0089b013349
:10af8800002d16d0124a1349039200220292019210
:10af980000923200002001f0ddfab442e1d10e49fe
:10afa800002001f0d7fadce70c49002001f0d2fac2
:10afb800e4e70b4ae7e704490a4a022003f012fbd8
:10afc800cfe7c046c4110000d8ef000027020000f8
:10afd800bc1100001812000040120000ec11000023
:08afe800f41000003902000022
:020000040000fa
:10aff000002941d010b404004c40a4460123002293
:10b00000002900d54942002800d5404288422cd36f
:10b0100001242407a14204d2814202d209011b016a
:10b02000f8e7e400a14204d2814202d249005b0069
:10b03000f8e7884201d3401a1a434c08a04202d3d1
:10b04000001b5c0822438c08a04202d3001b9c0812
:10b050002243cc08a04202d3001bdc082243002874
:10b0600003d01b0901d00909e3e710006446002c56
:10b0700000d5404210bc704701b5002004f0c4fc6c
:10b0800002bdc0460029f7d003b5fff7b3ff0ebce1
:08b090004243891a1847c0462b
:020000040000fa
:10b0980070b5041e26d00569002d2bd0027b437b9a
:10b0a8009a422ed2c38a072b35d9c3691d6005621f
:10b0b80000232b70026a080a5070226a9170226a73
:10b0c8005371236908332361e38a083be382e36908
:10b0d80008229a80e269937940210b439371256a8b
:10b0e800280070bd0f4b1b68002b18d00e489847de
:10b0f8000025f5e70b4b1b68002bf1d00b48984750
:10b10800eee7084b1b68002b01d00948984700233d
:10b1180023610025e4e7002303610025e0e700251b
:10b12800dee7c046043e0020e000000018010000f1
:04b1380048010000ca
:020000040000fa
:10b13c0010b5041e30d0026a002a35d00369002bea
:10b14c0032d0037b08339b00c3185b681b0a9371d6
:10b15c00026a037b08339b00c3185b68d371c26916
:10b16c00917980235b420b439371027b91004118d0
:10b17c004b6a08339b084b6201320273c26913009d
:10b18c000833c361816909688b4217d2002393602d
:10b19c00c2699380012006e00b4b1b68002b11d079
:10b1ac000a489847002010bd074b1b68002b01d0a4
:10b1bc0007489847002323610020f4e70023c3616c
:10b1cc000120f0e70020eee7043e0020e000000044
:04b1dc001801000056
:020000040000fa
:10b1e00070b596b005001c00002838d0012b33d074
:10b1f000022b34d11a9b002b31d08368002b2ed028
:10b200001f4a1a990988914229d1c12292009b585c
:10b21000002b24d01a9b587a002820d05e88d96849
:10b2200002aa02f085fd002819d0042301aa0221f8
:10b2300002a8fdf7bdfb019b002b12d1aa68c12318
:10b240009b00d3580322711e8e4176423240012169
:10b2500049422800984702e0100003f03bf816b07e
:10b2600070bd012bfbd1aa68c1239b00d358002ecf
:10b2700000d0032401212200494228009847eee72c
:04b2800001120000b7
:020000040000fa
:10b28400f0b5c64600b582b004000d001600431e9a
:10b29400033331d88368002b30d0002a30d04a1ec3
:10b2a400012a2fd812019b182d33ff331b78002b52
:10b2b4002dd02121300004f0adf80700202828d833
:10b2c400a3780120002b1ed0144a2300202102f071
:10b2d4007dff804600281ed0019700960523022298
:10b2e400290000f023ffa068414602f0f7fb012388
:10b2f4005840c000c0b206e0022004e0022002e090
:10b30400022000e0022002b080bcb846f0bd02205a
:10b31400f9e70220f7e70820f5e7c0469965000041
:020000040000fa
:10b32400f0b5c64600b582b004000d001600431ef9
:10b33400033331d88368002b30d0002a30d04a1e22
:10b34400012a2fd812019b182d33ff331b78002bb1
:10b354002dd04121300004f05df80700402828d8a2
:10b36400a3780120002b1ed0144a2300402102f0b0
:10b374002dff804600281ed0019700960523052244
:10b38400290000f0d3fea068414602f0a7fb012388
:10b394005840c000c0b206e0022004e0022002e0ef
:10b3a400022000e0022002b080bcb846f0bd0220ba
:10b3b400f9e70220f7e70820f5e7c04699650000a1
:020000040000fa
:10b3c40030b595b0041e08d0022b08d0032b25d02d
:10b3d400012b02d1100002f07bff15b030bd189b89
:10b3e400002bfad08368002bf7d0189b5d88002dc2
:10b3f400f3d090231b01189a12889a42edd1189b1e
:10b40400d968587a6a4602f091fc0028e5d02b00ee
:10b41400002269462000fff741fddee7189b002b60
:10b42400dbd08368002bd8d090231b01189a528854
:10b434009a42d2d1189b1b79022bced1189bd96882
:10b44400587a6a4602f072fc0028c6d0189a103264
:0cb45400002369462000fff721fdbee741
:020000040000fa
:10b460001d4b00229a619a8c80218a439a8419008c
:10b470001022cb681a42fcd0184b5b6a9b0e3f2b04
:10b4800028d09b02802292001343134a936211003a
:10b490001022cb681a42fcd00f4b02229a8419006a
:10b4a0000e32cb681a42fcd00d4b0e4a5a601a007d
:10b4b00053785bb2002bfbdb094b0b4a5a800b4adb
:10b4c0005a800b4a5a800b4b0b4a1a62024b0022dd
:10b4d0001a627047203bd4e70008004000608000fb
:10b4e000000c00400007010005400000144000006f
:0cb4f0001940000000040040840001002e
:020000040000fa
:10b4fc00f0b5d6464f464646c0b584b0002834d089
:10b50c00214b596a83689a46002934d08b6852467d
:10b51c000392002290469a4531d3002200238146a3
:10b52c008e683400002512196b410291896900293b
:10b53c000dd08e68009600260196009e019fb618cd
:10b54c005f41474503d8ebd103988642e8d9029c6a
:10b55c0048468161a06151468a1a82608369002b3a
:10b56c0003d081689a68521a9a6004b0e0bcba465b
:10b57c00b146a846f0bd8360034b5862f5e7024b19
:0cb58c00586281610022e6e7c03b00200d
:020000040000fa
:10b5980070b588b01500234b1e68002e3dd004ab53
:10b5a80001225242049205921a819a7200229a70dc
:10b5b80000292ed080329a700a785a71002d01d055
:10b5c80088229a7004ac74236370020e043b134003
:10b5d800c203920f1343a2781343a370c309e37005
:10b5e8004000207105211120684404f001fa01236c
:10b5f8001843a0710b2269462000b04700280ed0de
:10b60800002d02d06b465b7a2b706b46187a08b017
:10b6180070bd04ab00225a71d4e7ff20f7e7ff2082
:08b62800f5e7c046083e0020d2
:020000040000fa
:10b6300030b591b00c0040220021684604f020f89b
:10b640001b4b5d681b4b9c4211d01b4b9c4217d07f
:10b65000149b1a78012a1cd0022a21d017490020f5
:10b6600000f07cff69460a20a84711b030bd14499c
:10b670001a00002000f072ff00210c20a847f4e718
:10b6800010491a00002000f069ff00210b20a84794
:10b69000ebe7191d40236a460420fbf711fae1e7a6
:10b6a000149b191d40236a460620fbf709fad9e7c7
:10b6b000f43d00200105000002050000440f0000d9
:08b6c000000f0000240f000040
:020000040000fa
:10b6c800f0b5d6464f464646c0b582461e4ad36aae
:10b6d800956a002933d0ab4234d0040001201b4abc
:10b6e80094469046184f13e05a006646b65c26709a
:10b6f80001326646b25c627001333a6b9342924102
:10b708001340814213d9421c0234ab4210d01000be
:10b718000f4a566807223240012ae5d04246d25cd9
:10b7280091465246013a4e4616540133e5e71d004c
:10b73800054bdd62e0bcba46b146a846f0bd1d0027
:10b748000800f5e70020f3e7803b00206820002090
:04b75800001c00428f
:020000040000fa
:10b75c0070b50500836898680021fdf77bfeaa6828
:10b76c0098239b00d458002c0cd00433d35c012bb1
:10b77c0008d09a239b00d318ac2189005158012280
:10b78c002800a047a968c1239b00cb58002b27d0c9
:10b79c0079228a5c002a1bd00024c126b60002e064
:10b7ac000134082c1cd0aa682301d318ac331b68b5
:10b7bc000133f5d02301d318b6331b78002befd00f
:10b7cc002101ac3151189359002228009847e7e722
:10b7dc007a228a5c002a03d09c31002228009847e8
:02b7ec0070bd2e
:020000040000fa
:02b7ee007047a2
:020000040000fa
:10b7f00010b582b004006846c180063001a90a80f5
:10b800006a46d3700332002c2dd00388002b2dd034
:10b810000b88002b2cd0137800200a2b24d8164933
:10b820002000fff739fc002824d002236a460632a4
:10b8300003212000fdf7c0fa022301aa0321200002
:10b84000fdf7bafa6b4603331b78002b03d12000b7
:10b85000fff774fc08e001236a460332032120004d
:10b86000fdf7aafaf3e7002002b010bd0020fbe7c5
:0cb870000020f9e70020f7e7010e0000bf
:020000040000fa
:10b87c00f0b583b006000c00002834d0002934d079
:10b88c000b786022110019401a4212d00023402973
:10b89c000cd0227a022a22d0657a042d21d0063dc2
:10b8ac006a4255416d42124a154004e0636f9bb2e7
:10b8bc00efe700250023a1880027019700930323bd
:10b8cc006522300000f0d0fda1880197009503237c
:10b8dc006622300000f0c8fd012003b0f0bd054d1c
:10b8ec00e9e7054de7e70020f7e70020f5e7c0465c
:0cb8fc00c6050000da050000d2050000bf
:020000040000fa
:10b9080070b505000c001a4903002200002000f061
:10b9180021fe032c23d00bd8002c13d0022c1cd1d1
:10b928001449002002f0d0ff134b00225a7314e090
:10b93800052c12d11149002002f0c6ff0e4b00223f
:10b948005a730ae00e49002002f0beff0d4b9d60bd
:10b95800094b1d6101225a735a73002070bd0a49b0
:10b96800002002f0b1ff044b01229a73f5e7c046ac
:10b978009c130000f0130000a82e002044140000bf
:0cb98800c8130000a03d002018140000af
:020000040000fa
:10b99400002934d00123002210b488422cd301247e
:10b9a4002407a14204d2814202d209011b01f8e713
:10b9b400e400a14204d2814202d249005b00f8e7cc
:10b9c400884201d3401a1a434c08a04202d3001bf8
:10b9d4005c0822438c08a04202d3001b9c0822432b
:10b9e400cc08a04202d3001bdc082243002803d069
:10b9f4001b0901d00909e3e7100010bc704701b529
:10ba0400002003f0ffff02bd0029f8d003b5fff7c3
:0cba1400c1ff0ebc4243891a1847c0460f
:020000040000fa
:10ba20001e4b1f4a1a601a229a81c02292025a6043
:10ba30001a00d369002bfcd1184a136802210b436a
:10ba40001360d369002bfcd1164b00221a629a6254
:10ba5000da6234215a5408315a549a630021da8741
:10ba60001a609a60da60197519779a610b4b5a68f7
:10ba700007231340012b0ad00a4b802212011a63bc
:10ba80001a61064b80229a757c3a9a757047054b6d
:10ba90008022d2001a631a61f3e7c046001c0042fc
:08baa00004211040803b00204e
:020000040000fa
:10baa80010b586b00800042a1fd89200174b9b587f
:10bab8009f4604a901f05cfc002816d1144900f047
:10bac80049fd04a84378027812494479039404791b
:10bad8000294c478019480780090002000f03afd28
:10bae80003e00d49002000f035fd06b010bd0b49fc
:10baf800002000f02ffdf8e70949002000f02afd9a
:10bb0800f3e70849002000f025fdeee744f60000c1
:10bb1800f40f00001c1000006410000094100000d6
:08bb2800c8100000f810000035
:020000040000fa
:10bb300010b5194c01235b4223606360a360e3608e
:10bb4000002323746374a374e37414480133144a08
:10bb5000002101f069fc206012480123124a0021f3
:10bb600001f062fc6060fa221048012352000021bb
:10bb700001f05afca0600e4801230e4a002101f09a
:10bb800053fce06003f010fe03f01efe03f024fe01
:10bb900003f02afe10bdc0465c3d0020e1f8000025
:10bba00060ea0000edf8000030750000f9f80000d0
:08bbb00005f90000204e000021
:020000040000fa
:10bbb80070b588b00d001e4b1e68002e32d00029cb
:10bbc80032d004ac01235b4204930593069323739c
:10bbd800463363700023a370030ce370030a2371d8
:10bbe800607105211120684403f002ff0123184306
:10bbf800a0710d2269462000b047002816d06b4678
:10bc08005b7a1b066a46927a120413436a46127bd1
:10bc180013436a46d27a120213432b606b46187a92
:10bc280008b070bdff20fbe7ff20f9e7ff20f7e72a
:04bc3800083e0020a2
:020000040000fa
:10bc3c0070b500282cd11c4b9b68002b2bd01a4aba
:10bc4c001278002a2ad0184a9278002a29d1164c48
:10bc5c001c60a368154892329852002294215a54c1
:10bc6c0093399025595506355853c02080001a50e9
:10bc7c0004301a5008301a50a1700d4a2000fef7fb
:10bc8c0053ff002200212000fdf710f8200070bdaa
:10bc9c0001246442fae701246442f7e70124644278
:10bcac00f4e701246442f1e7303d0020ff07000077
:04bcbc00bf6a00005b
:020000040000fa
:10bcc00010b51e4a137801210b43137053785bb2f1
:10bcd000002bfbdb194900238b61a0231b03cb61e5
:10bce00080235b01cb60164b10221a721a7520203c
:10bcf0001a540c301a540c301a540c301a540c309c
:10bd00001a540c301a540c301a540c301a540c308b
:10bd10001a540c301a540c300c241c540c301a5485
:10bd20000c301a540c301a540b780e3a13430b7023
:10bd30000a0053785bb2002bfbdb10bd00180040fb
:04bd40001c3900208a
:020000040000fa
:10bd4400f8b50e00431e033337d88768002f32d06e
:10bd5400002906d08b79002b31d03c00ac3400256f
:10bd640017e03b00ac33002203e001321033082a11
:10bd740009d019680131f8d1997a0029f5d1120155
:10bd8400ac32bf1817e0370015e001351034082d28
:10bd940010d023680133f8d0a37a002bf5d0201dee
:10bda4000622310003f0abf90028eed12d01ac35a9
:10bdb4007f1900e000273800f8bd0027fbe70027c3
:02bdc400f9e79d
:020000040000fa
:02bdc6007047c4
:020000040000fa
:10bdc80070b50c00431e03332ed88368002b2dd08a
:10bdd80000292dd08278002a2cd01a6801322bd065
:10bde8007c229b5c154a127804209a4223d9134e70
:10bdf8002b255d437319d9782822a154012159565e
:10be08000132a1549a782a23e25420002130291db6
:10be18008919072203f026fc0b35a91921222000d5
:10be280003f020fc002006e0022004e0022002e0eb
:10be3800022000e0012070bd0120fce70010002076
:020000040000fa
:10be4800f8b504000e0017001d0000282ad00029ac
:10be58002ad06b1c23d0ebb20220052b1ed8154b21
:10be68006a00d25ac0235b011a421fd03900300041
:10be780000f010fa00281bd0257063780322934342
:10be88006370a77003343d320021200003f0f4fbf7
:10be98003a003100200003f0e5fb0020f8bd04253e
:10bea800054ae3e70220f9e70220f7e70220f5e771
:0cbeb8000220f3e78cf800006119000084
:020000040000fa
:10bec40010b582b0002301931a4a138c0f210b4042
:10bed4003031545ce4b253540f31525cd2b201920b
:10bee400019a0220920708d512494e228854124a18
:10bef40019015218002111730138019ad20709d58a
:10bf04000c494e22012088540b4a19015218002171
:10bf140011730130084a190152185268002a04d0da
:10bf2400054a531899685b689847024a3f23d454da
:0cbf340002b010bd00480041983c002005
:020000040000fa
:10bf400010b5184b06225a6001f072fbfff788fa11
:10bf500003f0a2fc02f0d2fa02f0f6ff00f026f99c
:10bf6000fff75efdfff7acfe0f490020fbf782fcf8
:10bf70000e4c20600e49002000f0ccfd60600d49a1
:10bf8000002003f0bdf9a0600b49002001f010f97a
:10bf9000e06003f09ffcfff7cbfd03f02dfc00f009
:10bfa00059fe10bd00400041e4f90000903d002022
:0cbfb000dcf90000c8f80000bcf800003c
:020000040000fa
:10bfbc00f0b585b004001500002809d0002a07d080
:10bfcc008368002b04d0802292016988914201d0b1
:10bfdc0005b0f0bdc42292009b58002bf8d02b79f1
:10bfec00042bf5d12800103003aa0321fcf7dafc4e
:10bffc000a266e4428001830012332000321fcf776
:10c00c00d1fc0b276f442800203001233a00032178
:10c01c00fcf7c8fc3b7832780399a668e86a009074
:0cc02c00c420800035582000a847d1e750
:020000040000fa
:10c0380070b50d0088b0202204000021684603f086
:10c048001bfb2a78101e19d06b78002b18d01f20e4
:10c0580001212b78002b15d00e005a0903409e4071
:10c0680033006e469200b658013533436e46b350de
:10c07800efe7013001789142fbd0001b08b070bd9a
:10c088002000f7e723001f2501200ae006005109d8
:10c098002a40964032006e4689007158114203d0fa
:0cc0a80001331a78002af1d1181be7e7d9
:020000040000fa
:10c0b400f7b51d4f03003c68201e0dd0002221005f
:10c0c400100001920d68ac460d699c4509d1002a07
:10c0d40005d0156110310800febd2900f2e73d606e
:10c0e400f8e79c4506d9002802d00668b44501d279
:10c0f400080001920a00002defd10028ecd00500c1
:10c1040002680169d21a1035102a05d90360eb18a8
:10c1140019611900103a1a60844202d1396028006a
:0cc12400dae7019b1961fae7303e0020c9
:020000040000fa
:10c1300070b582b0040015001e006b46d97100284e
:10c140002cd0cbb2022b2cd8ff21100003f0acf97d
:10c15000002824d0882149012000fef79dff0028f7
:10c1600021d06b4607331b78002b03d12000fef74c
:10c17000e5ff14e001236a46073203212000fcf7a3
:10c180001bfe002df2d02900200002f081fe079b4b
:10c19000069a3100200002f083fae7e7002002b09f
:0ac1a00070bd0020fbe70020f9e766
:020000040000fa
:02c1aa007047dc
:020000040000fa
:10c1ac0070b5134b0021197059609960197319748b
:10c1bc005961996119770f480f4a50630f4c94637a
:10c1cc000f4c54613f2691550e4951640e49018024
:10c1dc00012119704d240325155591550b4e5664ac
:10c1ec000b4e0682197415550a4b138070bdc04650
:10c1fc00983c0020b83c002000480041d83c00206e
:10c20c00818181810002800009040000000180000e
:08c21c0009080000020f0000f8
:020000040000fa
:10c22400f0b589b014000e9a1d000291012311008b
:10c234001940019003911a4201d1a5420ad8220063
:10c244000299019802f081fda54203d82500280037
:10c2540009b0f0bd2e1b37003200102e00d9102279
:10c26400202104a803f00afa0f2f0ed80f220198f8
:10c27400324004a902f069fd039b002be7d12200a0
:10c284000299019802f061fde1e71022019804a9e6
:08c2940002f05bfd103fe7e73b
:020000040000fa
:10c29c0010b5031e31d0d00405d53f292fd8120577
:10c2ac001bd4012016e00120120513d5402914d10e
:10c2bc0019003f31202403e04a1e99420bd0110093
:10c2cc000a78100030380928f6d9a243413a052ad9
:10c2dc00f2d9002010bd0120fce70a00083a372ae9
:10c2ec000fd80139c9b2ff2905d05a5c203a5e2a11
:10c2fc00f7d90020eee70120ece70020eae7002068
:06c30c00e8e70020e6e76f
:020000040000fa
:10c3120010b50400902911dc00207f291bdd803933
:10c32200080010290ed803f0c8f90f0f250d170dbc
:10c332000d0d1e0d0d0d0d0d0d0d2500a02903d0a7
:10c34200c02901d0002006e01968081d18600b689a
:10c3520023601a60012010bd1968081d18600b685f
:10c3620023601a80f6e71968081d18600b682360bd
:10c372001a70efe71968081d18600b6823601a60cd
:06c38200d2175a60e6e745
:020000040000fa
:10c38800f7b5040019000a9ee368676800933368ec
:10c39800100001932369013b1c00002f00da0127dc
:10c3a8000022009dea540123089d002c03dc002b89
:10c3b8001cd02000febd02000a4309d1089aba1a0f
:10c3c8005219002a04dc002df1dd019a9207eed5fe
:10c3d800099b099adb1701f099ff8c460099130015
:10c3e800013c30320a55013d6146dee710223368d0
:06c3f80093433360dde712
:020000040000fa
:10c3fe0070b582b00400019115001e0000282ad0ed
:10c40e000b000133022b29d8ff21100003f045f851
:10c41e00002821d0902109012000fef736fe0028c9
:10c42e001ed0019b013303d12000fef780fe13e0e6
:10c43e00042301aa02212000fcf7b7fc002df3d043
:10c44e002900200002f01dfd079b069a31002000f6
:10c45e0002f01ff9e8e7002002b070bd0020fbe7f4
:04c46e000020f9e7ca
:020000040000fa
:10c4740070b582b0040016001d006b46d9800028f8
:10c4840028d0ff21100003f00df8002823d0144910
:10c494002000fef7fffd00281fd06b4606331b88e3
:10c4a400002b03d12000fef747fe14e002236a4666
:10c4b400063203212000fcf77dfc002ef2d031006f
:10c4c400200002f0e3fc079b069a2900200002f0fa
:10c4d400e5f8e7e7002002b070bd0020fbe7c046a6
:04c4e4000b0e00003b
:020000040000fa
:10c4e800f0b583b004000d00431e033324d88368dd
:10c4f800002b23d08378002b22d08121280002f042
:10c5080087ff0600431e7f2b1dd8114a2300010018
:10c51800012001f059fe071e17d000962b000522b6
:10c52800032102f033fea068390001f0d5fa012397
:10c538005840c000c0b204e0022002e0022000e03f
:10c54800012003b0f0bd0220fbe70820f9e7c04650
:04c5580055f5000095
:020000040000fa
:10c55c000eb400b582b000280cd1164b1b785bb220
:10c56c00002b07d0134b5b68002b03d0124b1b78ae
:10c57c00012b03d002b008bc03b018470e4b0022ad
:10c58c001a7004ab019380210c48039a490100f006
:10c59c005bfc0200411e0a4b994207d80749002355
:10c5ac000b54044b98685b685b699847024b0122fb
:10c5bc001a70dfe7cc3d00207f3b002000000020fc
:04c5cc00fe0f00005e
:020000040000fa
:10c5d00030b587b0059105a803f016f90400144b97
:10c5e0001b78002b02d04369642b01dc07b030bdff
:10c5f000059a10490020fff7b1ff6368a2680e4951
:10c6000060690e4dac466044039020690130029091
:10c61000e0680190206800900020fff79fff084b22
:10c620005b6805a908209847014b00221a70dde7d6
:10c630003d3e00204c1100005c1100006c07000022
:04c64000f43d0020a5
:020000040000fa
:10c6440070b582b00400019115001e0000282bd0a3
:10c654000b0001330020012b27d8ff21100002f02a
:10c6640021ff002821d08021c9002000fef712fdff
:10c6740000281cd0019b013303d12000fef75cfd90
:10c6840013e0042301aa02212000fcf793fb002df0
:10c69400f3d02900200002f0f9fb079b069a310031
:10c6a400200001f0fbffe8e7002002b070bd00208d
:02c6b400fbe7a2
:020000040000fa
:10c6b60010b582b0041e6b46d9716b469a712ad0aa
:10c6c600cbb2013b0020012b26d8d3b2042219009d
:10c6d600914301d0062b1fd1e02109012000fef76e
:10c6e600d8fc00281ad001236a460732032120000d
:10c6f600fcf75ffb6b4606331b78002b03d120004b
:10c70600fef719fd08e001236a46063203212000e0
:10c71600fcf74ffbf3e7002002b010bd0020fbe75b
:020000040000fa
:10c7280070b582b0040015001e006b46d980002841
:10c7380024d08bb2002b24d007ab1b880020002b01
:10c748001dd012492000fef7a3fc00281bd00223ad
:10c758006a46063203212000fcf72afb069b3200ba
:10c768002900200001f098ff022307aa03212000d6
:10c77800fcf71efb2000fef7ddfc00e0002002b005
:10c7880070bd0020fbe70020f9e7c046020e00005c
:020000040000fa
:10c7980070b582b0040015001e006b46d9800028d1
:10c7a80024d08bb2002b24d007ab1b880020002b91
:10c7b8001dd012492000fef76bfc00281bd0022375
:10c7c8006a46063203212000fcf7f2fa069b320083
:10c7d8002900200001f060ff022307aa032120009e
:10c7e800fcf7e6fa2000fef7a5fc00e0002002b006
:10c7f80070bd0020fbe70020f9e7c046030e0000eb
:020000040000fa
:10c8080010b582b0041e00936b46d9806b465a71ee
:10c8180025d08bb2002b25d0d3b2013b0020022bb0
:10c828001ed812492000fef733fc00281cd0022332
:10c838006a46063203212000fcf7bafa01236a4649
:10c84800053203212000fcf7b3fa04236a460221cb
:10c858002000fcf7adfa2000fef76cfc00e0002099
:10c8680002b010bd0020fbe70020f9e7070e00002a
:020000040000fa
:10c8780070b50400431e033325d88368002b24d0e9
:10c888008278002a23d03c220021995482686823a8
:10c89800d35c0020002b00d070bd104a230001306b
:10c8a80001f092fc051e14d0002102f028ffa068b8
:10c8b800290001f011f900280dd0a2686823012190
:10c8c800d1540020e8e70220e6e70220e4e701204f
:10c8d800e2e70820e0e70820dee7c046c1410000a3
:020000040000fa
:10c8e800f0b585b00400039116001f00431e033302
:10c8f80023d88368002b22d083780120002b01d114
:10c9080005b0f0bd114a2300002101f05dfc051eb1
:10c9180017d00023019300960a3301220399fff7e9
:10c928008dfea068290001f0d7f800280bd0a26876
:10c93800d6239b00d7500020e2e70220e0e7022040
:10c94800dee70820dce70820dae7c04641f500000a
:020000040000fa
:10c9580010b582b0041e09d0002a07d08368002bc6
:10c9680004d0f8235b015188994201d002b010bd70
:10c978001379012bfad110321000033301aa0321d5
:10c98800fcf712f80c4b019a9a4209d1a268cf23fe
:10c998009b00d358002be9d0074920009847e5e7ca
:10c9a80002f0e2ff0328e1d902f0d8fff822034998
:10c9b8005201fff7cffdd9e7011f0000c80a0000a8
:020000040000fa
:10c9c80010b590b017494c68002a24d0022a26d105
:10c9d800002b24d01a78012a10d0022a1fd1181d42
:10c9e8003e326946fdf788fb0f49684601f018fe9c
:10c9f80000280cd069460620a04710e0181d133205
:10ca0800694601f021fa69460520a04707e0694612
:10ca18000720a04703e005490020fff79bfd10b061
:10ca280010bdc046f43d0020201100002811000070
:020000040000fa
:10ca3800f0b50c004968236887b00600a768e56868
:10ca48000593002902db02218b43059305a953684e
:10ca5800126802910821200001910097fff790fccd
:10ca6800059bdb0602d5302301382b54059b1b0799
:10ca780002d5202301382b542269059b013a121a4a
:10ca88002918009330003b00fff7c8fb7368db05eb
:0eca980003d56368984200da180007b0f0bdbd
:020000040000fa
:10caa80070b582b0040015001e006b46d9710028cd
:10cab80023d0cbb2012b04d01c2b02d00020ff2b9b
:10cac8001cd1002d1cd00020802e17d80e49200024
:10cad800fef7defa002815d001236a460732032143
:10cae8002000fcf765f933002a0005212000fcf737
:10caf8005ff92000fef71efb00e0002002b070bdc9
:0ccb08000020fbe70020f9e70105000019
:020000040000fa
:10cb140010b5002926d0002827d1154c282301223e
:10cb2400e2540b686360fa229200e26004228a569f
:10cb3400227200200021a061e161002262622021b2
:10cb440062540c481b680021984763685b689847e7
:10cb54000948c822d200002102f090fd022323706c
:10cb6400200010bd01204042fbe701204042f8e7cd
:0ccb7400c03b0020d59d00006828002078
:020000040000fa
:10cb8000d8390000f43900002c3a0000363a000091
:10cb90004a3a00003c3b0000903a0000c43a0000d2
:10cba000143c0000d63a0000043b0000163b000095
:10cbb000283b0000323c00006e3c0000ee3c0000d0
:10cbc000983c0000c83c0000de3c0000a43d000092
:10cbd000e63c0000803b0000ec3b0000c83b00004e
:0ccbe000bc3b0000d43b0000e03b000028
:020000040000fa
:10cbec0070b50400431e033320d88368002b1fd07c
:10cbfc008278002a1ed079229b5c002b1cd0114a13
:10cc0c0003000021012001f0ddfa051e16d00021e1
:10cc1c0000f0eefea068290000f05cff00280fd0a9
:10cc2c00a26879230021d154002004e0022002e004
:10cc3c00022000e0012070bd0820fce70820fae784
:08cc4c000820f8e7e1b1000047
:020000040000fa
:10cc540030b5bff35f8f62b6144bc12080001a5801
:10cc6400ff218a433f390a431a5010221a601a5886
:10cc74000f4c2240c02109040a431a5040221a6072
:10cc8400c225ad0058590b4a1040c022120202437b
:10cc94005a51802292001a60c32080001a58224000
:10cca400114319508022d2011a6030bd00e100e026
:08ccb400ffff00ffff00ffff7e
:020000040000fa
:10ccbc00f0b5c64600b58cb0144c6368984627682e
:10cccc00134e144d206a01f0f7f90a900b91e069ac
:10ccdc0001f0f2f908900991a06901f0edf90690c4
:10ccec000791237d0493206901f0e6f902900391ea
:10ccfc00e3680193a368009343463a00310028008f
:10cd0c0002f0edfb0cb080bcb846f0bd743c0020ca
:08cd1c008c140000bc2e002065
:020000040000fa
:10cd2400f0b5c64600b582b004000d0090460193ec
:10cd340017000937bf0056004644f600002820d0eb
:10cd4400ba1900208a4203d902b080bcb846f0bdab
:10cd54000021200002f092fca582e319a361e361a3
:10cd64009a19ad1b00212173414661732261ed1ba9
:10cd7400013de5821a60019b6360089ba36020006b
:06cd8400e2e70020e0e7f9
:020000040000fa
:10cd8c00f0b583b004000d001600431e033320d809
:10cd9c008368002b1fd083780120002b01d103b0b6
:10cdac00f0bd0f4a2300002101f00cfa071e14d02d
:10cdbc00042301930096043302222900fff73cfc64
:10cdcc00a068390000f086fe01235840c000c0b2b4
:10cddc00e5e70220e3e70220e1e70820dfe7c046b1
:04cdec0041f500000d
:020000040000fa
:10cdf000f64c0000844d0000164e0000964e0000d8
:10ce0000964e0000964e0000964e0000964e000092
:10ce1000964e0000964e00005e4e0000964e0000ba
:10ce2000964e0000964e0000964e0000964e000072
:10ce3000964e0000964e0000964e0000964e000062
:10ce40008a4e00008a4e00008a4e00008a4e000082
:04ce50008a4e000006
:020000040000fa
:10ce5400f0b59bb004000d00160000214c2207a879
:10ce64001f0002f00bfc01235b4202930433ff33e7
:10ce74000393002c00d101ac0023049405959d423a
:10ce840000d06b1e0693002d06da4f220120084bba
:10ce940040421a601bb0f0bd002d01d00023237066
:10cea4003a00310002a80894079402f0bffaf1e7af
:04ceb400343e0020e8
:020000040000fa
:10ceb80010b582b0041e6b46d9806b465a711ed0dd
:10cec8008bb2002b1ed0d3b20020022b18d80f49ea
:10ced8002000fef7ddf8002816d002236a46063245
:10cee80003212000fbf764ff01236a460532032172
:10cef8002000fbf75dff2000fef71cf900e0002092
:10cf080002b010bd0020fbe70020f9e7040e000086
:020000040000fa
:10cf180070b5002821d00023c356002b1fd0dcb2e7
:10cf2800a11ec9b203291cd845780f4a5b009a5a3a
:10cf3800eb070bd5033c012c04d981780330fff7ac
:10cf4800a9f970bdc0239b001a43f6e7ad07f4d5d5
:10cf58000129f2d8054b1a40efe70020f1e701203c
:10cf6800efe70020ede7c0468cf80000fffeffff6a
:020000040000fa
:10cf780070b582b004000d00431e03331fd88368c8
:10cf8800002b1ed083780120002b01d102b070bd88
:10cf98000e4a2300002101f017f9061e13d00023c2
:10cfa80000932b000a22012102f0f0f8a06831005a
:10cfb80000f092fd01235840c000c0b2e6e702200d
:10cfc800e4e70220e2e70820e0e7c04655f5000064
:020000040000fa
:10cfd80070b582b004000d00431e03331fd8836868
:10cfe800002b1ed083780120002b01d102b070bd28
:10cff8000e4a2300802101f0e7f8061e13d0002313
:10d0080000932b000a22022102f0c0f8a068310028
:10d0180000f062fd01235840c000c0b2e6e70220dc
:10d02800e4e70220e2e70820e0e7c04655f5000003
:020000040000fa
:10d0380070b50400431e03331dd88368002b1cd031
:10d048008278002a1bd07a229b5c002b19d00f4ac9
:10d0580003000021012001f0b7f8051e13d00021bc
:10d0680000f0eefca068290000f036fd01235840ce
:10d07800c000c0b204e0022002e0022000e001206b
:10d0880070bd0820fce70820fae7c04669f50000f3
:020000040000fa
:10d09800f8b50024144d154e03e037610134102c07
:10d0a80020d063001b199b00eb181b7adbb2e1b29e
:10d0b8008b42f3d133690127a7401f42eed00a49ba
:10d0c80063001b199b005b58002be6d00800630027
:10d0d80019198900411849681b199b001b58080039
:10d0e8009847dae7f8bdc0461c3900200018004010
:020000040000fa
:10d0f800031e0cd00278d2071fd5017a022902d06c
:10d10800c288fd2a1bd11a780020920700d47047e4
:10d118000d4a934215d01278d207f8d50a4a1278e8
:10d128001207f4d4084a127a8a42f0d1064ad989f9
:10d13800d3899942ebd10448e9e70020e7e70020ca
:0cd14800e5e70020e3e7c046683a00205d
:020000040000fa
:10d1540070b504000d00431e03331dd88368002bf3
:10d164001cd083780120002b00d170bd0e4a23000f
:10d17400002101f02bf8061e12d0012100f0c6fb9d
:10d18400a068310000f0aafc00280bd0a268c223da
:10d194009b00d5500020e8e70220e6e70220e4e700
:0cd1a4000820e2e70820e0e791f5000019
:020000040000fa
:10d1b00010b5134b1b78002b04d1124b01221a70af
:10d1c0000f4b1a70002815d1002916d00e4b1b7872
:10d1d0005bb2002b02d00120404210bd88680a4b90
:10d1e00098604a685a6002241c700968536898471e
:10d1f0000020f2e701204042efe701204042ece747
:0cd20000713c00207f3b0020cc3d002052
:020000040000fa
:10d20c0037b5144d04002b68002b0fd001f054ffe0
:10d21c00019001a802f04df90f230f3001999843aa
:10d22c0002f084f800280bd000232b60002c00d1d6
:10d23c0001340f230f349c4304d10c22064b1a608b
:10d24c0000203ebd2000fef72fff0028f9d0031f61
:0cd25c001c60f6e7503e0020343e00202d
:020000040000fa
:10d2680000230e4a10b513600d4a13600d4a13606f
:10d278000d4a13600d4a13600d4a5362136101335e
:10d288009360fef78efffef78cff0a4c0a4b9c4218
:10d2980000d310bd08cc9847f8e7c046383e0020b8
:10d2a800f83a0020f43a0020ec3a0020f03a002046
:0cd2b800fc3a0020bc000000c000000098
:020000040000fa
:10d2c400f0b583b004001500002809d0002a07d067
:10d2d4008668002e04d090231b0152889a4201d004
:10d2e40003b0f0bd2b79032bfad1d7239b00f3585d
:10d2f400002bf5d06b46df1d2800103001233a00c7
:10d304000221fbf753fb6b8c6a6a00217956d72004
:0ad31400800035582000a847e2e72a
:020000040000fa
:10d3200070b5134b1d78002d03d05b78002b02d015
:10d330001d00280070bd02f049fb0d4c0023237630
:10d3400002f048fba068002101f09cfe606800210b
:10d3500001f098fe01235b42a382e382220018328f
:10d360000449207a02f0f0f901236370e1e7c04636
:08d37000143d00207ff80000cd
:020000040000fa
:10d3780070b504000d00431e03331dd800291dd0cd
:10d388000668731e03331bd80100300000f0c8fd87
:10d39800002817d0a37a002b07d17a23f05c023833
:10d3a800434258414000083070bd211d0722280023
:10d3b80002f058f90020f7e70220f5e70220f3e72a
:08d3c8000d20f1e70820efe75a
:020000040000fa
:10d3d00010b5144b9b7d002b16d0124a137edbb286
:10d3e000927d52b2002a10db0e4a137edbb2927d90
:10d3f000d20701d5db070ed40a4a137edbb2927d39
:10d40000520701d55b0709d410bd5bb2002bebdae4
:10d4100000f006fae8e7fbf735ffede7fcf77af9ed
:08d42000f2e7c046001c0042c7
:020000040000fa
:10d4280070b582b006000d001c1e01d100281ed068
:10d43800002a04d101246442200002b070bd0d4bc3
:10d44800d8680023002100f05bfefa229200002336
:10d4580000f05cff010000942b0032000020fdf773
:10d4680015fc0400431ce7d000f0cdfbe4e70124e1
:08d478006442e1e7c03b002023
:020000040000fa
:10d4800010b5002a0bd001290ed002f09ffa0d4ae8
:10d4900013780133137002f09dfa002010bd0a4981
:10d4a0000020fff75bf8f8e708490020fff756f87f
:10d4b00007490020fff752f806490020fff74ef811
:10d4c000e3e7c046733c00206c0f0000880f0000ab
:08d4d000980f0000d00f0000ce
:020000040000fa
:10d4d80010b50400114902000020fff73bf80d2c9d
:10d4e80006d8a4000e4b1b599f460e4b0122da7238
:10d4f800002010bd0b4b0022da721a735a73f7e73b
:10d50800084b01221a73f3e7064b0022da72efe7a1
:10d51800044b0022da721a735a73e9e77c1300008d
:08d52800f4e70000a82e00202a
:020000040000fa
:10d53000f8b505000c00002821d0002921d042793f
:10d540001202837913434b80407a08710a0010322b
:10d5500029000a3100f0ecfb00280fd06b7a002b79
:10d560000cd021000023002709264a8a4c69a754c1
:10d570000133dbb20831aa5d9a42f6d8f8bd00202b
:06d58000fce70020fae7c1
:020000040000fa
:10d58600f0b50c004968236887b00500a768e6680f
:10d596000593002902db02218b43059305a95368f5
:10d5a600126802910a21200001910097fef7e9fe18
:10d5b6002269059b013a121a3118009328003b0094
:10d5c600fef72dfe6b68db0503d56368984200da2b
:06d5d600180007b0f0bdd3
:020000040000fa
:10d5dc0030b589b0124b1d68002d1dd004ac012351
:10d5ec005b420493059323727c3363700023a37016
:10d5fc002371637105211120684402f0f7f90123ae
:10d60c001843a071092269462000a847002805d0bc
:10d61c006b46187a09b030bdff20fbe7ff20f9e715
:04d62c00083e002094
:020000040000fa
:10d6300010b5124b08221a60114a1a6143220221c6
:10d640009954423a42315a5401315a5401315a5490
:10d6500001315a54113105205854002027395854ab
:10d6600002313224195559540a341855c2301a540b
:10d6700001301a54b032995410bdc04600440041e4
:04d68000080000019d
:020000040000fa
:10d6840010b582b002000c1e20d00120002a01d166
:10d6940002b010bd0e4bd8680023002100f032fd0b
:10d6a400fa229200002300f033fe010000230093cd
:10d6b40000220020fdf7ecfa0300206001205a1c30
:10d6c400e6d0180000f0a1fa0020e1e70120dfe72e
:04d6d400c03b002037
:020000040000fa
:10d6d80070b50d001400104b5e6810490020fef76d
:10d6e80039ff042c06d8a4000d4b1b599f4629006e
:10d6f8000120b04770bd29000420b047fae729008f
:10d708000020b047f6e729000220b047f2e72900d9
:10d718000320b047eee7c046f43d0020c00e0000ed
:04d7280030f60000d7
:020000040000fa
:10d72c0030b500281dd02823c35c0d2b1bd820231b
:10d73c00c55c202d19d80733c35c002b0ad003001d
:10d74c002133273000221c78224301338342fad143
:10d75c00002a0cd00120002906d06b1e9d41e8b296
:10d76c0002e0002000e0002030bd0020fce700209b
:02d77c00fae7ca
:020000040000fa
:10d77e00f8b504000e0017001d0000291cd0ff2173
:10d78e00100001f08afe002817d021003000fdf7ae
:10d79e007cfc002812d0002f03d13000fdf7c7fc0f
:10d7ae000be03900300001f06cfb079b069a290054
:10d7be00300000f06efff0e70020f8bd0020fce71f
:020000040000fa
:10d7d0001001000000000000110100000200000024
:10d7e00000010000800000001000000000000000a8
:10d7f0001100000002000000020000000200000012
:10d8000007000000200000000400000003000000ea
:10d810000080010001000000090000100400000069
:020000040000fa
:10d8200010b5114b5a8b0723110019401a4200d131
:10d8300010bd0e4bd9870c4b80221a76793a5a8349
:10d840001b7e5b0705d5084b04211a8d1a7e0a4200
:10d85000fbd1064b1b6a002bead0044b596a1b6aaa
:10d8600002209847e4e7c046001c0042803b0020ad
:020000040000fa
:10d87000f0b50e0087b0039015001049072204a8e8
:10d880001c0001f0f3feb368776802933668002d40
:10d8900000d104ad002c03d1280001f0b1fd04003b
:10d8a000002f02dbbc4200d93c0022002900029b71
:10d8b00003980096fef7b6fc07b0f0bd3cf0000000
:020000040000fa
:10d8c00070b5104d04002b68002b0cd0002c12da20
:10d8d0000d4a2b6812689b1a6242934208db286843
:10d8e00004192c6006e001f08ff82b68002bedd1b5
:10d8f0000120404270bd054b2a681b689b1aa34259
:10d90000eddaf5e7d83d0020e03d0020dc3d0020c9
:020000040000fa
:10d9100010b582b0041e6b46d9711bd0cbb200206b
:10d92000032b18d8802149012000fdf7b5fb002802
:10d9300013d06b4607331b78002b03d12000fdf773
:10d94000fdfb08e001236a46073203212000fbf7b4
:0ed9500033faf3e7002002b010bd0020fbe721
:020000040000fa
:10d95e0010b582b0041e6b46d9711bd0cbb200201d
:10d96e007f2b18d8842189012000fdf78efb00281b
:10d97e0013d06b4607331b78002b03d12000fdf725
:10d98e00d6fb08e001236a46073203212000fbf78d
:0ed99e000cfaf3e7002002b010bd0020fbe7fa
:020000040000fa
:10d9ac0010b582b0041e09d0002a07d08368002b62
:10d9bc0004d0802149015088884201d002b010bdaa
:10d9cc0011790129fad1c22189005b58002bf5d0bd
:10d9dc0010321000042301aa0321faf7e3ff019986
:0ed9ec00a268c2239b00d35820009847e6e7ac
:020000040000fa
:10d9fc0010b582b0041e019118d00b000133002029
:10da0c00022b14d80c492000fdf740fb002810d045
:10da1c00019b013303d12000fdf78afb07e00423af
:10da2c0001aa02212000fbf7c1f9f4e7002002b0a3
:0cda3c0010bd0020fbe7c04601120000f6
:020000040000fa
:10da480010b582b0041e019118d00b0001330020dc
:10da5800022b14d80c492000fdf71afb002810d01f
:10da6800019b013303d12000fdf764fb07e0042389
:10da780001aa02212000fbf79bf9f4e7002002b07d
:0cda880010bd0020fbe7c04601140000a8
:020000040000fa
:10da940010b50400081e1ed0002c17d02368002bdc
:10daa40014d08b4217d861680822a2564a439a18a8
:10dab400904210d2c01afdf76bff231809229a5620
:10dac40009302018ff2101f0d9fd04e0024b5b6806
:0cdad400002b00d0984710bd703d0020d2
:020000040000fa
:10dae00070b504000d00002819d0002919d00e4b84
:10daf000c35c022b07d0a0682900faf7bbfa041e0a
:10db000009d0200070bd084b0322c2548068022156
:10db100000f0e3fdefe7280000f0dcfbf1e7002474
:0cdb2000efe70024ede7c04639030000e9
:020000040000fa
:10db2c00431e03331cd88368002b1bd08278002a39
:10db3c001ad0962252009a5c002a08d09e225200db
:10db4c009a5c0020002a00d07047013000e00020d1
:10db5c0002019b182d33ff3301221a700130f3e7b9
:0cdb6c000020f1e70020efe70020ede7cb
:020000040000fa
:10db780010b5114b5b6a002b14d0834213d01a00e6
:10db88009b69002b0ed09842f9d18369002b05d0f0
:10db98008468996809199960002a08d08369936193
:10dba8000023836110bd83690022002bf0d1024b52
:0cdbb8005a6a92695a62f3e7c03b0020f1
:020000040000fa
:10dbc40070b504000e001500002818d0002918d0e4
:10dbd400202a18d82022002101f050fd2a0031000b
:10dbe400200001f041fd2023e55400212000fff72f
:10dbf4009bfd4342584143420920184070bd022016
:0adc0400fce70220fae70220f8e72f
:020000040000fa
:10dc0e0070b5040000f0d3fd00281cd0200000f0f9
:10dc1e00c8fc041e15d043780025002b0dd1836857
:10dc2e00002b01d1436883602000fdf760fc0023c8
:10dc3e002375637501336370002501f0b4f9280074
:0adc4e0070bd0125f9e70125f9e793
:020000040000fa
:10dc580010b5064c2378002b07d1054b002b02d0ba
:10dc6800044800e000bf0123237010bdf83c0020e9
:10dc78000000000000000000044b10b5002b03d08a
:10dc88000349044800e000bf10bdc0460000000082
:08dc9800fc3c0020000000002c
:020000040000fa
:10dca00010b582b0041e6b46d97116d0cbb20020dd
:10dcb000012b01d902b010bd0a492000fdf7ecf993
:10dcc00000280cd001236a46073203212000fbf70d
:10dcd00073f82000fdf732faece70020eae70020b5
:08dce000e8e7c0460113000053
:020000040000fa
:10dce800f0b5c64600b584b08046002806d0c468a2
:10dcf800002c09d100234246d360136104b080bcd4
:10dd0800b846f0bd002cf5d02300220024685e68d8
:10dd1800002ef7d01f7b03ad2f706f7098680095a9
:08dd280001234146b047ede77d
:020000040000fa
:10dd300070b500291ad0002a1ad000281ad0002461
:10dd400003260b7813708b781b02cd781d4355800a
:10dd50000b1d53604b78334004335b19c9180832ec
:10dd60000134e4b2a042ecd1012070bd0020fce7f8
:08dd70000020fae70120f8e7aa
:020000040000fa
:10dd780010b588b00f4b1c68002c17d004a80123dd
:10dd88005b4204934360037213336b4400221a808e
:10dd98005a80402343705533837109226946a0474e
:10dda800002805d06b46187a08b010bdff20fbe7a5
:08ddb800ff20f9e7083e0020fe
:020000040000fa
:10ddc000be1500001a150000a2180000d4190000aa
:10ddd0000c1a0000361a00007e1500007a170000a9
:10dde00060180000ae190000d8190000101a0000d9
:10ddf000ba150000a81700001a150000d01900007d
:08de0000081a0000321a0000ac
:020000040000fa
:10de080010b5041e1ed0002910d00622213001f0c2
:10de180029fc01222723e25400212000fff782fc7d
:10de28004342584143420920184010bd00220021b6
:10de38000300213319705a709a70da701a715a7186
:08de48000022e7e70220f0e7e9
:020000040000fa
:10de500070b588b004000d001600002816d0002010
:10de6000002914d0637822780a49e0780190a078dc
:10de7000009003a801f039fb431c0020b34206d8f0
:10de800003a9280001f07afd012000e0002008b07d
:08de900070bdc04650080000ff
:020000040000fa
:10de980010b50a4b98470a4b984700f0c3fc094b4a
:10dea800ff229343084a9360084b9847084b9847ca
:10deb800084b984701f0cafcfee7c046efb70000e0
:10dec800efb700000000000000ed00e069d200009c
:08ded800efb70000efb70000f6
:020000040000fa
:10dee000002b15d1002a13d1002906db01dc002804
:10def00006d00020c043410802e08021090600202e
:10df000007b4024801a14018029003bdfd1a0000a9
:10df100003b4684601b5029800f022fe019b9e46bc
:08df200002b00cbc7047c046c2
:020000040000fa
:10df280010b5002817d0002917d00300ac33994248
:10df380015d0103304002d34ff34a34205d01a0045
:10df4800103299420dd01300f7e79c30081a43426b
:10df58005841c0b210bd0020fce70020fae70120bc
:06df6800f8e70120f6e7d6
:020000040000fa
:10df700010b582b0041e6b46d98014d08bb200203d
:10df8000002b11d00a492000fdf786f800280dd09b
:10df900002236a46063203212000faf70dff200013
:10dfa000fdf7ccf800e0002002b010bd0020fbe738
:04dfb000090e000056
:020000040000fa
:10dfb40070b5051e15d00d4b1b68834212d00c4b57
:10dfc4005b68002b0dd06c68002c06d0084e200036
:10dfd400e46973689847002cf9d1054b5b68280005
:10dfe400984770bd014b00221a60e8e7103e0020fc
:04dff400703d00205c
:020000040000fa
:10dff800f0b5c64600b505000f001600002814d07d
:10e008008368002b11d0002a0fd0094c3c23984676
:10e01800a04402e00434444507d02368002bf9d01b
:10e028003200390028009847f4e780bcb846f0bdb4
:04e0380084e400007c
:020000040000fa
:10e03c00030010b51a78202a0ad0110009390429d6
:10e04c0006d92b2a06d000212d2a05d1012102e068
:10e05c000133efe70021013300200a2402e0604382
:10e06c000133801a1a78303a092af8d9002900d1dc
:04e07c00404210bd51
:020000040000fa
:10e0800030b401256d054c00e54215d85c00e54231
:10e0900012d80c001c436400044314430fd005d273
:10e0a00082428b418041013030bc7047904299419f
:10e0b0008041013030bc7047002030bc70470120e7
:04e0c00030bc7047b9
:020000040000fa
:10e0c40041008c46012212068a420bd809093823e2
:10e0d4001b06c918c30fdb07194340076346da421e
:10e0e40004d27047c10fc9070020704703d13823f9
:10e0f4001b06c918704738231b06c9180122d2040d
:04e10400114370470c
:020000040000fa
:10e10800f7b5040c0d0091b20f0061438c46060070
:10e11800019383b2100c5f43444358433b0c604463
:10e128001b18994202d98021490264180199554364
:10e138007143180c04191b04bfb24919d8190919dd
:04e1480003b0f0bd73
:020000040000fa
:10e14c0070b505000c001600002916d0ff21100038
:10e15c0001f0a4f9002811d029002000fcf796ff4b
:10e16c0000280cd0002e03d12000fcf7e1ff05e0c5
:10e17c003100200000f086fef6e7002070bd002084
:02e18c00fce7ae
:020000040000fa
:10e18e0010b582b0041e6b46d97115d0cbb20020eb
:10e19e00032b12d8f02149012000fcf776ff00284e
:10e1ae000dd001236a46073203212000faf7fdfd48
:10e1be002000fcf7bcff00e0002002b010bd0020e4
:02e1ce00fbe76d
:020000040000fa
:10e1d000f0b5c64600b582b0060090461f00c501e6
:10e1e0006d182800fff712f8041e10d00097434660
:10e1f00032002900fef796fd051e04d0280002b06b
:10e2000080bcb846f0bd200000f064f8f6e70025b9
:02e21000f4e731
:020000040000fa
:10e2120010b5040000f0d1fa002817d0200000f059
:10e22200c6f9041e10d04378002b08d100232375b1
:10e2320063752370002400f0bcfe200010bdfff7c0
:10e242009afc00236370f1e70124f4e70124f4e768
:020000040000fa
:10e2520070b5040000f0b1fa002817d0200000f0d9
:10e26200a6f9041e10d043780025002b03d100f03c
:10e27200a0fe280070bdfff77efc002323756375a6
:10e2820063706368a360f2e70125f0e70125f0e718
:020000040000fa
:10e294001a7700002a7700003e77000058770000c4
:10e2a4002877000074770000887700009c770000ce
:10e2b400b8770000c8770000e4770000f477000026
:10e2c40004780000107800002c78000046780000e4
:020000040000fa
:10e2d40030b5002817d002000c4c103a21680029f0
:10e2e40012d015680b684019814206d109691033b0
:10e2f4005b1911611360226005e01033c818824273
:10e3040002d1ed180d6030bd1161f4e7303e0020fc
:020000040000fa
:10e31400002b11d1002a0fd1002900d1002802d0ee
:10e324000021c943080007b4024802a14018029022
:10e3340003bdc046d116000003b4684601b5029877
:10e34400fbf758fa019b9e4602b00cbc7047c046ce
:020000040000fa
:10e3540030b401256d054c00e54215d85c00e5425a
:10e3640012d80c001c436400044314430cd005d29f
:10e3740082428b418041404230bc70479042994177
:0ee384008041404230bc7047002030bc7047e2
:020000040000fa
:10e3920030b401256d054c00e54215d85c00e5421c
:10e3a20012d80c001c436400044314430cd005d261
:10e3b200904299418041404230bc704782428b4139
:0ee3c2008041404230bc7047002030bc7047a4
:020000040000fa
:10e3d00010b5011e03d00a4b1b78002b00d010bdd6
:10e3e000084c1022200001f041f9074b0122524253
:10e3f0001a60043c0023637001332370efe7c046ca
:0ce40000143d0020183d0020003e0020cc
:020000040000fa
:10e40c0070b505000c4b1b78002b11d1002811d0d6
:10e41c00094c8c220021200001f02cf92b68636040
:10e42c006b68a36002236370013b2370200070bdf6
:0ce43c000148fce70020fae7dc39002072
:020000040000fa
:10e4480070b5041e02d00378db0700d470bdc16d1f
:10e4580080254059fff71afb216f6059fff716fb1b
:10e46800a16d6059fff712fbe16e6059fff70efbd3
:0ce4780084220021200001f0fff8e7e7fb
:020000040000fa
:10e4840011840000615e0000619b0000add90000b2
:10e49400d563000095350000d1790000b18e0000ed
:10e4a400c5d20000c1a7000051a60000a190000041
:0ce4b40085aa000059c90000bdbf00008f
:020000040000fa
:10e4c00070b50c4b3f229e5cf6b2985440241a5d06
:10e4d0000225aa431a551d0002222b5d1342fcd1ce
:10e4e0000001054bc01889b20180024a3f23d6546f
:0ce4f000012070bd00480041b83c002035
:020000040000fa
:10e4fc000b4b00221a621a779a60da60094b882259
:10e50c0092025a601a00d369002bfcd1054b1722da
:10e51c001a73054a1a601a00d369002bfcd1704794
:0ce52c00f03b0020000800420e00300010
:020000040000fa
:10e5380010b50c4b002203e001324c330a2a0ed0ee
:10e548001c79002cf8d019688142f5d14c20504331
:10e55800054bc0184c22002101f08ef800e0002481
:0ce56800200010bd2836002024360020c2
:020000040000fa
:10e5740010b50400080011000a4b00221a600023a1
:10e584000200200001f0a2f803b20020013300d001
:10e5940010bd044b1b6804492200fdf7ddff012078
:0ce5a4004042f5e7343e0020640e000009
:020000040000fa
:10e5b0000300421e033212d80204120c312a10d872
:10e5c000094950010918c9690020994208d1064b30
:10e5d0005101cb5c002b03d00348081800e0002059
:0ce5e00070470020fce7c04668280020bf
:020000040000fa
:10e5ec0010b582b000280fd00a280fd00f2810d0f9
:10e5fc00094c009013000a0021000020fdf7a8ff31
:10e60c000120404202b010bd0020fbe70420404234
:0ce61c00f8e704204042f5e788110000f8
:020000040000fa
:10e6280030b50d78002d09d00378002b05d09d4218
:10e6380005d001300378002bf9d1002030bd4a788d
:10e64800002afbd0012303e00133ca5c002af5d07d
:0ce65800c45c9442f8d00130ece7c046ee
:020000040000fa
:10e664001c2101231b04984201d3000c10391b0afe
:10e67400984201d3000a08391b09984201d30009c2
:10e68400043902a2105c40187047c0460403020219
:0ce6940001010101000000000000000076
:020000040000fa
:10e6a00070b582b005000c0001921e000120002907
:10e6b0000ad0080000f05cfe002807d0042301aa5d
:10e6c00021002800faf778fb02b070bd019a3300f0
:0ae6d00021002800faf770fbf6e7be
:020000040000fa
:10e6da0070b504000d00002812d00678002e10d064
:10e6ea008b1e012b0fd84378032b01d0032901d0ad
:10e6fa00657006e0c1680029fad0faf722fff7e749
:0ae70a000026300070bd0026fbe77a
:020000040000fa
:10e7140010b5030008001100002b0fd1094b5b79e1
:10e72400012b02d00120404207e0064c0023637114
:10e7340023681b6898470123637110bd0120404280
:08e74400fbe7c046e43d0020a4
:020000040000fa
:10e74c0010b5030008001100002b0fd1094b5b79a9
:10e75c00012b02d00120404207e0064c00236371dc
:10e76c002368db6898470123637110bd0120404288
:08e77c00fbe7c046e43d00206c
:020000040000fa
:10e784005035000074340000503500008031000022
:10e794000c3200002432000050350000c833000061
:10e7a4001e3500002e3500003e350000f233000017
:08e7b400083400001c340000d1
:020000040000fa
:10e7bc0010b50c4b20229b5c0120002b05d1094b82
:10e7cc0008329b5c0020012b00d010bd054c273378
:10e7dc000022e25463689b6998472123e05401208e
:08e7ec00f3e7c046c03b00202a
:020000040000fa
:10e7f400f2d40000fcd4000010d50000f8d40000ce
:10e80400f8d4000008d50000f8d40000f8d40000c3
:10e81400f8d40000f8d40000f8d40000f8d40000c4
:08e82400f8d4000018d5000033
:020000040000fa
:10e82c0010b50b480168002905d14368002b02d1b3
:10e83c00fdf7c3fa10bd04008368064a9bb20c3482
:10e84c009b009b5842682000984780002018e9e7fd
:08e85c00b84e000058f6000060
:020000040000fa
:10e86400431e033316d88368002b13d04a1e012a93
:10e8740010d88278002a0dd001390a019a182d3255
:10e88400ff321278002a05d009015b182d33ff33bb
:06e8940000221a7070471b
:020000040000fa
:10e89a0010b50400812906dc00207f2912dd1368e7
:10e8aa000721073305e0002083290bd113687c393f
:10e8ba0007338b4319000120083111601a685b681d
:06e8ca002260636010bd36
:020000040000fa
:10e8d00070b50c00002811d1094b1b785bb2002bde
:10e8e0000cd0074b5d68002d08d0080000f088fdb3
:10e8f0000200034b98686b692100984770bdc046c1
:04e90000cc3d0020ea
:020000040000fa
:10e9040010b586b01000002901d006b010bd084b28
:10e914001c68002301930293039304930593142228
:10e9240001a9fff793fa01a90020a047ede7c0462b
:04e93400203e002061
:020000040000fa
:10e9380010b50b484468012903d000210d20a047d9
:10e9480010bd012af9d1002bf7d0029b002bf4d07f
:10e958001b78002bf1d000210920a047f0e7c04622
:04e96800f43d00205a
:020000040000fa
:10e96c0070b500250c000a0000682900f7f762fb5f
:10e97c00a84205da4f222c00044b1a60200070bd0f
:10e98c00034b25626562a362f8e7c046343e002063
:04e99c0020f0000067
:020000040000fa
:10e9a0000200002070b50a4b4400e55c002d02d146
:10e9b0001b19587870bd116801300e78c0b2ae4294
:10e9c00003d11b190131587811600a28ebd9f1e7fe
:04e9d00000f500004e
:020000040000fa
:10e9d400f4464a1805d200f009f901d5c0174008d9
:10e9e400604701235b05d34206d200f0fff801d54e
:10e9f4000120c0074042604701d10042f5d0d01742
:04ea0400400870470f
:020000040000fa
:10ea0800074a1368002b01d1064b1360064b19689f
:10ea1800002901d105491960054b12681a60704731
:10ea2800e03d0020583e0020dc3d0020585e0020dc
:04ea3800d83d0020a5
:020000040000fa
:10ea3c0070b5041e13d00078002811d025002035a5
:10ea4c0000232e68002e05d001330835052bf8d194
:10ea5c00002005e0db00e4182162626200e0002087
:02ea6c0070bd7b
:020000040000fa
:10ea700010b500280fd1094b5b79012b02d0012082
:10ea8000404207e0054c0023637123681b699847e7
:10ea90000123637110bd01204042fbe7e43d0020eb
:020000040000fa
:10eaa00010b500280fd1094b5b79012b02d0012052
:10eab000404207e0054c0023637123685b69984777
:10eac0000123637110bd01204042fbe7e43d0020bb
:020000040000fa
:10ead00010b500280fd1094b5b79012b02d0012022
:10eae000404207e0054c0023637123689b68984708
:10eaf0000123637110bd01204042fbe7e43d00208b
:020000040000fa
:10eb000010b500280fd1094b5b79012b02d00120f1
:10eb1000404207e0054c0023637123685b68984717
:10eb20000123637110bd01204042fbe7e43d00205a
:020000040000fa
:10eb300010b588420ad98b18984207d2002a04d00f
:10eb4000013a8b5c8354013afbd210bd0023002aaa
:10eb5000fbd0cc5cc45401339a42fad1f5e7c046ed
:020000040000fa
:10eb6000f7b517001e0004000d00f9f7e7fc0200de
:10eb70000b000090019138003100fff7c5fa241a0c
:10eb80008d41089b009801991c605d6003b0f0bd49
:020000040000fa
:10eb9000f0b583b00191130000280ed08568c72618
:10eba000b600a95dc8229200ac580027af50826819
:0eebb0009755002c01d0019aa04703b0f0bd8c
:020000040000fa
:10ebbe0070b4012676054c005d00e6420cd8ee429c
:10ebce000ad825430543154303d0994204d19042f8
:0eebde0002d1012070bc7047002070bc70474f
:020000040000fa
:10ebec004a0010d2520d03231b02ff33d21a0ad44f
:10ebfc0052421f3209d4400dc90208430123db07de
:0eec0c001843d040704700207047d017704763
:020000040000fa
:10ec1a00002811d0030021330021002219705a70f4
:10ec2a009a70da701a715a712723c154073bc1547a
:0cec3a000833c154002070470220fce7a2
:020000040000fa
:10ec4800c2900000c29000001e9100001e910000ba
:10ec58001e910000209100007e9100007a91000032
:0cec68007a910000769100007e9100007f
:020000040000fa
:10ec740030b5094b44002418a4001b191b7adbb2dd
:10ec8400834200d030bd044b44002518ad00e95048
:0cec94005b195a60f6e7c0461c390020ee
:020000040000fa
:10eca00010b500f01efd074b07221a611b69db033c
:10ecb00005d5054a51688023db040b43536000f0ff
:0cecc0007bfc10bd00e000e000ed00e077
:020000040000fa
:10eccc000003000089f3000015e7000001eb0000d1
:10ecdc00d1ea00004de7000071ea0000a1ea000053
:0cecec009f8800001df60000fdf90000ec
:020000040000fa
:10ecf800074b01221a7001325a70064a5a80064a96
:10ed08005a6000221a7304325a73053a9a6070479f
:0ced1800a03d00207017000080140000d7
:020000040000fa
:10ed240070b50500fff748fd041e0ad02800fff760
:10ed34003dfc002807d0047de4b20023037500f0f5
:0aed440037f9200070bd0024f9e744
:020000040000fa
:10ed4e0070b505690400954200d91500002d0bd051
:10ed5e002a00606900f083fc22696369521b2261fc
:0aed6e0000225b1963611a7070bd8a
:020000040000fa
:10ed780010b5084b1b78002b00d110bd00f022fe07
:10ed8800044c237e0133237600f020fe00236370b9
:08ed98002370f2e7143d002096
:020000040000fa
:10eda00070b50c001300002809d0054a1568002d25
:10edb00005d040004108034a10682200a84770bdf2
:08edc000183e0020143e002063
:020000040000fa
:10edc800602d0000c82d0000ea2d0000ea2d00008b
:10edd800242d00001e2e00001e2e00000e2f000005
:08ede800242d00000c2e000098
:020000040000fa
:10edf00010b500280cd00d290cd82823c1540021af
:10ee0000fef794fc4342584143420920184010bd8c
:08ee10000220fce70220fae7f2
:020000040000fa
:10ee1800431e03330ad88368002b09d08278002a5e
:10ee280008d0d22292009950002070470220fce7b7
:08ee38000220fae70120f8e7cf
:020000040000fa
:10ee400010b50200431e03330ad88368002b09d093
:10ee5000986800f001fa01235840c000c0b210bd0c
:08ee60000220fce70220fae7a2
:020000040000fa
:10ee680010b5074b5868074a12699a6801329a60c8
:10ee78001b68002b02d0024b1b68984710bdc04688
:08ee8800c03d002000e000e0a5
:020000040000fa
:10ee900000b583b00191090c012906d9042301aa08
:10eea0000421f9f789ff03b000bd042301aa03215f
:06eeb000f9f782fff7e70d
:020000040000fa
:10eeb600431e033309d88368002b06d00278002a44
:10eec60003d001228256022a00d0704791215a5c53
:06eed60001325a54f9e775
:020000040000fa
:10eedc0010b5074b1b780020db0700d510bd04488c
:10eeec0084220021040000f0c5fb2000f6e7c04698
:04eefc00683a002050
:020000040000fa
:10ef0000431e033309d80378002b03d00123c356d3
:10ef1000002b05d0407840b2704701204042fbe70b
:04ef20000120f9e7ec
:020000040000fa
:10ef240010b5041e09d01422002100f0a7fb044be5
:10ef3400636002232372002010bd0220fce7c04658
:04ef44001027000092
:020000040000fa
:10ef4800054a002313619361044951610621116147
:10ef5800034a93601360704700e000e07fbb000045
:04ef6800c03d002088
:020000040000fa
:10ef6c0070b50c001600c5b2280000f0effb044b86
:10ef7c0018402100314301432800fff79bfa70bd74
:04ef8c00fff3ffff91
:020000040000fa
:10ef9000623e00002e4000005a400000c8400000c1
:10efa00084410000984100003e3e0000fc4000000b
:04efb000ac41000070
:020000040000fa
:10efb40010b5074c2123e05c63685b699847202304
:10efc400e35c002b03d1024b28220121995410bd8c
:04efd400c03b00201e
:020000040000fa
:10efd8005359535f57494e43535f574946495f67f3
:10efe8006574526567446f6d61696e43616c6c62ec
:04eff80061636b00e6
:020000040000fa
:10effc00054b00221a70054a5a60054a9a60032292
:10f00c001a73023a5a737047b03d0020681400001e
:04f01c00701400006c
:020000040000fa
:10f02000474d5400286e696c29002500494e460062
:10f03000696e66004e414e006e616e00286e756c02
:03f040006c290038
:020000040000fa
:10f04400002809d00088042808d0063843425841d3
:10f0540043421c20184070470020fce71020fae7c8
:020000040000fa
:10f0640010b5041e07d01422002100f007fb034b47
:10f07400e360002010bd0220fce7c046805101007f
:020000040000fa
:10f0840070b50c00c5b2280000f064fb034b1840b7
:10f09400210001432800fff711fa70bdfffcffffb8
:020000040000fa
:10f0a40070b50c008568280000f0a8f9c2b20348c6
:10f0b40023002900fcf7c6fe70bdc0463c3b00207f
:020000040000fa
:10f0c40010b5054c2368002b01d1fff79bfc034bc3
:10f0d40018682368c01a10bdd83d0020dc3d00200c
:020000040000fa
:10f0e4000300000e1a0610431a0aff2109020a40ff
:0ef0f40010431b02ff22120413401843704702
:020000040000fa
:10f1020010b5002a09d004780b789c4201d0e01a8d
:0ef1120010bd013a01300131f3e71000f8e7bb
:020000040000fa
:10f12000002310b5934206d103201840421e90419f
:0ef130009b08c01810bdc45ccc540133f2e73c
:020000040000fa
:10f1400010b50200ccb204492000fff793fd200067
:0cf1500000f00afb10bdc046b7ee000046
:020000040000fa
:10f15c0030b583b0c024069d0195009313000a00be
:0cf16c000100a000fef705fb03b030bd61
:020000040000fa
:10f1780030b583b0a024069d0195009313000a00c2
:0cf188000100e000fef7f7fa03b030bd14
:020000040000fa
:10f1940030b583b0d024069d0195009313000a0076
:0cf1a40001002001fef7e9fa03b030bdc5
:020000040000fa
:10f1b00030b583b09024069d0195009313000a009a
:0cf1c00001006001fef7dbfa03b030bd77
:020000040000fa
:10f1cc0030b583b09824069d0195009313000a0076
:0cf1dc0001006001fef7cdfa03b030bd69
:020000040000fa
:10f1e80030b583b0a024069d0195009313000a0052
:0cf1f80001006001fef7bffa03b030bd5b
:020000040000fa
:10f2040030b583b0e024069d0195009313000a00f5
:0cf2140001006001fef7b1fa03b030bd4c
:020000040000fa
:10f2200030b583b0e824069d0195009313000a00d1
:0cf2300001006001fef7a3fa03b030bd3e
:020000040000fa
:10f23c003a6e0000646f00004e6e0000666e0000b7
:0cf24c00766e0000e46e0000346e0000de
:020000040000fa
:10f25800002805d0034b1960034b1a600120704742
:0cf268000020fce7183e0020143e0020af
:020000040000fa
:10f2740010b5041e08d001304222002100f0fef92e
:0cf28400ff232370002010bd0220fce7d7
:020000040000fa
:10f29000054a9368d068834201d3181a7047024a1e
:0cf2a0001269d318181af9e7803b00200f
:020000040000fa
:10f2ac00054bd86a9b6a984201d8181a7047024ad3
:0cf2bc00126bd318181af9e7803b0020f1
:020000040000fa
:10f2c800b1f80000f5f5000089f70000c5f9000065
:0cf2d800a5f8000047f8000009f600004f
:020000040000fa
:10f2e4004ca000007aa0000086a0000076a00000d8
:0cf2f40076a00000a4a00000baa000005a
:020000040000fa
:10f30000044b4a681a60044b0a895a8002221a7018
:0cf3100000207047243e0020283e002012
:020000040000fa
:10f31c00c9b2002a08d0821802e00130824203d020
:0cf32c0003788b42f9d170470020fce709
:020000040000fa
:10f3380003000020044a10b51468844203d1136006
:0cf3480018611960013010bd303e00203b
:020000040000fa
:10f354005359535f57494e43535f4e45545f536f60
:0af36400636b5372764374726c0001
:020000040000fa
:10f370000c2804d8034bc3400120184070470020dc
:08f38000fce7c0461e1400006a
:020000040000fa
:10f38800002805d1034b01225a71096819601a71c6
:08f398007047c046e43d00206f
:020000040000fa
:10f3a00070b50500fff7befc041e01d1200070bd42
:08f3b0002800fef72efff9e72b
:020000040000fa
:10f3b800c9b60000adf20000cdf50000b58a000026
:08f3c800bbf90000e1f50000b3
:020000040000fa
:10f3d00010b5044b1868f3f757fafaf72dfef8f753
:08f3e00093f910bd903d0020df
:020000040000fa
:10f3e80010b5044c20606160a260e360029b236159
:08f3f80010bdc046743c00206a
:020000040000fa
:10f400000378002b06d003005a780133002afbd181
:08f41000181a70470020fce708
:020000040000fa
:10f4180070b50a000c0000210500fff77bff0028eb
:08f4280000d0441b200070bd60
:020000040000fa
:10f4300013b50400019201aaf5f74efa6368db06e2
:08f4400001d50120404216bd78
:020000040000fa
:10f44800d0400b00d1409c46203ad340184352424a
:08f4580063469340184370471e
:020000040000fa
:10f460009140030090409c46203a934019435242f9
:08f470006346d34019437047c5
:020000040000fa
:10f4780010b5002903d1fff7f1f8203002e00800a9
:08f48800fff7ecf810bdc046cf
:020000040000fa
:10f490005359535f57494e43535f574946495f534a
:07f4a00072764374726c00e8
:020000040000fa
:10f4a800030c03d181425b41d8b2704700209942d6
:06f4b8004041c0b2f9e77b
:020000040000fa
:10f4be00006810b5002801da002010bdfef7f9f93a
:06f4ce00431cfad1f8e72f
:020000040000fa
:10f4d4000cb407b504ab04cb0193fdf7b9fc03b03e
:06f4e40008bc02b018474d
:020000040000fa
:10f4ea000eb403b503aa02ca019200f0d8f802b01a
:06f4fa0008bc03b0184736
:020000040000fa
:10f5000068076c094c836a9074a07ac00080688890
:06f5100000846c82008102
:020000040000fa
:10f51800034b1b6a1b0e0122534001201840704701
:04f52800004400415a
:020000040000fa
:10f52c0010b5002801d0012b00d010bd1000fef743
:04f53c00cbfefae721
:020000040000fa
:10f5400010b5002801d0012b00d010bd1000fef72f
:04f55000c1fefae717
:020000040000fa
:10f5540010b5002801d0012b00d010bd1000fef71b
:04f56400b7fefae70d
:020000040000fa
:10f5680010b5002801d0012b00d010bd1000fef707
:04f57800adfefae703
:020000040000fa
:10f57c00925e0000065f0000c65f00005c5f00004a
:04f58c00f45f000028
:020000040000fa
:10f5900010b5002801d0012b00d010bd1000fef7df
:04f5a00099fefae7ef
:020000040000fa
:10f5a400ee8b0000228c0000408c00005e8c00007a
:04f5b4007c8c00004b
:020000040000fa
:10f5b800002803d0bff35f8f62b6704772b6bff3ff
:04f5c8005f8ffae770
:020000040000fa
:10f5cc0010b5034b1c6bfff76bfe013c201a10bdf2
:04f5dc00803b002050
:020000040000fa
:10f5e00010b5034b1c69fff753fe013c201a10bdf8
:04f5f000803b00203c
:020000040000fa
:10f5f400034b00229a611a6901210a431a61704778
:04f6040000e000e042
:020000040000fa
:10f60800034b186905221a618007c00f7047c0466e
:04f6180000e000e02e
:020000040000fa
:10f61c00002802d1024b187970470320fce7c04642
:04f62c00e43d002099
:020000040000fa
:10f63000f6d60000fed6000006d700000ed7000068
:04f6400016d70000d9
:020000040000fa
:10f6440000bb0000eaba0000baba0000f6ba000033
:04f654000abb0000ed
:020000040000fa
:10f65800f5f6000021f1000005fa000005fa0000a7
:04f6680005fa00009f
:020000040000fa
:10f66c0010b5002a05d00023cc5cc454013393425e
:04f67c00fad110bdf2
:020000040000fa
:10f68000002a06d00300c9b2121819700133934240
:04f69000fbd17047f3
:020000040000fa
:10f6940003000a7818001a7001310133002af8d1e6
:04f6a4007047c046a5
:020000040000fa
:10f6a80010b513000a000249fdf7d0fb10bdc04693
:04f6b800ffffff7fd2
:020000040000fa
:10f6bc0002b4714649084900095c49008e4402bcf9
:04f6cc007047c0467d
:020000040000fa
:10f6d00010b582b0002401940094f7f7ebfd02b05e
:02f6e00010bd5b
:020000040000fa
:10f6e200eff3108072b6bff35f8f43425841c0b24e
:02f6f20070475f
:020000040000fa
:10f6f4008a18914201d10020704700230b70013118
:02f70400f7e725
:020000040000fa
:10f7060010b50a00d02301005801fef71cfd10bdfc
:020000040000fa
:10f7180000000000000000000000000000000000e1
:020000040000fa
:10f7280010b5002803d04368002b00d0984710bdbf
:020000040000fa
:10f73800002803d000230370002070470220fce754
:020000040000fa
:10f74800024b00011818416082607047983c002005
:020000040000fa
:10f758000001024bc018008880b27047b83c0020f6
:020000040000fa
:10f7680001238340014ad3607047c0460018004017
:020000040000fa
:10f7780001238340014a93607047c0460018004047
:020000040000fa
:10f78800024a136901218b431361704700e000e0ce
:020000040000fa
:10f79800000000000100000028080042280800427c
:020000040000fa
:10f7a80010b5024b1868fef750fd10bd5c3d0020f7
:020000040000fa
:10f7b80010b5024b5868fef726fa10bd5c3d0020d4
:020000040000fa
:10f7c80010b5024b5868fef740fd10bd5c3d0020a7
:020000040000fa
:10f7d80010b5024b9868fef738fd10bd5c3d00205f
:020000040000fa
:10f7e80010b5024bd868fef730fd10bd5c3d002017
:020000040000fa
:10f7f800024b00221a70013a5a607047a82e002066
:020000040000fa
:10f8080010b50249fff7aef810bdc0461c3c0020f9
:020000040000fa
:10f8180010b5f7f7e3fb029a039bf6f7f3fc10bd6c
:020000040000fa
:10f82800f0b40125ed076b40004c2047136200003f
:020000040000fa
:0ef8380010b5002800d110bdfef748fdfbe71b
:020000040000fa
:0ef8460010b5002800d110bdfff727fafbe730
:020000040000fa
:0ef8540010b50020fcf772fbfff7b8fdfce7d3
:020000040000fa
:0ef862000300413b192b01d8202318437047a7
:020000040000fa
:0ef870000300613b192b01d85f23184070473d
:020000040000fa
:0cf87e00002902d00b7801330b7070479a
:020000040000fa
:0cf88c0000000000f1096109611961131e
:020000040000fa
:0cf89800014b82225a6070470040004182
:020000040000fa
:0cf8a4000138014b5861704700e000e0a3
:020000040000fa
:0cf8b000014b186059607047c03d0020fb
:020000040000fa
:0cf8bc0000fa0000ccec0000000000008e
:020000040000fa
:0cf8c80000000000040000000000000030
:020000040000fa
:0cf8d400014b00221a7070473c3e0020df
:020000040000fa
:0cf8e000014b01221a7470475c3d0020af
:020000040000fa
:0cf8ec00014b01225a7470475c3d002063
:020000040000fa
:0cf8f800014b01229a7470475c3d002017
:020000040000fa
:0cf90400014b0122da7470475c3d0020ca
:020000040000fa
:0cf91000014b587cc0b270475c3d0020e9
:020000040000fa
:0cf91c00014b58747047c0465c3d002051
:020000040000fa
:0cf92800014b58727047c046a82e00200a
:020000040000fa
:0cf93400014b987ac0b27047a82e00204a
:020000040000fa
:0cf94000014b98727047c046a82e0020b2
:020000040000fa
:0cf94c00014b187599617047743c002055
:020000040000fa
:0cf95800014bd86119627047743c00201c
:020000040000fa
:0cf96400014b58887047c046283e002028
:020000040000fa
:0cf97000014b18687047c046243e002080
:020000040000fa
:0cf97c0010b50400fff788fe200010bd4d
:020000040000fa
:0cf988001f1e1f1e1f1f1e1f1e1f1f1d05
:020000040000fa
:0af9940010b5c0b2fff7eefe10bd83
:020000040000fa
:0af9a00000ff02030405ffffffff54
:020000040000fa
:08f9aa0010b5fdf72efc10bda5
:020000040000fa
:08f9b20010b5fef78efc10bd3c
:020000040000fa
:08f9ba0010b5fff768fc10bd59
:020000040000fa
:08f9c40000487047006cdc02f2
:020000040000fa
:08f9cc0010b5fff788fe10bd25
:020000040000fa
:08f9d40010b5fff7effd10bdb7
:020000040000fa
:08f9dc00c8f20000ff0000006a
:020000040000fa
:08f9e40098f700000c00000080
:020000040000fa
:06f9ec0040ba80b2704732
:020000040000fa
:06f9f20040ba80b270472c
:020000040000fa
:04f9f8000020704734
:020000040000fa
:04f9fc00012070472f
:020000040000fa
:04fa0000b8f3000057
:020000040000fa
:04fa04000020704727
:020000040000fa
:04fa08007047c0463d
:020000040000fa
:0200000400807a
:0440000077c700d8a6
:020000040000fa
:0200000400807a
:044004005c00ffff5e
:00000001FF
