:020000040000fa
:10000000f87f0020c9ea00005fa90000a7bf000038
:1000100000000000000000000000000000000000e0
:10002000000000000000000000000000eba2000043
:100030000000000000000000eba2000031fb000007
:10004000eba20000eba20000eba2000069f90000a7
:100050001dda0000eba2000085c70000eba2000043
:10006000eba20000f1810000eba20000eba2000077
:10007000eba20000eba2000075de0000eba2000086
:10008000eba20000eba20000eba20000eba200003c
:10009000eba200000000000000000000eba2000046
:1000a000eba20000eba20000eba20000eba200001c
:020000040000fa
:1000b000f8b5c046f8bc08bc9e46704769e8000029
:1000c000f8b5c046f8bc08bc9e46704741e8000041
:020000040000fa
:1000d000dc89000001000000a49e00000100000077
:020000040000fa
:1000e0001b5b33313b316d6572726f723a20696e02
:1000f00076616c69642073656e64207265717565e4
:1001000073742073746174652068616e646c650a31
:100110001b5b306d000000001b5b33313b316d65b4
:1001200072726f723a2073656e64207265717565c4
:100130007374207374617465206661696c7572658f
:100140000a1b5b306d0000001b5b33313b316d657a
:1001500072726f723a20746f6f206d616e792063d6
:100160006f6d6d616e64730a1b5b306d0000000083
:100170001b5b33313b316d6572726f723a20736570
:100180006e64207265717565737420737461746533
:10019000206661696c7572652c20706f737369627b
:1001a0006c65206e6f2073706163650a1b5b306d38
:1001b000000000001b5b33313b316d6572726f7262
:1001c0002c2063736120434d44353320777269746a
:1001d00065206661696c65642c2073746174757345
:1001e0003d3078253034780a1b5b306d000000000c
:1001f0001b5b33313b316d6572726f722c206c6505
:100200006e67746820434d44353320777269746596
:10021000206661696c65642c207374617475733d2c
:100220003078253034780a1b5b306d001b5b33312e
:100230003b316d6572726f722c206d6573736167ef
:100240006520434d443533207772697465206661bb
:10025000696c65642c207374617475733d30782506
:100260003034780a1b5b306d000000001b5b3331bb
:100270003b316d6572726f722c20696e746572729b
:1002800075707420636865636b206661696c656472
:100290002c207374617475733d253032780a1b5bb2
:1002a000306d00001b5b33313b316d6572726f72d4
:1002b0002c206d65737361676520434d4435332091
:1002c00072656164206661696c65642c2073746179
:1002d0007475733d3078253034780a1b5b306d00bf
:1002e0001b5b33313b316d6572726f722c206e6f08
:1002f0002061636b20746f206d6573736167650a9d
:100300001b5b306d000000001b5b33313b316d65c2
:1003100072726f722c20756e6b6e6f776e206576c1
:10032000656e7420747970650a1b5b306d00000087
:100330001b5b33313b316d6572726f722c20696ebd
:100340007465727275707420636c656172202830f8
:10035000782530327829206661696c65642c2073b9
:1003600074617475733d253032780a1b5b306d0003
:100370001b5b33313b316d6572726f722c20756e71
:1003800068616e646c6564206576656e7420307893
:10039000253032780a1b5b306d0000001b5b333167
:1003a0003b316d6572726f722c206d736728256406
:1003b0002920434d44353320777269746520666186
:1003c000696c65642c207374617475733d30782595
:1003d0003034780a1b5b306d000000001b5b33314a
:1003e0003b316d6572726f722c206c656e6774683c
:1003f00020434d4435332072656164206661696c29
:1004000065642c207374617475733d3078253034c5
:10041000780a1b5b306d00001b5b33313b316d652f
:1004200072726f722c2072656365697665206d65e6
:1004300073736167652065786365656473206275b1
:10044000666665722e2025642025642025640a1bbb
:100450005b306d001b5b33313b316d6572726f72c7
:100460002c206d73672825642920434d44353320a3
:1004700072656164206661696c65642c20737461c7
:100480007475733d3078253034780a1b5b306d000d
:100490001b5b33313b316d6572726f722c2073655b
:1004a0007175656e6365206e756d626572206d692c
:1004b0007373696e672c20657870656374696e6705
:1004c00020253034782c20676f7420253034780a4a
:1004d0001b5b306d000000001b5b33313b316d65f1
:1004e00072726f722c20696e76616c6964206d6522
:1004f00073736167652074797065207265636569df
:100500007665642025640a1b5b306d001b5b33310c
:100510003b316d6572726f722c20756e6b6e6f77ea
:100520006e206576656e7420747970652025640a86
:100530001b5b306d000000001b5b33313b316d6590
:1005400072726f722c206661696c656420746f2012
:10055000616c6c6f6361746520736c6162206f669f
:100560002025642062797465730a1b5b306d00007e
:100570001b5b33313b316d6572726f723a2066617d
:10058000696c656420746f20616c6c6f6361746565
:100590002072656376206275666665720a1b5b3041
:1005a0006d0000001b5b33313b316d6572726f7201
:1005b0003a206661696c656420746f20616c6c6fb1
:1005c000636174652073656e64206275666665722a
:1005d0000a1b5b306d0000001b5b33313b316d65e6
:1005e00072726f723a206661696c656420746f2064
:1005f000616c6c6f636174652072656376207061f5
:10060000636b6574206275666665720a1b5b306d8c
:10061000000000001b5b33313b316d6572726f72fd
:100620003a20756e6b6e6f776e20616464726573cd
:1006300073207479706520282564290a1b5b306d4e
:10064000000000001b5b33313b316d6572726f72cd
:100650003a20736f636b65742077726974652063e9
:100660006f6d6d616e64207265717565737420695c
:100670006e697469616c69736174696f6e2066611b
:10068000696c65640a1b5b306d0000001b5b3331d5
:100690003b316d6572726f723a20736f636b657474
:1006a00020777269746520636f6d6d616e6420726e
:1006b000657175657374207472616e6d69737369a9
:1006c0006f6e206661696c65640a1b5b306d0000ab
:1006d0001b5b33313b316d4572726f722c206c6540
:1006e0006e677468206d69736d617463682025643a
:1006f0002076732025640a1b5b306d001b5b333151
:100700003b316d6572726f723a206e6f20616c6c56
:100710006f6361746564207061636b6574206275da
:1007200066666572730a1b5b306d00001b5b3331bc
:100730003b316d6572726f723a207061636b6574e4
:1007400020627566666572732066756c6c0a1b5b49
:10075000306d00001b5b33313b316d6572726f721f
:100760003a206661696c656420746f2077726974e1
:100770006520746f207265636569766520627566b1
:100780006665720a1b5b306d000000001b5b333135
:100790003b316d6572726f723a206e6f20667265c2
:1007a0006520736f636b6574730a1b5b306d0000ab
:1007b0001b5b33313b316d6572726f723a2066613b
:1007c000696c656420746f20637265617465206e66
:1007d0006577207265636569766520736f636b6505
:1007e000740a1b5b306d00001b5b33313b316d6560
:1007f00072726f723a2061646472657373207479e7
:100800007065206d69736d617463682028256420ac
:10081000213d202564290a1b5b306d001b5b3331b1
:100820003b316d6572726f723a20756e61626c65f4
:1008300020746f2066696e64206c697374656e69dc
:100840006e6720736f636b65740a1b5b306d00000d
:1008500025642e25642e25642e25640025783a25ee
:10086000783a25783a25783a25783a25783a2578dd
:100870003a25780025783a25783a25783a25783a45
:1008800025783a25783a25642e25642e25642e2570
:10089000640000003a3000004346472049442025c8
:1008a00064206e6f742068616e646c65640d0a006c
:1008b0004449204944202564206e6f742068616e8d
:1008c000646c65640d0a00004e564d432049442077
:1008d0002564206e6f742068616e646c65640d0a17
:1008e0000000000052656365697665206275666682
:1008f000657220616c6c6f636174696f6e206661f4
:10090000696c65640d0a00004661696c6564207459
:100910006f20696e697469616c6973652057494e0f
:1009200043206465766963650d0a00004661696c61
:10093000656420746f20696e697469616c697365a0
:100940002057494e4320736f636b6574730d0a0023
:1009500057494e433a2052657365740d0a000000f2
:1009600057494e433a20496e697469616c697a69e6
:100970006e672e2e2e000000636f6d706c657465bf
:100980000d0a00006661696c6564207265736574a8
:100990000d0a00006661696c6564206f700d0a00c5
:1009a00072657365742074696d6564206f75740d6c
:1009b0000a00000057494e43206576656e74207525
:1009c0007064617465206661696c65642c20726571
:1009d00073657474696e670d0a0000005753434ec7
:1009e00043204944202564206e6f742068616e6442
:1009f0006c65640d0a0000005363616e20506172e3
:100a0000616d733a202564202564202564202564c7
:100a10000d0a0000454344534120637572766520fa
:100a20004944202564206e6f742068616e646c6593
:100a3000640d0a0045585443525950544f204145c3
:100a4000434342204f702074797065202564206ee6
:100a50006f742068616e646c65640d0a00000000ac
:100a60004d5154542041454343422070726f70658c
:100a7000727479202564206e6f742068616e646cd6
:100a800065640d0a000000004e4554494643204964
:100a900044202564206e6f742068616e646c656408
:100aa0000d0a00004f5441204145434342207374d6
:100ab00061747573202564206e6f742068616e64a4
:100ac0006c65640d0a0000005050532041454343bb
:100ad000422049442025303478206576656e7420a4
:100ae000756e68616e646c65640d0a004a4f494e0c
:100af0003a204173736f63696174696f6e20666f2a
:100b0000756e6420666f72206e657720636f6e6eff
:100b1000656374696f6e0d0a000000004a4f494e0c
:100b20003a204e6577206173736f63696174696ff2
:100b30006e206661696c65640d0a00004a4f494e7b
:100b40003a204e6f206173736f63696174696f6ed1
:100b500020666f756e640d0a000000005749464913
:100b60004320436f6578204944202564206e6f74cc
:100b70002068616e646c65640d0a0000574946493f
:100b8000432049442852737029202564206e6f74d5
:100b90002068616e646c65640d0a00005b4d515401
:100ba000545d3a4d51545420636f6e6e65637469a1
:100bb0006e672e2e2e2e2e0d0a0000005b4d515416
:100bc000545d3a4d51545420646973636f6e6e6581
:100bd0006374696e672e2e2e2e2e0d0a0000000003
:100be0005b4d5154545d3a4d51545420636f6e6eb9
:100bf0006563742073746174757320756e6b6e6faa
:100c0000776e2e0d0a0000005b4d5154545d3a453d
:100c100052524f52203a20556e6b6e6f776e204db8
:100c2000515454205365727669636520526571751d
:100c30006573740d0a0000005b4e45545d3a4552e1
:100c4000524f52203a204e65742043616c6c6261b1
:100c5000636b204e554c4c005b4e45545d3a4552fb
:100c6000524f523a20536f636b6574206572726ff6
:100c7000722025642066726f6d206576656e742023
:100c800025640d0a000000005b4e45545d3a455254
:100c9000524f523a204661696c656420746f20623d
:100ca000696e6420736f636b65740d0a0000000049
:100cb0005b4e45545d3a736574736f636b6f70740c
:100cc00020535543434553530d0a00005b4e455492
:100cd0005d3a736574736f636b6f7074204641493e
:100ce0004c20206572726e6f203a2025640d0a0038
:100cf0005b4e45545d3a4552524f523a2046616927
:100d00006c656420746f20636f6e6e65637420740d
:100d10006f2074686520736572766572210d0a0014
:100d20005b4e45545d3a536f636b6574204c697339
:100d300074656e696e672e2e2e2e2e2e0d0a000003
:100d40005b4e45545d3a4163636570742065727211
:100d50006f72210d0a0000005b4e45545d3a574901
:100d60004e435f534f434b45545f4556454e545f8a
:100d7000544c535f434f4e4e4543540d0a00000000
:100d80005b4e45545d3a4552524f52203a20556ec3
:100d90006b6e6f776e204e65742053657276696353
:100da0006520526571756573740d0a005b5749467d
:100db000495d3a444e53207265736f6c76652054da
:100dc000696d65204f757420282564290d0a00007f
:100dd0005b574946495d3a444e53207265736f6cc8
:100de0007665204572726f7220282564290d0a00ed
:100df0005b574946495d3a444e53207265736f6ca8
:100e000076652074797065206572726f722028256e
:100e100064290d0a000000005b574946495d3a4ebf
:100e20006f20415020466f756e6420526573636178
:100e30006e0d0a005b574946495d3a2325303264fe
:100e40000d0a00005b574946495d3a3e3e2320208b
:100e5000524920205265636f6d6d656e6420434872
:100e600020425353494420202020202020202020ad
:100e7000202020535349440d0a0000005b57494687
:100e8000495d3a3e3e232020202020204175746891
:100e900020547970650d0a3e3e230d0a00000000c3
:100ea000666538300000000054696d652055544374
:100eb000203a2025640d0a0054696d653a202530da
:100ec00032643a253032643a25303264206f66202d
:100ed000253032642f253032642f253032640d0adc
:100ee000000000004552524f52212121203a204655
:100ef000756e6374696f6e2025732c204c696e6566
:100f0000204e6f203a2025642c2053746174757331
:100f1000203a2025640d0a0041637469766500005b
:100f20005b574946495d3a4e6f20526567756c6163
:100f3000746f727920446f6d61696e7320446566c9
:100f4000696e65640d0a00005b574946495d3a23a6
:100f50002e20202043432020202020204368616e43
:100f60006e656c7320566572205374617475730dd1
:100f70000a0000005b574946495d3a253032643a21
:100f8000205b252d36735d20307825302d36782076
:100f900025642e25642025730d0a00005b57494601
:100fa000495d3a444f4e45200d0a00005b574946c3
:100fb000495d3a4552524f52203a20447269766553
:100fc000722048616e646c6520496e76616c69645c
:100fd0000d0a00005b574946495d3a5b4552524f46
:100fe000525d203a20494e56414c49445f5041528f
:100ff000414d4554455220666f7220415554484535
:101000004e5449434154494f4e0d0a005b574946df
:10101000495d3a4552524f52203a20556e6b6e6fe1
:10102000776e20576966692053657276696365201b
:10103000526571756573740d0a0000001b5b3333d4
:101040006d5b4150505d203a204d51545420525810
:101050003a2046726f6d20546f706963203a2025e4
:1010600073203b204d7367202d3e2025730d0a1bf6
:101070005b306d004d61745f6e6574004f4b3031b5
:101080003330406a756c79303732300031302e3071
:101090002e312e33310000005a50520041646d69e8
:1010a0006e0000004f6472794033303034303300ca
:1010b0005a50522f446174612f4f75740000000024
:1010c00054657374206d657373616765000000007b
:1010d00057494e435330325f4452495645525f534d
:1010e000544154455f494e49540d0a0057494e43f7
:1010f0005330325f4452495645525f535441544530
:101100005f4f50454e5f4452495645520d0a00000c
:1011100057494e435330325f4452495645525f530c
:10112000544154455f574946495f43414c4c424105
:10113000434b5f52454749535445520d0a00000046
:1011400057494e435330325f4452495645525f53dc
:10115000544154455f4d5154545f43414c4c4241be
:10116000434b5f52454749535445520d0a00000016
:101170003139342e3138322e38302e3434000000dc
:1011800057494e435330325f4452495645525f539c
:10119000544154455f5345545f534e54505f53453b
:1011a000525645520d0a000057494e435330325fa4
:1011b0004452495645525f53544154455f5749463e
:1011c000495f4346470d0a0057494e435330325f4b
:1011d0004452495645525f53544154455f57414923
:1011e000545f464f525f495056340d0a00000000cc
:1011f00057494e435330325f4452495645525f532c
:10120000544154455f574149545f464f525f4950de
:1012100056365f4c4f43414c0d0a000057494e4330
:101220005330325f4452495645525f5354415445fe
:101230005f574149545f464f525f495056365f47aa
:101240004c4f42414c0d0a0057494e435330325fd8
:101250004452495645525f53544154455f474554a3
:101260005f54494d450d0a0057494e435330325f94
:101270004452495645525f53544154455f57414982
:10128000545f464f525f54494d450d0a000000001f
:1012900057494e435330325f4452495645525f538b
:1012a000544154455f4d5154545f4346470d0a0025
:1012b00057494e435330325f4452495645525f536b
:1012c000544154455f4d5154545f434f4e4e454336
:1012d000540d0a0057494e435330325f4452495629
:1012e00045525f53544154455f574149545f464fff
:1012f000525f4d5154545f434f4e4e4543540d0a77
:101300000000000057494e435330325f4452495663
:1013100045525f53544154455f49444c450d0a00c2
:1013200057494e435330325f4452495645525f53fa
:10133000544154455f455849545f504f5745525f9b
:10134000534156455f4d4f44450d0a0057494e43a2
:101350005330325f4452495645525f5354415445cd
:101360005f5345545f4d5154545f5055424c49535f
:10137000485f5041594c4f41440d0a0057494e4374
:101380005330325f4452495645525f53544154459d
:101390005f4d5154545f5055424c4953480d0a001b
:1013a00057494e435330325f4452495645525f537a
:1013b000544154455f574149545f464f525f505521
:1013c000424c4953480d0a0057494e435330325f4f
:1013d0004452495645525f53544154455f454e541b
:1013e00045525f504f5745525f534156455f4d4ff1
:1013f00044450d0a0000000057494e435330325f08
:101400004452495645525f53544154455f455252e8
:051410004f520d0a001f
:020000040000fa
:10141800f0b58fb0141e02d01379002b01d10fb094
:10142800f0bd170010372e2502ab9c4665440223f9
:101438002a000221380007f079fe2e88bb4b1b7862
:10144800db0700d479e2b94b9b88b3420cd02279f0
:1014580015006388b6498c46634499b20529ded8dd
:101468008b00b449cb589f46227915006388b04950
:101478008c46634499b20529d1d88b00ae49cb5824
:101488009f46aa4f052dcad10025002f1bd0217ecb
:101498002823e25c914205d0a84b1b68002b01d0a1
:1014a800a7489847217e082937d0092900d186e026
:1014b800a24b1b68002bb2d0a2489847afe7002781
:1014c800e0e70027dee70ef07dfb071e1dd003785e
:1014d8000122134303700223037286809b02436731
:1014e800836705237c22835401328354964b1b68ff
:1014f800033283500125002bc9d1904b1b68002b68
:1015080000d18ce79148984789e78c4b1b68ab4220
:1015180000d184e78e48984781e70426be813a00c7
:10152800103220001830042307f000fe200020307d
:1015380002233a000e32022107f0f8fdfb895bba5c
:10154800fb813e853a002c322000283004230821f4
:1015580007f0ecfd2000303002233a002a32022145
:1015680007f0e4fd7b8d5bba7b857b78002b03d18c
:101578003b78042213433b70002d73d03b78db0784
:1015880013d53b7a022b02d0fa88fd2a0dd1674a7f
:1015980097420ad01278d20707d5644a1278920780
:1015a80003d5624a127a9a4232d0644b1b68002be8
:1015b80001d06848984738000df05afd2fe70626f5
:1015c800be813a00143220001830102307f0aefd17
:1015d8002000203002233a000e32022107f0a6fd37
:1015e800fb895bbafb813e853a0030322000283007
:1015f8001023092107f09afd2000303002233a0019
:101608002a32022107f092fd7b8d5bba7b85ace71d
:10161800464bfa89db899a42c7d1444b1b78db07d2
:1016280003d438000df024fdf9e6404c00220221d5
:1016380020000ef015fa227860231a403b786021ca
:101648008b4313433b70637a7b72e388fb80636f41
:101658007b67a36fbb677c23e25cfa540133e25ccf
:10166800fa54dce63b785b0700d4d8e60022032175
:1016780038000ef0f5f9d2e62c4e002e00d1cee659
:1016880033786021194210d1022d00d0c7e632000c
:1016980046322000183002235e3907f047fd30003b
:1016a80008f084fbbbe60026e7e70392033a012a29
:1016b80000d9b4e62000183002230e2202a98c4675
:1016c8006244032107f032fd042d1cd00e2302aa28
:1016d800944663441a88039b1f498c466344db0085
:1016e800fb18596830004c3001230093002306f0a2
:1016f8004af900280fd1114b1b68002b00d18ee648
:10170800164898478be620002030022306aa0321ba
:1017180007f00cfddae73278102313433370002208
:10172800052130000ef09cf979e6c046b847002044
:1017380000f2ffffa8e90000c0e900009c4b002070
:10174800e807000014060000a44b0020b0070000c2
:101758008c0700001c080000ffffff1f5407000053
:101768007d4e002e00d15ae63378602119421ad0f6
:101778000392053a012a00d951e6b36d002b1ed019
:10178800da781b789a4222d0217e082927d00929a5
:101798005fd0724b1b68002b00d140e67048984719
:1017a8003de60026dde732004632200028300223dd
:1017b8005e3907f0bbfc300008f0f8fa2fe6674bfb
:1017c8001b68002b00d12ae66648984727e6634b3a
:1017d8001b68002b00d122e6634898471fe60423c4
:1017e80002aa13822000183007aa07f09ffc2000e5
:1017f80020300223122202a98c466244190007f005
:1018080095fc02ab5b8a5bba02aa5382200028309f
:10181800022305aa032107f089fc062d32d005ab67
:101828001a88039b51498c466344db00fb185968ae
:1018380030004c300123009306ab06f0a4f80028d2
:101848002bd1464b1b68002b00d1e8e54848984748
:10185800e5e5062302aa1382200018300a3308aaf5
:1018680007f064fc200020300223122202a98c46d3
:101878006244190007f05afc02ab5b8a5bba02aa01
:101888005382c3e72000303002230e2202a98c467f
:101898006244032107f04afcc1e73278102313435e
:1018a80033700022052130000ef0daf8b7e52a4b34
:1018b800012d00d0b3e5002b00d1b0e51a78042142
:1018c8008a431a707a315a5a102002435a52a6e5ae
:1018d8000023ede70023ebe71f4c012d00d09ee528
:1018e800002c00d19be523780422134323700023a6
:1018f80063700022032120000ef0b2f800220721b5
:1019080020000ef0adf88ae50024e6e70024e4e7bd
:101918001148022d00d082e5002800d17fe57e2203
:10192800835a08210b4383527d3a08210ef098f818
:1019380075e50020ede70020ebe7227915006388c4
:101948000c498c46634499b2052900d967e58b0098
:101958000949cb589f46c046b84700209c4b0020f9
:1019680014060000fc0600002c070000ffffff1f04
:0c1978005407000000f2ffffd8e9000057
:020000040000fa
:10198400f0b59db012930b6814900b934b681191b2
:1019940004938b680d930b691593cb6808931368b4
:1019a40054680693079406980799002200230df0c3
:1019b40006fb00280dd10b9b5b073ed408230b9a32
:1019c4001a400c920d9a09920b9a1a4213d01833aa
:1019d4000ae080200006844606990a0007996144bb
:1019e4000b00069207932d23089a13700d9b013b5d
:1019f400099301230c93079b06995b00994a5b08a2
:101a040000291cd193421ad1089a129b94460c982f
:101a1400413b95496044192b00d994490ef064fe6a
:101a240008980ef08bfb0b9b0200009308990d9b0a
:101a340014980bf055f81db0f0bd2b23d4e7934256
:101a440002d80cd100290ad0089a129b94460c980b
:101a5400413b87496044192be0d98649dee70022df
:101a64000698079900230df00cff0026824f0028ea
:101a740000d1c2e00023039312980ef0aefdc3b26e
:101a84001093049b002b00dae7e1109b0a93672b69
:101a940012d1049b002b01d10133049365230a93d3
:101aa400039b04331ddb039b049a934219da6623d8
:101ab4000a93039b002b14da049b013304930a9bbf
:101ac400662b0ed1039b002b03da002300266a4ffa
:101ad4000393109b672b04d0039a049b944663449e
:101ae4000493069a079b0e920f93002334003d0043
:101af400139322000e980f992b0009f055f809f062
:101b040073f98022120694460e9b1690179118932f
:101b14000f9b63441993189a199b00920193220016
:101b24002b000ef035fd80231b06cb180022290064
:101b34000e900f932000514b09f036f8139b0400cc
:101b440001331393139a049b0d009342d1d10022c5
:101b54004b4b05f071fe0e9a0f9b04000d000df027
:101b64000ffa002800d079e00e9a0f9b200029007c
:101b74000df087fe002805d0169817990df08cfdfe
:101b8400c0076bd50698079922002b0004f06aff62
:101b9400002206900791394b3000390005f04cfec5
:101ba400069a079b0e900f910df0a2f800286dd0b5
:101bb400039b013303930a9b662b69d1049b013376
:101bc4000493039e68e026002f00039b01330393d4
:101bd40000222a4b3000390005f02efe04000d00cf
:101be40002000b00069807990df0e9f90028ead0e5
:101bf40000230024234d0a9325e00390e8e7039b88
:101c0400214a934214da0a9b002b11d106980799b2
:101c140022002b0005f010fe2b00069007912200f5
:101c24003000390005f008fe012306000f000a9376
:101c340030003900114b002208f0b6ff06000f00f7
:101c4400039b013b03933200069807993b000df078
:101c5400b6f90028d3d10fe706231ee70024002598
:101c640090e7c0460000f07f64fd000068fd0000be
:101c74006cfd000070fd00000000f03f00002440f7
:101c84000000144000005043d4feffff0e960f974f
:101c94000a9b0026652b94d100252f00049b0c9ce5
:101ca400f31a1693169b9e4275d1002f00d1b3e010
:101cb4000026089b1f190a9b3e70652b2dd1159b8e
:101cc4005d1e089b5e55039bb34202da5b4203939d
:101cd4000136039b002b00d0a7e0159beb1a0333be
:101ce400002b00dda1e02b236a1e002e00d002335e
:101cf4000899023d8b54129b413b192b01d8452373
:101d04000a93089b59190a9b0b70ac4202da3800fb
:101d14000ef0eafc099b023b099303230b9a134040
:101d2400022b00d07ce6099b002b00dc78e60898a7
:101d34000ef004fa0c9b834200dc87e01800089b39
:101d440030219c46099a60440ef058fb00230d9301
:101d540066e6002f0ad1002e08da2e23089a13997a
:101d640001345354099b0137013b09932a19230079
:101d74009446302102e0089ad15401336345fad1e4
:101d8400099a2c19551b089a3030d0546b1e013413
:101d9400002509931fe0119b13941b69053ba34283
:101da40083d90e9a0f9b0698079908f0fdfe09f057
:101db4001bf8049005910df06ffc092800dd092043
:101dc40010230b9a13400343c3d1109b672bc0d13c
:101dd400002ebeda013580220e980f991206944621
:101de400069b013e1a93079b63441b931a9a1b9b01
:101df40000920193049a059b0ef0cafb80231b06f4
:101e0400cb18069007930e980f990022174b08f0f1
:101e1400cbfe0e900f9145e70b9bdb0600d447e702
:101e24002e23089a1355013442e703980a2109f036
:101e340051fd089b3031013d595503980a2109f0a1
:101e4400fffc099b0390013b099342e7089b099916
:101e54001a5c5b181a5401386ce7109b672b00d18d
:101e6400fae60a930623049326e6c04600002440bb
:020000040000fa
:101e7400f0b599b012930b68cf680a934b6816902b
:101e84000e938b680b930b69119313685468069334
:101e9400079406980799002200230df090f8002873
:101ea4000ed10a9b5b072ed408230a9a0a991a407a
:101eb40005920b9a194213d018333b7013000ce0af
:101ec40080200006844606990a00079961440b00a5
:101ed400069207932d233b700b9b5a1e01230593f7
:101ee400079b06995b005b0800290ed1af4883422b
:101ef4000bd1129b059a413bad4cae49b818192b36
:101f040011d921000fe02b23e5e7a848834202d82a
:101f140018d1002916d0129b059a413ba64ca7491b
:101f2400b818192bedd80ef0dffb20000ef006f9df
:101f34000a9b0200009339000b9b16980af0d0fd0f
:101f440019b0f0bd059b0598591c30233b54129bd6
:101f5400413b0f930f987823192800d8203b05980c
:101f64007b540230931e059009930022069807992a
:101f740000230df086fc002800d16fe10023904c73
:101f8400089302930394182310930e9b002b00dbf9
:101f940010930026029c039d109b01331793069a0d
:101fa400079b0c920d930c980d9922002b0008f0be
:101fb400fbfd08f019ff22002b001490159105f089
:101fc4003bfc02000b000c980d990ef0e9fa7d4bd6
:101fd4000c900d9100222000290005f02dfc0e9b91
:101fe40004000d000136002b07da0c980d9900222d
:101ff40000230df046fc002804d1179b9e42d2d149
:10200400109e01360022200029006f4b05f014fcbd
:1020140004000d0002000b000c980d990cf0cfff8a
:10202400002800d020e10c980d9922002b000df01f
:1020340028fc002806d0149815990df02dfbc00734
:1020440000d411e10698079922002b0004f00afd40
:1020540006900791079b069a5b005b08002a03d150
:10206400524a934200d144e7119b059a053b1493cd
:10207400934200d83fe100257342140016001793e1
:1020840010950c95029a039b0698079908f08cfd0d
:1020940008f0aafe129013910df0fefa031e00d070
:1020a400e5e00c9a002a00d1e1e00135029a039b95
:1020b4001298139905f0c0fb02000b0006980799cb
:1020c4000ef06efa002206900791029803993d4b98
:1020d40005f0b2fb0c9b179a013b029003910c9301
:1020e400934203d0149b26009c42cbd3109b002b1d
:1020f4001ad1002d00dcffe00e9b002b00dcfbe07e
:102104000a9bdb0700d5f7e02e2230213b191a7019
:102114002a19ba18597001339342fbd16419ed435b
:10212400099b0134eb18099300263b191e70029396
:10213400119b5d1e089b7e55b34202da5b420893f5
:102144000136089b002b00d0bee0119beb1a013333
:1021540000d1b9e02b236a1e002e00d00233bb54f9
:102164000f9a7023023d192a00d8203b79190b706d
:10217400ac4202da02980ef0b7fa03230a9a13402b
:10218400022b11d1099b9c1e002c0ddd38000df093
:10219400d5ff059b984200dba6e0f8182200302109
:1021a4000ef02cf900230b933800bfe60000f07ffb
:1021b40068fd000064fd000070fd00006cfd00007f
:1021c4000000f03f0000b03f00002040089b029454
:1021d400039501330893029a039b1000190004f03d
:1021e40041fc04000d0002000b00069807990cf056
:1021f400e6fe0028ead00024434d029a039b069889
:1022040007990cf0dcfe002800d1bce60298039983
:1022140022002b0005f010fb002200230df031fbff
:1022240000280fd0029803990022384b05f004fbd4
:1022340000220290039106980799344b05f0fcfaaa
:1022440006900791029803992b00220005f0f4faf6
:10225400089b02900391013b0893cee700232c4c8a
:10226400089002930394b6e700240025eae6109a46
:10227400002a0ad10c9a002a07d02e22ba55099aac
:102284000134013a09920122109230222e1901e000
:102294003a550134b442fbd11800099a5730551b02
:1022a400092b01dc303318000f9b192b06d820238f
:1022b4000343613b192b01d80ef096f96b1e741c75
:1022c4000025b8550993f1e608980a2109f002fba4
:1022d400013d3031089879550a2109f0b1fa099b7a
:1022e4000890013b09932ce7099b3a5c023bfb18dd
:1022f4001a5401384de7059c0a9bdb0600d413e70a
:102304002e233b5501340fe70000e03f000050430b
:042314000000f03f96
:020000040000fa
:10231800f0b5de4657464e464546e0b5a7b0041e22
:1023280000d11ae20678002e00d117e24378012b7b
:1023380000d11be2017d01290dd0022978d00029a6
:1023480000d10be2b94b1b68002b00d11ae2b84848
:102358009847002602e2c369002b00d108e21a68f8
:10236800002a00d106e2427d002a00d104e2c28a96
:10237800002a01d10026f1e1050014359a880332bc
:1023880003218a439a80c3699a88196880200023a8
:10239800400503f03ffa021e1cd1e26991888908c2
:1023a800e38a5b1ae382637d013bdbb2637511004c
:1023b8000831e1619268002a22d0002b00d0cde1db
:1023c800a369002b00d0d9610c22002128000ef04f
:1023d80013f8c3e1954b1b68002b05d0a169606811
:1023e800091a8910934898470c22002128000ef0fa
:1023f80003f80123637020000cf066fa0026ade1b3
:10240800a769002f00d1a9e17b689846002b05d069
:10241800002300933a002100b868c0470c2200212d
:1024280028000df0e9ff3968200007f04dfc95e120
:10243800437d002b00d1a1e1c28a002a00d19fe18f
:1024480014218c468444614607918169002915d07e
:10245800a36919688d00a268e369d01a85422cd94e
:10246800724b1d68002d02d0637d7348a8470c226b
:10247800002107980df0c0ff00266fe141688161d7
:10248800012b04d80a60637d9b00e361e0e7427595
:10249800920080200023400503f0eafa011ef2d0e2
:1024a800624b1b68002b01d0644898470c2200211e
:1024b80007980df0a1ff002650e16168c918802037
:1024c80000232a00400503f0d3fa021e10d0574b10
:1024d8001b68002b05d0a1696068091a8910584843
:1024e80098470c22002107980df086ff002635e159
:1024f8006268e369d3180893002b1fd0042d1dd9f7
:102508005a7809929a780a92df781a799346a26cd7
:102518009046002a04d01a78e06c00952100c04744
:10252800089b19784b1e012b13d9032900d1f4e01d
:102538003e4b1b68002b01d042489847a3690433df
:10254800a361637d013bdbb2002b00d1ffe0637523
:1025580004e101290dd0092df0d93f025b463b4328
:102568009b4600236a462f2152181370b146a24693
:102578004fe0062df1d8e1e706abdb7f013306aa71
:10258800d37708350134e4b2337ba34200d8b1e0f5
:10259800ab7940225b0603d40835ab791a42fbd0ed
:1025a8002f68002feed03b78012be5d0002be8d127
:1025b800fb781b023a791a439346904546d01b4b49
:1025c8001b68002b03d020484246594698472b6881
:1025d80001221a700723ab80ab7920221343ab7119
:1025e8007a781202bb7813431f2206a98c466244ec
:1025f80004923a00083203927a7902925a4601927a
:10260800009402223100504606f074fb061eb8d131
:10261800c34606ab6a462f2152181278da7753461a
:10262800de68002e6ed14e46544687e79c4b00204c
:102638000c0500009c03000018040000dc030000e7
:1026480054040000d804000090040000089b591ca2
:10265800781c04220df0edfb002892d1c346a04659
:102668005446b2464e46099b1b020a9a1a439146a3
:10267800089b1b78012b18d00ea90a8043460b72c1
:102688007b794b723b000833cb6008980bf0cafc8f
:1026980053465d68002d00d150e70eab009303232d
:1026a800524621009068a84748e77b79099307229a
:1026b800089938000df096fe0720a880aa792023f3
:1026c8001343ab71089a53791b0292791a431f235b
:1026d80006a98c466344049308370397099b029321
:1026e8005b460193434600934b465146200006f053
:1026f80001fb23e7c34606ab0022da775346de68c0
:10270800002e07d0b569337b0024d846002b00d0b3
:102718003ee7f0e74e46544610e7602200210ea837
:102728000df06afe0ea908980bf07cfc25002035f8
:102738002700483703e00835af4200d1fee62b6892
:10274800002bf8d068680eaa21009847f3e70c22fe
:10275800002107980df050fe00e00026300027b059
:10276800f0bcbb46b246a946a046f0bd0026f5e738
:102778000026f3e70026f1e70026efe70026ede75d
:082788000026ebe70026e9e75b
:020000040000fa
:1027900070b582b00400431e033300d92ce201233c
:1027a000c356012b4ad017dc5a1c00d124e2002b5f
:1027b00000d01fe20378002b00d11de283680025c2
:1027c0001d710df03df9a36898690df09bffcf4b8b
:1027d00008225a6125700fe2022b00d00ae28568b8
:1027e000cb4beb5c012b00d16ce1032b00d173e1ef
:1027f0009123eb5c002b00d09ee1a3689868fff763
:102800008bfd002800d0f7e10df06aff002800d012
:10281000a1e1082120000df03dfe200009f07afb27
:10282000a168c1239b00cb58002b00d1bbe17922ca
:102830008a5c002a00d1aee1002595e18368002b77
:1028400030d020229a5c002a2fd11b7b002b4bd04a
:10285000b049a0680c3004f009ff00287ad0431d6d
:1028600000d1e0e0031d00d1f1e001280bd1a26806
:10287000137d002b00d1fce0013b1375a3681b7d89
:10288000002b00d1fbe00df02bff012800d913e154
:10289000a1681c3164200bf0c7fca2682023012131
:1028a000d154a9e1ff334370a6e1d8690df030fca3
:1028b000002800d1a0e1a26820230021d154a36800
:1028c0001b7b002bc4d1914b1b6a1b0726d48f4b5b
:1028d00008229a61a1681c3164200bf0a5fca26853
:1028e00020230121d15487e10df0fafe01280fd8f1
:1028f000864b08225a61a1681c3164200bf094fcbd
:10290000a26820230121d15420000df0c3fd73e102
:102910000df0e0fe80490af081fae9e70df0e0fef3
:10292000012806d80bf04efa002808d1ff23637067
:1029300062e10df0cffe79490af070faf2e7a36880
:1029400064221a75a368633a5a73022120000df0bd
:10295000a1fd7de7a368986803210cf09afc032190
:1029600020000df097fd6e4a2300002105200cf099
:1029700047fa051e02d1ff2363703de10026009651
:102980000023002200210df085fa012128000cf01f
:1029900016fa002128000df06dfd002128000bf033
:1029a00086fd009600230022002128000df0e2faa7
:1029b000a06829000bf062fe002802d1ff2363709b
:1029c0001ae1a168012339228b54a1682f328b545c
:1029d000013363700df084fe012801d891260de0cb
:1029e0000df078fe4f490af019faf7e70df0aafe4c
:1029f000ab5d013bdbb2ab550df0a8fea568ab5d4e
:102a0000002bf3d10df03efc002807d00df09afe0c
:102a10009122ab5c0133ab540df098fe04212000f1
:102a20000df038fde8e00df05bfe012809d8a36841
:102a3000f5221a71ff236370052120000df02afd95
:102a4000dae00df047fe38490af0e8f9efe70df05b
:102a500047fe012807d8a36800221a730721200027
:102a60000df018fdc8e00df035fe30490af0d6f93a
:102a7000f1e71373072120000df00cfdbce00df011
:102a80002ffe012809d8a3685a7b002a0bd11a739c
:102a9000072120000df0fefcaee00df01bfe2449e6
:102aa0000af0bcf9efe7f5221a71ff2363700621e3
:102ab00020000df0effc9fe00df00cfe1d490af028
:102ac000adf9e5e609f026faa06808f031f9a26848
:102ad0000f4b0221d1548fe0013b2b7385680020fe
:102ae0000cf0acfaa860a26800231375a2685373b7
:102af000a168cd2292008b54a168054a8b54013302
:102b00006370022120000df0c5fc75e00044004117
:102b10003503000095a40000500900006009000082
:102b2000f53c0000780900008409000094090000c9
:102b3000a0090000740900000df004fe9122ab5cb6
:102b4000013bdbb2ab540df001fe2c49a368986841
:102b500005f0a4fa51e60df0bdfd29490af05ef931
:102b600057e60135082d1ed0a2682b01d318ac33cf
:102b70001b680133f5d02b01d318b6331b78002b1b
:102b8000efd02901ac315118c1239b00d35800224a
:102b900020009847e5e77a228a5c002a03d09c311e
:102ba000002220009847a368986802210cf071fb6e
:102bb000a06808f0bdf80df093fd012814d8a368b3
:102bc00002221a73a56800200cf038faa860a368e6
:102bd0000a221a75a36800225a7301236370022126
:102be00020000df057fc07e00df074fd05490af0d8
:102bf00015f9e4e7ff23637002b070bd85020100a0
:082c0000b409000060090000a6
:020000040000fa
:102c0800f0b5c64600b5a2b004001d00012b0dd0da
:102c1800002c07d02378db0704d5022d0cd0032d18
:102c280000d109e122b080bcb846f0bdc04b18689d
:102c380011000bf0f9fcebe7289b002bf2d05d8824
:102c48002e00731e9e41f6b2289b1b88b94a9446f3
:102c580063449ab2092ae5d89300b74ad3589f46e5
:102c6800237860221a4223d08021b14b186849008a
:102c780006f03eff051ed5d0b04b802100940222fd
:102c880049000af0adfc071e05d1a94b29001868b8
:102c98000bf0cafcc6e7210009f056faa84b390028
:102ca800186805f09bfc002808d046230022e25251
:102cb8003200002120000cf0d3feb3e79c4b290022
:102cc80018680bf0b1fcade7237a012b05d0320070
:102cd800012120000cf0c4fea4e7e388fd2bf6d008
:102ce8002278042313432370f1e7237a012b99d127
:102cf800e388fd2b00d195e7227804231343237042
:102d08003200032120000cf0abfe8be732000621d5
:102d180020000cf0a5fe20000cf0aaf982e7289b01
:102d2800587a022800d87de7d9680eaa0bf0f0fd82
:102d380000280dd1002d5dd0824b9c466544adb274
:102d4800012d60d90122042120000cf089fe69e7d9
:102d580007ae289b5b7a033bdb000eaad018022340
:102d68003200190006f0e2f91a276f44289b5b7ab3
:102d7800023bdb000eaad01802233a00190006f025
:102d8800d5f93b8898463688002d29d1237a002723
:102d9800012b14d020006030002102910191009194
:102da8000b00320004f0def96822a35a9b1ba352e1
:102db800237a012b0ad046444423e652bae7e36e4d
:102dc800bb4201d0df78e5e70027e3e7e16e0029a1
:102dd800f1d0203aa35cc9785b18db1ba354eae75f
:102de8004423e35a4345a5d100236822a352203a3d
:102df800a3549fe70022042120000cf031fe20009c
:102e080003f066fb0ee7200003f062fb0ae7237875
:102e1800db060bd4002d00d004e7237814221a42d5
:102e280000d1ffe6200006f0c1fffbe632000521d5
:102e380020000cf015feede7289b002b00d1f1e6f1
:102e48005b88289a15792e00170010373e4a93425e
:102e580015d03e4a934200d1e4e00b3a934200d0a9
:102e6800e0e6012d00d0dde6a388002b00d0d9e6ee
:102e7800221d02331900380006f058f9d2e6022361
:102e880016226a440221380006f050f9289bd968b6
:102e9800587a0eaa0bf03cfd002800d1c2e60223a6
:102ea8001a226a44022112a806f040f9a2881623c1
:102eb8006b441b889a4200d0b4e606ab9846289823
:102ec800183002234246190006f030f943461988a3
:102ed8001a236b441a88914205d01d4b1b68002b9e
:102ee80001d01c489847032d38d84622a35a06a972
:102ef80009885b1aa352002306aa12881649691882
:102f0800c900791820004c3001250095496804f063
:102f18003afd002800d17de05422a35a06a9098869
:102f28005b1aa35222781023134323707ae6c04613
:102f3800a44b002000f2ffff90fa0000092c0000cb
:102f4800b44b0020f4f1ffff070e00000b0e000049
:102f58009c4b0020d0060000ffffff1f2898203060
:102f6800022322004632190006f0e0f80023072e5b
:102f7800c2d1a36d002b12d0da781b789a4216d0f2
:102f88003023289ad15c082919d009292cd02e4b36
:102f98001b68002b00d145e62c48984742e62a4b8f
:102fa8001b68002b00d13de6294898473ae6264b96
:102fb8001b68002b00d135e62648984732e607ae55
:102fc8002c3b33801000303008aa06f0aff8289860
:102fd800383002231e226a44190006f0a7f87388c5
:102fe8005bba7380330087e707ae062333802898df
:102ff80030300a3309aa06f099f8289838300223a5
:103008001e226a44190006f091f873885bba73802f
:10301800330071e70c4b1b68002b00d102e60e4809
:103028009847ffe5022d00d0fce5012307aa0221fd
:10303800380006f07bf82898183004230eaa0221dd
:1030480006f074f8eee5c0469c4b0020140600001c
:0c305800fc0600002c07000054070000dc
:020000040000fa
:1030640070b58cb004000d0001235b420b930ba9d7
:10307400022000f029fc0d2c00d9ebe1a400ae4b9a
:103084001b599f46002d40d0286804a905f000fa7a
:10309400002802d10120404244e0686803a905f0f9
:1030a400f7f9002802d1012040423be00b98182395
:1030b400009304ab0122002107f03cf8002815d14d
:1030c4000b9803aa00210af0c1fa002813d19b4be4
:1030d4000b98012200210af065f8002810d1e9229a
:1030e4009749920000200cf05bf81be09449954a44
:1030f4000cf056f816e09249934a0cf051f811e09e
:103104008f49924a0cf04cf80ce00120404209e04f
:103114000b980023002200210af044f888498c4ac5
:103124000cf03ef80cb070bd8a490b980cf0eafc28
:103134002c7b63425c4164420f239c4320346b78b4
:10314400022b0ad0012b0cd02b78012b0dd0002b95
:1031540041d102231c43e4b209e004231c43e4b23a
:10316400f2e708231c43e4b2eee71c43e4b26b7bb2
:10317400042b36d06968002943d0774a062002f030
:10318400b3ff012800d09ae006266b78022b3ad0d0
:10319400012b49d0042e4ed070496f4810220cf0f8
:1031a4004afe002862d104ae0623338068880df0fd
:1031b400d7fa7080694b06aa43cb43c21b681360dd
:1031c4002b78012b60d0002b6dd05d49644a002020
:1031d4000bf0e6ffa6e7022bc9d140231c43e4b25f
:1031e400c5e76968002907d05b4a042002f07cff28
:1031f400012864d10426c8e7574b00221a6004262c
:10320400c3e70626c1e72b7b002b06d0fd22022153
:10321400300004f057f9a860bce706220221300010
:1032240004f050f9a860b5e711220121300004f040
:1032340049f9a860aee7484b1b68002b0bd104aedc
:103244000433338068880df08bfa708000200cf012
:10325400e3fd0590b4e704ae0423338068880df0e1
:103264007ffa70803c4b1b680593a9e704ae0623e4
:10327400338068880df074fa7080374b06aa43cb0c
:1032840043c21b6813609be7a8680023009304ab48
:103294000022210008f086fe002896d10221a868a9
:1032a40007f05cfb0be0a868009304aa210008f077
:1032b40079fe002889d10221a86807f04ffbed228e
:1032c4001f49920002200bf06bff2be72c682000b3
:1032d4000bf02aff0221200007f040fb002805d054
:1032e4001749204a00200bf05bff1be714491e4ad4
:1032f4000bf056ff16e70b980bf0e4f91b4b187014
:103304000f491b4a00200bf04bff0be7174b1b78b0
:103314002b70f4220a49920000200bf041ff01e7d0
:10332400124b19780b980cf0cbf80549114a002080
:103334000bf036fff6e6c046acf30000cdf5000016
:10334400c4000100950300009b030000a1030000da
:10335400ab030000dd400000184b00208404010092
:10336400b6030000c3030000c10300000a4a0020a2
:10337400ca030000d70300006a68002a07d02b782c
:10338400384909780b9807f0e9fd00282fd1aa687d
:10339400002a06d0334b19780b9808f09bfb0028c1
:1033a4002ad1ea68002a07d02b692e4909780b989c
:1033b40006f0baf9002825d16a69002a06d0294bfb
:1033c40019780b9808f0d6fb002820d1aa69002aa6
:1033d40007d02b7f234909780b9807f091f900282f
:1033e4001ad12149214a00200bf0dafe9ae61e493f
:1033f4001f4a0bf0d5fe95e6fb221b4992000bf009
:10340400cffe8fe618491b4a0bf0cafe8ae616491e
:10341400194a0bf0c5fe85e61349184a0bf0c0fea5
:1034240080e6174b1d601049164a00200bf0b8fec9
:1034340078e6154b1d600c49144a00200bf0b0fed1
:1034440070e60f4b1b682b600749114a00200bf0f4
:10345400a7fe67e60f49002009f0defc0120404288
:1034640060e6c0460a4a0020c40001000b040000c4
:10347400e3030000f5030000fe030000070400005e
:10348400884b002012040000b84b002019040000ef
:0834940022040000800d00007d
:020000040000fa
:10349c00f0b58db005001400002815d0002a13d00b
:1034ac008768002f10d051881279059220001030b7
:1034bc00d14bcb189eb2082e06d8b300cf4ef35882
:1034cc009f46059b012b01d00db0f0bd08aa02212f
:1034dc0005f02afe99239b00fb5c022b0cd0032bde
:1034ec002ed0042bf0d108ab1b78002becd19923f8
:1034fc009b000122fa5407e008ab1b78002b14d177
:10350c0099239b000122fa5498239b00fc58002c11
:10351c00dad09a239b00fb1899229200ba5cac215a
:10352c00890079582800a047cee799239b000322f5
:10353c00fa546033f818313200210cf05bffe3e7ea
:10354c0008ab1b78002bbfd199239b000122fa54a6
:10355c00dae7059b022bb7d108ad013b2a0002210b
:10356c0005f0e2fda64bfa182000183001230221c9
:10357c0005f0dafd2a78012313409a229200bb54fd
:10358c00a2e7059b012b9fd19e4b9c4661444b426d
:10359c0059414c1c022308aa022105f0c5fdad239c
:1035ac009b00fe58002e00d18ee708ab1b88ae2284
:1035bc009200b958009400222800b04784e7059b7c
:1035cc00012b00d080e7013308aa022105f0acfde5
:1035dc00af239b00fc58002c00d175e70433f9583d
:1035ec0008ab1a88022393429b415b425b00029317
:1035fc0000230193009300222800a04764e7059b59
:10360c00012b00d060e708ac01332200022105f049
:10361c008bfd23885a4253410233af229200bc588f
:10362c00002c00d150e70432b958029300230193c7
:10363c00009300222800a04746e7053a012a00d94a
:10364c0042e7012308aa022105f06efd2000183084
:10365c000123192202a98c466244022105f064fd63
:10366c002000203001231a2202a98c466244022138
:10367c0005f05afd00230993059b052b1ad1af23a6
:10368c009b00fe58002e26d00833fb5c002b03d089
:10369c00b1239b00fb180993e36ab0229200b9583e
:1036ac0001220292628e0192626b009208aa28009b
:1036bc00b04710e020003030022307aa022105f0a9
:1036cc0033fd200038300223162202a98c466244b6
:1036dc00022105f029fdb1239b00f81834220021aa
:1036ec000cf088fef0e6012a00d8ede60123162244
:1036fc0002a98c466244022105f016fd02ab9b7dab
:10370c002a2b00d9c3e002ab9b7d9b003e4ad358c9
:10371c009f462000183001233c4aba18032105f0bb
:10372c0003fd002800d1cfe6b1239b000122fa54ff
:10373c00cae6b2239b00fa18200018300423032198
:10374c0005f0f2fc0028efd1bee6b5239b00fa1879
:10375c00200018302023052105f0e6fc002800d1bc
:10376c00b2e6bd239b000022fa54dde7b3239b0095
:10377c00fa18200018300423032105f0d5fc00288a
:10378c00d2d1a1e69b239b00fa1820001830042309
:10379c00032105f0c9fc97e61d4bfa1820001830e0
:1037ac003023052105f0c0fc8ee69d239b00fa1802
:1037bc00200018300223032105f0b6fc84e6154bdb
:1037cc00fa18200018300223032105f0adfc7be62b
:1037dc009f239b00fa18200018300123032105f0c9
:1037ec00a3fc71e69e239b00fa18200018300123dd
:1037fc000a2105f099fc67e600f8ffff64a50000bc
:10380c0069020000fcf7ffff88a50000c50200005c
:10381c007d02000076020000059b032b00d053e6ce
:10382c00bf239b00fb58002b00d14de6e2690892a8
:10383c00628b0992626a0a92628c0b9208a9280028
:10384c00984741e69c239b00fa182000183004236b
:10385c00032105f069fc37e6154bfa1820001830e7
:10386c0001230a2105f060fc2ee6124bfa18200009
:10387c00183001230a2105f057fc25e60e4bfa18e7
:10388c002000183001230a2105f04efc1ce60cf038
:10389c0021ff032800d817e60cf016ff162302aa06
:1038ac00944663441a78054909f0b2fa0ce6c0460e
:1038bc00790200007a0200007b020000600a00001e
:020000040000fa
:1038cc0070b582b00c00152800d9fae18000ce4bff
:1038dc001b589f4600230b60cc4b18680cf082f9e8
:1038ec002060cb49cb4a00200bf056fc02b070bdd7
:1038fc00c94b1b68013304d0c74b1b6823600020e5
:10390c00f4e70021002008f073fdc34b1860013070
:10391c00f2d1c249002009f07bfada22bc499200ac
:10392c0000200bf039fce1e7bb4b1b680b6000205f
:10393c00dce7bb49b84b18680af058f9b449b94ae6
:10394c000bf02afcd2e7b44b186809f027fa0028d0
:10395c0011d1b14b1868012109f0caff00280fd111
:10396c00ad4b1868012109f093ffe322a84992009e
:10397c000bf012fcbae7a649ab4a0bf00dfcb5e70d
:10398c00e222a34992000bf007fcafe7a749a24b38
:10399c0018680cf09ff800280dd1a54ba54aa64934
:1039ac009d480068a54c009401f0fafd9849a44a82
:1039bc000bf0f2fb9ae79649a24a0bf0edfb95e768
:1039cc00954b186809f0c4ff91499f4a0bf0e4fb32
:1039dc008ce7914b186809f0cdfd00280bd18e4b6c
:1039ec00186800230022002109f0d8fb8849974a67
:1039fc000bf0d2fb7ae78649954a0bf0cdfb75e7c5
:103a0c0009788d480cf052f88149924a0bf0c4fbae
:103a1c006ce789480af0e6ff7d498f4a00200bf0dd
:103a2c00bbfb63e7824b621e94411c7478498b4a42
:103a3c0000200bf0b1fb59e748680cf07bfb06004b
:103a4c007d480bf048ff051e05d07149844a2800bb
:103a5c000bf0a2fb4ae777480cf0b0fa051ef4d144
:103a6c00f2b2616874480af09bfe051eedd1237b0f
:103a7c00052b34d89b007b4ad3589f466d480cf0dd
:103a8c000bfd05002378002b2ed1637b002bdcd0a3
:103a9c006649614c20680cf01df8654b654a664917
:103aac0066480090206801f07bfd0500cde70321fe
:103abc0020000cf08df90500e4e7022120000cf049
:103acc0087f90500dee7042120000cf081f90500e0
:103adc00d8e7052120000cf07bf90500d2e76249fc
:103aec00002009f095f9b0e7012baed1a17b52482b
:103afc000bf0dcff051ea8d14d4e30000cf048f940
:103b0c00e37b3374a1e74a4b4a4a4b49424800686d
:103b1c00564c009402f0d4f9f5223d4992000bf07a
:103b2c003bfbe3e64b883c4a1068002200920021e4
:103b3c0004f0f0fd00280ed12178374b18684c4b5f
:103b4c0000930023002204f091f8f92230499200ee
:103b5c000bf022fbcae62e49464a0bf01dfbc5e6cc
:103b6c000cf0eafd444b00221a700cf0e9fd2178b0
:103b7c00294b18683e4b00930023012204f076f881
:103b8c0023493e4a0bf008fbb0e600290fd0080091
:103b9c000cf0d0fa3a4bc2b21f490868210006f06b
:103bac003bffff221a4992000bf0f6fa9ee61849e9
:103bbc00344a02200bf0f0fa98e6334a164b186898
:103bcc00022107f035fc1249304a0bf0e5fa8de67c
:103bdc000b78002b09d0104b1868012109f0e8fe76
:103bec000b492b4a0bf0d8fa80e60b4b18680021d6
:103bfc0009f0defef4e7274b5960002076e6254bf2
:103c0c001960002072e6c04688d20000284b0020c4
:103c1c00e80101005d030000e44b0020ac0f000044
:103c2c0091ce00007903000082030000ddda000071
:103c3c00e04a0020d4480020e04900201df4000098
:103c4c009a03000096030000a1030000ae030000dd
:103c5c00aa030000b6030000be030000c603000068
:103c6c00cd030000e0d20000d40f000017020100c9
:103c7c0025df0000df0300000b4a0020ef030000eb
:103c8c0001f60000f70300009db7000003040000dc
:103c9c0012040000904b00200d4b18680d4b009344
:103cac0064230a00012107f0bbfa0b490b4a0bf005
:103cbc0073fa1be60a4b1a680a605b684b600020bb
:103ccc0014e60849002009f0a3f8012040420de653
:103cdc00e44b0020e9bd0000e80101002a040000cb
:083cec00904b00200c100000b9
:020000040000fa
:103cf40070b582b000280bd08568002d08d0022b47
:103d040008d0032b5fd0012b02d110000bf0f8f880
:103d140002b070bd069b002bfad01b88069a51880e
:103d2400f022520193422ed016d8c0229200934220
:103d340022d0d02252019342ead1c9b2002902d141
:103d44003c230122ea54826868230021d154eb6e9b
:103d5400002bddd09847dbe7842292019342d7d130
:103d64007023eb56013312d07023fd22ea546b6f9b
:103d7400002bcdd0002122e0c9b20029c8d12423d0
:103d84000122ea54c4e739230022ea54c0e7782325
:103d9400ea5c0023002a0bd084239b01994200d1c2
:103da40089e1c74b994200d187e14b4259414bb25b
:103db4007022ab546b6f002baad081687031984786
:103dc40000236b67a4e7069b002ba1d05b88069aaf
:103dd4001279140006981030e82149018b4200d171
:103de4002fe11ed9f02149018b4200d184e08421c6
:103df40089018b4200d08be7012a00d888e72a008a
:103e040071320123022105f093f92a0072320698d7
:103e140018300123022105f08bf97023ff22ea54a4
:103e240076e7c02189008b421ed0d02149018b4204
:103e340000d06de7012a00d86ae701ae04233200fe
:103e4400042105f075f933880e2b73d00f2b7ad02b
:103e5400012b00d0e8e02a004032069818300333e2
:103e6400022105f065f953e7022a00d050e76b46ba
:103e7400dc1c01232200022105f05af923780d2bc2
:103e840024d00cd80a2b15d00b2b28d12a002a3287
:103e9400069818300223062105f04af938e70e2b5c
:103ea4001dd12a003432069818300423062105f067
:103eb4003ff92de706981830042301aa022105f0e2
:103ec40037f9019b1a0cea842b8521e72a002c324e
:103ed400069818300523062105f02af918e70cf096
:103ee400fdfb032800d813e70cf0f2fb6b46da78ed
:103ef400744908f091ff0be7022a00d808e70698f6
:103f04002030042301aa022105f012f9019bc022ea
:103f1400d205934206d06c4a934207d0382301223b
:103f2400ea54f5e638230222ea54f1e63823032260
:103f3400ea54ede62a00443206981830012302219f
:103f440005f0f6f8e4e6032c00d8e1e601ab022222
:103f54009a5e012a00dddbe612014832aa180698af
:103f640018300423022105f0e3f801ae0223f25ec7
:103f740012014c32aa18069820300423022105f0bd
:103f8400d7f80223f25e05321201aa1806982830e7
:103f94000423022105f0ccf8042c07d80222b35ed6
:103fa4001b01eb185433ff221a70b1e66b46dc1c7c
:103fb4000698303001232200022105f0b9f8237855
:103fc400022b1fd00ad8002b13d001ab02229b5e18
:103fd4001b01eb18543301221a7099e6032b1ad1f2
:103fe40001ab02229b5e1b01eb18543303221a70af
:103ff4008ee601ab02229b5e1b01eb1854330022b8
:104004001a7085e601ab02229b5e1b01eb18543348
:1040140002221a707ce601ab02229b5e1b01eb18a4
:104024005433ff221a7073e60cf058fb032800d8af
:104034006ee60cf04dfb01ab1a88244908f0ecfe47
:1040440066e6022a00d063e601ac012322000221c5
:1040540005f06ef82378022b0dd0032b15d0012b1d
:104064001cd1cc239b00ea180698183004230221a3
:1040740005f05ef84ce6cb239b00ea18069818304e
:104084000223190005f054f842e6114bea18069889
:1040940018300223190005f04bf839e60cf01efb2a
:1040a400032800d834e60cf013fb01ab1a78094955
:1040b40008f0b2fe2ce602237ae6032378e6c04633
:1040c400012100009808000000000f60b008000003
:0840d4002e030000c8080000e3
:020000040000fa
:1040dc00f0b58db00e0017001a00c448002403e0a0
:1040ec0001344c300a2c12d00579002df8d001681f
:1040fc008e42f5d1be4b1d68062f11d0002a15d16a
:10410c000394082f10d8bf00ba4bdb599f46b84b0d
:10411c001d68062f04d0b849002008f079fe03e092
:10412c00002208213000a8470db0f0bdb3493b0078
:10413c00002008f06dfe30000af0f2ff0221300082
:10414c0006f008fcf0e7ae4b4c2203994a439b184f
:10415c001a8d002a47d0aa4b4c21039841435b1877
:10416c009b7a590600d498e0042a6fd04c23634301
:10417c00a44a9b18a44aa1caa1c3190013680b60d6
:10418c009f4a4c21039b4b43d318188d9881588d13
:10419c00d8814c4321000c3189181c22300002f0cc
:1041ac0003ff01305cd0964b4c2203994a439b1879
:1041bc001b8d042b60d005ab944aa4181a0083cc39
:1041cc0083c22168116000221a611432009200210e
:1041dc00300000f035f98a4b4c2203994a439b1866
:1041ec0001225a72a0e74c216143894bc9181c3239
:1041fc00300002f0d9fe013017d0814b4c220399cc
:10420c004a439b189b7a5b071bd47d4b4c2203992a
:10421c004a439b189b7a1b0700d485e7784b4c22aa
:10422c004a439b1801225a727ee77a49002008f013
:10423c00effd30000af074ff0221300006f08afb1b
:10424c0072e70221300004f0ddfddee700200bf008
:10425c00dffd6b4b4c2203994a439b1818618fe787
:10426c006c49002008f0d4fd30000af059ff0221ff
:10427c00300006f06ffb57e7674b1a5905921c3b51
:10428c001b590693002307930c33009305ab232291
:10429c000021300000f0d4f89de79b061ed45f4b44
:1042ac0000221a604c2161435d4bc9181c3230004e
:1042bc0004f08cfc013000d036e7584b1b68962b71
:1042cc0000d131e75749002008f0a2fd30000af078
:1042dc0027ff0221300006f03dfb25e7524b04225c
:1042ec000092033afd21300000f0aaf8002803d117
:1042fc004e4908f08dfdd2e7484b1a684c49002016
:10430c0008f086fdcbe73e4b4c2203994a439b18a1
:10431c009b7a5b0600d507e74649002008f078fd3c
:10432c0002e71c2304933d4b00221a6004aa05a942
:10433c00300006f01dff431c0dd1384b1b680b2bb6
:10434c0000d1f1e63c49002008f062fd022130006a
:10435c0006f000fbe8e64c2122004a430c32284bc5
:10436c00d218039c61435b18997a0023009305ab28
:10437c0007f014fe002801d001234372002207210c
:10438c003000a847d0e61e4b4c2203994a439b1899
:10439c009b7a9b0600d5c7e6194b4c224a439b18c7
:1043ac0001225a72002200213000a847bce62349a2
:1043bc00002008f02dfd124b4c2203994a439b1808
:1043cc0001225a72002201213000a847ace60022db
:1043dc0003213000a847a7e6002204213000a8479b
:1043ec00a2e6002205213000a8479de610420020dd
:1043fc00884b002080fc0000380c0000580c00009a
:10440c000c42002020420020840401003c42002089
:10441c0018420020880c000038420020cc4b0020b1
:10442c0034420020f00c00000a4a0020b00c0000be
:10443c00cc0c0000200d0000400d0000580d0000b9
:020000040000fa
:10444c00f0b5d6464f464646c0b582b00f001600b2
:10445c009846b94ce40fe40704432ed02378db07cd
:10446c0031d58021b54b1868490005f03ffb8146da
:10447c0000282ed0b24b802100940222490009f072
:10448c00adf8051e2bd0002f4bd1142e00d121e1fd
:10449c00232e00d15ce1012e00d0dde00a9b042b21
:1044ac0000d0e4e0a1880023019343461b680093ed
:1044bc000223202208f038fc4ee0a24b09221a609d
:1044cc000120404252e09f4b0e221a6001204042d4
:1044dc004ce09c4b0c221a600120404246e0974b6a
:1044ec00186849460af09ef8964b4d221a60012036
:1044fc0040423be0a3896326042b00d0ade0434649
:10450c0018680bf085fc000f0e2800d0b1e0c246f5
:10451c0020002c30042241460bf062ff04275b3e46
:10452c00f5e0894b9f4227d0062f00d181e0fd2f6b
:10453c0000d0b8e0e388fd2b00d0b6e0012e00d00f
:10454c00b5e00a9b042b00d0b3e0033b63704346f9
:10455c001a78a18809f03cf97c4b1868290004f002
:10456c003bf803000020002b00d1a8e002b0e0bc17
:10457c00ba46b146a846f0bd092e3ed019dd0d2e27
:10458c0049d0642e29d10a9b042b00d081e04346ec
:10459c001b68dab2022a00d97de003221a405201cc
:1045ac00237860218b4313432370210007f0cafd4d
:1045bc00d2e7072e13d0082e0dd10a9b042b62d103
:1045cc00a1880023019343461b6800930223042215
:1045dc0008f0aafbc0e763263fe063263de00a9b98
:1045ec00042b4ed1a1880023019343461b680093f2
:1045fc000223052208f098fbaee70a9b042b44d15a
:10460c00a1880023019343461b68009302230322d5
:10461c0008f08afba0e70a9b042b38d1a188002361
:10462c00019343461b6800930223012208f07cfb94
:10463c0092e7237a022b30d1012e30d10a9b042b26
:10464c002fd1a1880023019343461b6800930223ba
:10465c00022208f069fb7fe76326384b186849464d
:10466c0009f0e0ff374b1e60012040427ee7162622
:10467c00f3e71626f1e76326efe71626ede70c269f
:10468c00ebe71626e9e71626e7e71626e5e71626f2
:10469c00e3e71626e1e71626dfe76326dde7632668
:1046ac00dbe71626d9e76326d7e76326d5e763262b
:1046bc00d3e71626d1e76326cfe76326cde71f4b5a
:1046cc001868494609f0aeff1e4b4d221a600120b6
:1046dc0040424be74346002bedd0200028301c22f3
:1046ec0000210bf087fe0a9b6326142bb5d1a389fe
:1046fc00062bc0d143461b78ff2bbed1c2462000ef
:10470c003030102241460bf06bfe10270926a3898e
:10471c002385e3896385200003f0f2f90028aed0ed
:10472c00a188e3895bba9bb2019300975346320090
:10473c00280008f08bfc0fe7b8470020a44b0020a2
:10474c00092c0000cc4b0020ffff0000b44b0020d4
:10475c004346002bb1d0200028301c2200210bf046
:10476c0049fe0a9b0c2b00d1c4e6632675e7c046b4
:020000040000fa
:10477c000023f0b51600b1b0039007910493079d88
:10478c002b78002b00d1cfe001235b420c9310abb4
:10479c0000240e9380230b940d940f932b5d002b10
:1047ac0001d0252b30d1002c06d0290022000398f3
:1047bc002d190bf02af90795079b1a78252a00d09a
:1047cc00a7e001331800002105930793243a0378de
:1047dc002b2b25d02dd8202b25d0232b26d00029d0
:1047ec0000d007902a2b2cd00af05cfa01250d90f2
:1047fc000020079a11000b780132303b092b64d949
:10480c0000282dd007912be00134c7e701230b9929
:10481c000b430b9311000130d9e702230b99f7e7f7
:10482c0004230b99f4e708230b99f1e710230b9958
:10483c00eee72d2bead0302befd00029d4d0079007
:10484c00d2e7336801301a1d1b68079032600d9354
:10485c00002b05da01220b995b424a400b920d9317
:10486c000b9bda0702d5022293430b93079b1a7812
:10487c002e2a0dd100270c975a785d1c07952a2af1
:10488c0025d10233079333681a1d1b6832600c93d1
:10489c0007a80af0e3fe079d070028780bf099fea5
:1048ac00252800d1d5e06138172800d9dbe00bf0c2
:1048bc00bffd1fdab63ea6a6a6da3edadadada9c35
:1048cc005e7fdadac6da4edada6e280092e7280072
:1048dc000af0e8f901210c902a0013780135303bdd
:1048ec00092b03d9002fd3d00792d1e70f00f3e7a0
:1048fc003200390008a80af0fafd002800d17be04c
:10490c006b1c079303982b7808aa0ba9fdf7acfa3c
:10491c002418049b1c19a34200dcb0e04f22594b15
:10492c001a6001235b420493049831b0f0bd33004c
:10493c000122390008a805f067fc00285cd001357d
:10494c00039808aa0ba9079506f022fee0e73300ae
:10495c000022390008a805f057fc00284cd001357e
:10496c00039808aa0ba9079509f085fbd0e733003b
:10497c000022390008a805f047fc00283cd001357e
:10498c00039808aa0ba9079508f0e8fcc0e73300c8
:10499c000022390008a805f037fc00282cd06b1c2d
:1049ac0007932b78039808aa0ba903f04bffafe7ea
:1049bc0033000022f02108a805f026fc00281bd0ab
:1049cc00089b099a0135079513430cd12e4d2800ed
:1049dc000bf0b0fb290002000b9b00930d9b03987e
:1049ec0008f07af894e77823dce7049b39001a196d
:1049fc0008a8330008f0e7f80135079589e732007d
:104a0c00390008a80af073fd0028f5d06b1c079339
:104a1c0003982b7808aa0ba9fcf7aeff78e7802f38
:104a2c00ead1336801351a1d1b68326008aa13706d
:104a3c000123079503980ba909f0bcfc68e7802fac
:104a4c00dad132680135131d3360126800230795e3
:104a5c00f0e7802fd0d10b9b0135009301220b493d
:104a6c000d9b0795bbe7059b012207930023524240
:104a7c000c9206490b930d9300930232afe704940a
:104a8c007de6c046cc4b00205cfd000062fd0000c2
:020000040000fa
:104a9c0010b59c4b1a78172a0ed893009a4ad35803
:104aac009f460bf02ff90af0dbf8984900200af02a
:104abc0053fd944b01221a7010bd95490020fef74e
:104acc00fffe0028f8d18f4b02221a70f4e78d4bb1
:104adc001b7a5bb2022b03d08a4b01221a70ebe7d4
:104aec00884b03221a70e7e78a490120fef7e8fe9b
:104afc00002803d0834b17221a70dde786490af091
:104b0c002bfd804b04221a70d6e784491320fef744
:104b1c00d7fe0028d0d182490af01efd794b052220
:104b2c001a70c9e77f49072001f0b8f80028c3d1f3
:104b3c007d490af011fd734b07221a70bce77b49c3
:104b4c000420fef7bdfe0028b6d179490af004fd19
:104b5c006c4b08221a70afe776490520fef7b0fec1
:104b6c00002803d0674b17221a70a5e772490af088
:104b7c00f3fc644b09221a709ee7624b1b7b002be3
:104b8c009ad06e4900200af0e7fc5e4b0a221a709c
:104b9c0092e75c4b5b7b002b00d18de768490020d2
:104bac000af0dafc574b0b221a7085e7554b9b7bae
:104bbc00002b00d180e7634900200af0cdfc514b5b
:104bcc000c221a7078e700210320fef779fe0028ea
:104bdc0000d071e75c490af0bffc4a4b0d221a70f9
:104bec006ae7484bdb7b002b00d165e75749002077
:104bfc000af0b2fc434b0e221a705de754490020b8
:104c0c0001f04cf8002800d056e752490af0a4fcf9
:104c1c003c4b0f221a704fe74d49012001f03ef832
:104c2c00002800d048e74c490af096fc354b10227e
:104c3c001a7041e7334b1b7c002b00d13ce74749f2
:104c4c0000200af089fc2f4b11221a7034e72d4bef
:104c5c005b7a002b00d12fe7414900200af07cfc45
:104c6c00284b12221a7027e700211220fef728fe8b
:104c7c00002800d020e73b490af06efc214b1322a0
:104c8c001a7019e70bf050f8374900200af064fc51
:104c9c001c4b14221a700fe73449062000f0feff5b
:104cac00002800d008e732490af056fc154b1522b3
:104cbc001a7001e7134b9b7c002b00d1fce6114cc6
:104ccc000023a3742b4900200af046fc1623237002
:104cdc00f2e601211220fef7f3fd002800d0ebe6ee
:104cec00084c0123a37224490af036fc11232370cb
:104cfc00e2e6224900200af02ffc024b11221a7026
:104d0c00dae6c046044500203cdb0000d010000071
:104d1c000c45002008450020ec1000007dc8000068
:104d2c00101100007ddf0000401100007011000028
:104d3c0080110000384b0020a8110000c8110000a1
:104d4c00f01100001c120000481200006812000054
:104d5c00704a002090120000b0120000d412000023
:104d6c0004130000201300004c1300008c4800209a
:104d7c007c130000a0130000c8130000f8130000ff
:020000040000fa
:104d8c00904a00201c000000000000002c4a00206b
:104d9c000400000000000000984b002004000000fc
:104dac0000000000ac4a00201c00000000000000c5
:104dbc009c4b002004000000000000002c47002049
:104dcc008c00000000000000a04b0020040000003c
:104ddc0000000000d84b00200c0000000100000077
:104dec0000000000000000000000ffff084b002046
:104dfc001000000000000000a44b00201000000078
:104e0c0000000000b84700208400000000000000f3
:104e1c00b44b00200400000000000000a83e00205d
:104e2c006403000000000000c84a002018000000c5
:104e3c0000000000003000206708000000000000a7
:104e4c000c4a00202000000000000000304a002026
:104e5c004000000000000000d8450020c000000009
:104e6c0000000000484b00200c0000000000000077
:104e7c006738002001000000000000008849002075
:104e8c002c000000000000000000002000200000aa
:104e9c000000000018490020400000000000000045
:104eac00544b00200c0000000000000017490020ab
:104ebc000100000000000000094a00200100000071
:104ecc000000000000200020001000000000000086
:104edc00604b00200c00000000000000784b00200c
:104eec001000000000000000184b00201000000013
:104efc00000000000a4a0020010000000000000031
:104f0c000c420020f802000000000000b84b00200a
:104f1c000400000000000000884b00200800000086
:104f2c0000000000d64b0020020000000100000031
:104f3c00010000006838002040060000000000005e
:104f4c00584900203000000000000000d54b002024
:104f5c00010000000100000001000000904b002047
:104f6c000800000000000000e04a002014000000cf
:104f7c00000000000b4a00200100000000000000af
:104f8c00e04900202900000000000000d448002067
:104f9c004300000000000000e44b0020040000006f
:104fac0001000000ffffffff284b00201000000055
:104fbc0000000000f44a0020140000000000000073
:104fcc008c4800204800000000000000704a0020bf
:104fdc002000000000000000384b002010000000f2
:104fec000000000004450020d40000000000000078
:104ffc00984600209400000000000000d44b0020d4
:10500c000100000000000000bc4b0020100000005c
:10501c0000000000e84b002004000000010000002c
:10502c0001000000cc4b0020040000000000000038
:10503c003c4800205000000000000000b449002053
:10504c002c00000000000000d04b002004000000e9
:10505c00000000006c4b00200c0000000000000061
:10506c000000000000000000666666666666666604
:020000040000fa
:10507c00f0b5c64600b598b0041e08d0022b0ad075
:10508c00032b51d0012b02d1100009f035ff18b0c1
:10509c0080bcb846f0bd1e9b002bf8d01a885d88ea
:1050ac008368002bf3d0e0235b019a42efd11e9b67
:1050bc00587a0128ebd9d96804aa09f027fc0028f2
:1050cc00e5d003ae04233200042104a804f02cf82c
:1050dc0031880a2909d00b001e3b9bb2042bd6d871
:1050ec0006aa200004f024f9d1e7a368d322920089
:1050fc009e58002ecbd0edb2002d07d00021995038
:10510c0000910b000a002000b047c0e71e9a527aab
:10511c00022abcd1d32292000021995032000131d5
:10512c00200006f085f9b2e71e9b002bafd08368f8
:10513c00002bacd0e0235b011e9a52889a42a6d178
:10514c001e9b1b79022ba2d103ad1e98103002338b
:10515c002a00042103f0e8ff29880b000a3b9ab2cd
:10516c00182a00d9d3e093006f4ad3589f46a368fe
:10517c0088229a5c04ae002a01d17e331e00771c73
:10518c001e98183006233a00052103f0cdffc3b258
:10519c0098463370002b00d179e7a5688823eb5c27
:1051ac00002b00d173e7c2b229007f3138000af01e
:1051bc003efe002803d17e23eb5c434514d028002f
:1051cc007e300a2200210bf015f9a0687f3032786e
:1051dc0039000bf005f9a26831787e23d154a2680e
:1051ec000a330021d15452e7d3239b00ea58002103
:1051fc00e9500131200006f01bf948e7a268d323df
:10520c009b00d358002b00d141e703ab02215b5e1e
:10521c00013334d004ad0023049305932b811e98e5
:10522c001830063311226a44052103f07dffc0b209
:10523c002870002800d12ae703ab02255d5fa66821
:10524c007d23f75cbd4200db21e7062231007f3174
:10525c00112068440af0ebfd0023984204d19633e8
:10526c00f25a04ab1a810123691cc9b204aa009238
:10527c00d3229200b5583a002000a84707e77d32a8
:10528c001e9818300123022103f04effffe6a2689e
:10529c0096321e9818300223190003f045ffa368bc
:1052ac009622995a103a9952a36802329a5c002ab3
:1052bc0000d0ece6d32292009d58002d00d1e6e6fa
:1052cc0000219950a3687e33009301231a00190022
:1052dc002000a847dbe6a268d4239b00d358002b00
:1052ec0000d1d4e61e981830012304aa022103f041
:1052fc001bffa268d4239b00d35804a92000984715
:10530c00c5e61e9a1832200004f012f8bfe60bf026
:10531c00e1f9032800d8bae60bf0d6f903ab1a88ea
:10532c00024907f075fdb2e6b4d600007c0b000014
:020000040000fa
:10533c00f0b5d6464f464646c0b586b004000d00c3
:10534c0017001e00411e033100d900e18368984606
:10535c00002b00d1fde0002e00d1fce08378002b67
:10536c0000d1fae0002a00d10ae110000af0e2feb6
:10537c008146002d00d185e06b68002b6dd0972203
:10538c00920041468a5c032a00d1ede04a46002a8d
:10539c0003d15b88002b00d1e8e07f4a0e992031c5
:1053ac00494423000b2009f025fd8046002800d13c
:1053bc00dee00022002106f039fe6b68002b1dd0c8
:1053cc005b78002b77d16b685b68002b00d07fe09b
:1053dc006b685b88002b0dd0002f0bd00022009245
:1053ec0003322321404608f071fe0122232140465e
:1053fc0006f01cfe6b681a7c002a76d1a3689722f3
:10540c0092009a5c052a00d184e0002f00d18de037
:10541c00ab786a7829780e980490039648460290e7
:10542c00019705200090404606f00af9a068414615
:10543c0009f01ef9002800d1a0e0119b002b01d02f
:10544c0042461a60a268ad239b000f99d150a26806
:10545c0004331099d150002080e0002f00d189e056
:10546c004d4a0e9bc1182300032009f0c3fc804653
:10547c0008204346002b71d000220021404606f044
:10548c00d5fd9ae7444a0e9bc1182300032009f06e
:10549c00b1fc8046002800d16ee00022002106f00d
:1054ac00c5fd002d89d1a368972292009a5c052a2c
:1054bc002fd03a4dace70022009203320121404636
:1054cc0008f004fe01220121404606f0affd7ae708
:1054dc000022009203320221404608f0f7fd01221f
:1054ec000221404606f0a2fd72e7102292469a4431
:1054fc00202150460af02afe009053460522032133
:10550c00404608f0e3fd01220321404606f08efde3
:10551c0074e7224dbe2292009b5c002b00d174e7f5
:10552c0001222621404606f081fd6ee7ab786a78b1
:10553c0029780e98049003960020029068684088a1
:10554c00019003200090404606f07af86ee70220a6
:10555c0004e0022002e0022000e0012006b0e0bce2
:10556c00ba46b146a846f0bd0220f7e70220f5e79f
:10557c000820f3e70220f1e70820efe70820ede729
:10558c000220002dead06b6800229146002b00d03f
:10559c00f5e60220e2e7c046ddb200002c07010070
:020000040000fa
:1055ac00f0b5d6464f4680b58bb004000d00160002
:1055bc000393431e033300d90ae18368002b00d107
:1055cc0008e18278002a00d106e1002900d1c6e06a
:1055dc000021280008f04cfe002800d103e1002e29
:1055ec0000d0c4e02823eb5c9a46002b08d0a268bc
:1055fc009623d35a5246013a1341db0700d4f4e008
:10560c00a36879229a5c002a00d0f0e07a329f5c81
:10561c00002f00d0ede0039a002a00d1b5e01378fa
:10562c00012b00d9e7e0137a022b00d9e5e0774a89
:10563c00230000210b2009f0ddfb8146002800d15e
:10564c00dde02023eb5c00932b00052201210af006
:10565c006ffc0023009353460222042148460af0b3
:10566c0067fc2723eb5c002b00d197e02b00213348
:10567c00062200920532052148460af059fc002efc
:10568c0000d19be00023f35600220092023202214b
:10569c0048460af04dfcb278002a00d086e07278b9
:1056ac000223d10703d45208013b5a401340002275
:1056bc0000920332322148460af03afc039b002b3d
:1056cc0021d05b68002500950322072148460af08b
:1056dc002ffc039b1b7800950322082148460af0f7
:1056ec0027fc039b1b7a00950322092148460af0ec
:1056fc001ffc039b197801955b7800930a231422f5
:10570c00484607f0d6fa0121484608f065ffa06824
:10571c00494608f0adff002800d172e0a268c12311
:10572c009b001299d150a2687a230121d154a2680e
:10573c0022330239d150a2680c330021d154002eef
:10574c0044d000217156a268a723d154a268013b12
:10575c000021d154a26804330131d1523de0002e16
:10576c000dd00021002008f083fd00284bd0300024
:10577c0008f05ef8002800d034e709272de0c1229c
:10578c00920012999950002727e005a80af03cfadc
:10579c00002800d04be705ab039348e700230093a8
:1057ac000b22052148460af0c3fb68e7f31c009264
:1057bc000522032148460af0bbfb70e70023009347
:1057cc000222022148460af0b3fb77e70021bae730
:1057dc00022702e0022700e0012738000bb0c0bc12
:1057ec00ba46b146f0bd0927f7e70227f5e70827c7
:1057fc00f3e70827f1e70227efe70227ede7082791
:10580c00ebe70827e9e70927e7e7c046d5020100df
:020000040000fa
:10581c00f0b5de4657464e464546e0b593b08b464e
:10582c000292914a1268002a00d103e10ea90122ca
:10583c0052420e920f920a818a72040e70210c4011
:10584c009b00dfb2c3039b0f9a46c609f6b2400019
:10585c00c3b205936b3911200aab9c4660440af025
:10586c007eff01231843c3b206933d0057468023a5
:10587c009b00029a9a4234d9520a92b2f93bff3bee
:10588c0001218946490288460ea8752141703b4387
:10589c002b432343f5390b438370c670d305db0fc1
:1058ac0005990b4303714271069b83716e4b1b6808
:1058bc000b220aa99847002800d1bde00aab1a7a3e
:1058cc0012025b7a134300d0cbe04a46002a11d077
:1058dc00fc22d2b20492a14607970896aa460993d5
:1058ec0056e0029a93b29846d205d20d00230021bd
:1058fc008946c9e7fe22ece70eacfe2363704246f4
:10590c00594612200aab9c4660440af069fd434696
:10591c00e31800229a70da704346da1d524b1b686a
:10592c000aa920009847002800d187e0019a1300ab
:10593c000aa98c4663441b791f251d400395951db0
:10594c004b5d002b16d164242f006744464e336800
:10595c000122390000209847002871d0013c0aab85
:10596c005b5d002b04d1002cf1d1039b99464de0db
:10597c00002c52d0039b052b4dd1019b9c46e3443c
:10598c00029ad31a1a00029380239b009a4247d39f
:10599c0043460193042bafd90ea8049b4370324ba2
:1059ac001b6802220021984700284bd02e4b1b6805
:1059bc00019a002158469847002845d00eab00228a
:1059cc005a719a71284b1b6805320aa915200c00d4
:1059dc008c4660449847002838d0a3781f251d407a
:1059ec0003952379002bc5d164241f4e3368012203
:1059fc000ba90020984700282ad0013c0aab1b7940
:105a0c00002bb5d1002cf1d1039b9946ff2000024d
:105a1c004d4605431de09946f8e7039b9946f5e78b
:105a2c004c46079f089e5546099b002a00d01ee74e
:105a3c001d000ee0ff250ce0ff250ae0ff2508e025
:105a4c00ff2506e0ff2504e0ff2502e0ff2500e02e
:105a5c00ff25280013b0f0bcbb46b246a946a046b1
:0c5a6c00f0bd1d00f5e7c046a04b002077
:020000040000fa
:105a7800f0b5de4657464e464546e0b58db00500c2
:105a8800894616009b46824b1b68002b00d1ede02f
:105a980008aa01235b420893099313819372802318
:105aa8005b059d425bd080239b009e427ad9720a97
:105ab80092b2f93bff3b80218900884608ac7521ea
:105ac8006170594689000b43280e702101400b4331
:105ad800e903890f0b43a370eb09e370d305db0fd0
:105ae80069000b43237162710521192002ab9c46a2
:105af80060440af036fe01231843a071644b1b680a
:105b08000b2204a920009847002800d1b0e004aa7d
:105b1800137a1b02507a184300d0ace013005d4a98
:105b28001a809a705a4f2b0045460196984604ab46
:105b38009b78002b44d1642604ac3b6801220a21df
:105b480002a88446614400209847002800d191e0cb
:105b5800013ea378002b2bd1002eeed12ae002ab18
:105b6800da1d00214c4806f0eff8002808d102abf6
:105b780007331b78db0707d4002e90d100207ae08a
:105b8800464b184380b276e002abd91d01230b7057
:105b98000022414806f0d8f8002884d03f4b18432b
:105ba80080b268e0b3b29846f205d20d002385e7cb
:105bb800002e05dc04ab9878ff231b0218435ae03b
:105bc80004ab9b78db0718d56424314b04aeaa4696
:105bd8001d002b6801220a2102a884466144002086
:105be800984700284ed0013cb378db0702d5002c3b
:105bf800efd1dfe75546002cdcd004ab9b78fe2bb9
:105c0800d8d1042d1dd8ea1c214b1b6804a90020fb
:105c18009847002838d004ac2a00210048460af0ea
:105c2800e1fb63199b78a370a944019b5b1b1a00d5
:105c3800019380239b009a4200d378e745461600db
:105c48009ae7134b1b682a0049460020984700280a
:105c58001cd00f4b1b68032204a91f2002aca446ca
:105c6800604498470028dfd1ff2004e0ff2002e0cd
:105c7800ff2000e0ff200db0f0bcbb46b246a946ad
:105c8800a046f0bdff20f6e7ff20f4e7ff20f2e78b
:105c9800a04b0020ffffff000800001000ffffffdf
:020000040000fa
:105ca80030b589b004000d0001235b42079307a9b2
:105cb8000220fdf707fe092c00d9ede0a4007a4b7d
:105cc8001b599f46ab7c002b15d10023ab77ab7fcc
:105cd8002a8a2968079803f0a5f900282dd1eb68ce
:105ce800aa686968079804f0b5f9b3226f495200a9
:105cf80009f054fa32e00023ab7700210b20fdf7be
:105d0800adf929001e310c20fdf7a8f9ab7f002b57
:105d18000cd069690120fdf7a1f90130d7d15622cd
:105d28006249ff32092009f039fa17e050225f4929
:105d3800ff32092009f032fa10e062225b49ff3293
:105d480009f02cfa0ae02b7e032b09d00020052b42
:105d580012d07e225549ff3209f020fa09b030bd31
:105d68006a8b697e079800230293514c0194009333
:105d7800033300f0b3faece7002305930693aa8bec
:105d880004926a8b697e07980293494b019304ab8e
:105d98000093052300f0a2fadbe70798002106f03c
:105da800affcc2224149520009f0f8f9d6e704ab2a
:105db8002a781a706a785a70aa789a702b7b032b03
:105dc80018d0052b19d0ac6820000af0b5f90100ed
:105dd8006a680798002303930293364b0193009156
:105de800230004a9fff7a6facf223049520009f090
:105df800d5f9b3e700230593e5e72b0014330593a2
:105e0800e1e72b7b032b08d00020052b10d0b6220e
:105e18002649ff3209f0c2f9a0e76a68697807984d
:105e280000230193244b0093002303f075f8eee759
:105e38002b0010336a6869780798002401941e4c77
:105e4800009403f069f8e2e70798290007f060fb7f
:105e5800be221649ff3209f0a1f97fe7174b5d60b2
:105e6800c4221249ff32002009f098f976e7134b53
:105e78001d60e5220d495200002009f08ff96de7f9
:105e88000e4b1a682a605b686b60ea220749520069
:105e9800002009f083f961e70949002006f0bafffc
:105ea800012040425ae7c04658fb0000d0010100db
:105eb800d5e1000099f500007dda0000804b002054
:045ec800080c0000c2
:020000040000fa
:105ecc00f0b5ce46474680b589b004000d001600eb
:105edc001f00431e033300d9e4e08368002b00d17c
:105eec00e2e08278002a00d1e0e0002900d1b3e0a2
:105efc000021280008f0bcf9002800d1dce0002ebd
:105f0c0000d0b1e0a36899462823eb5c9846962311
:105f1c004a46d35a4246013a1341db0700d4cde03e
:105f2c0079234a46d35c002b00d0c9e07a33d35c8a
:105f3c00002b00d0c6e0002f00d1a3e03b78012b52
:105f4c0000d9c1e0fb683c3b634a934200d9bde0f9
:105f5c00c1239b004a461099d150a2687923012194
:105f6c00d1540022023900239946a36810011b1852
:105f7c00ac331960a3681b18b63348461870a36875
:105f8c000b20844694446046000184466344598146
:105f9c000132082ae9d1514a23000021092008f0d6
:105fac0029ff8146002800d192e02023eb5c00936e
:105fbc002b000522012109f09fff0023009343468b
:105fcc0002220421484609f097ff002e62d00023dc
:105fdc00f3560022009202320221484609f08cff4f
:105fec00f31cb278009205220321484609f084ff85
:105ffc0072780223d10703d45208013b5a40134054
:10600c000022009203323221484609f075ff002f1e
:10601c0015d03b7c002500950a220521484609f045
:10602c006bff3b78009503220821484609f064ff7a
:10603c00fb68009503220921484609f05dff012108
:10604c00484608f0a3faa068494608f011fb012362
:10605c005840c000c0b22ae0002e0dd00021002014
:10606c0008f006f9002835d0300007f0e1fb0028d5
:10607c0000d047e709201ae0c122920010999950ec
:10608c00002014e003a809f083fe002800d05fe78d
:10609c0003af5de70023009302220221484609f07a
:1060ac002bffb4e7022002e0022000e0012009b03f
:1060bc00c0bcb946b046f0bd0920f8e70220f6e7af
:1060cc000820f4e70820f2e70220f0e70220eee7d0
:1060dc000820ece70930eae74451010035ba00002a
:020000040000fa
:1060ec00f0b5d6464f464646c0b584b09246042815
:1060fc003ad006283bd0774b7c221a6001204042d4
:10610c002ce000282ad001281cdd17e02e2a00d014
:10611c00d5e00133c9180137042f00d1d1e0260096
:10612c0000200a5c1300303b092bead8b3009b1902
:10613c005b00303ad61801300328f2d10b78302ba3
:10614c0000d1b8e0ff2e00ddb7e05346de5503006a
:10615c000a5c002adad1033f7842784104b0e0bcf3
:10616c00ba46b146a846f0bd00270024d7e70b7805
:10617c003a2b06d0012676420024202707239c4682
:10618c0037e04b7800203a2be8d10131f2e70022be
:10619c0000200ae00022002007e0303b00e0573be3
:1061ac001201d218013004280cd00b5c2f2b07d90c
:1061bc00392bf2d93b43dbb21d00613d052deed9e5
:1061cc000028cbd0634623405b006d465a53030036
:1061dc000a5c002a06d1002e36da072c04d1884638
:1061ec0000274ee0072c70d03a2a17d10133c9187a
:1061fc0001340b783a2bcad1002ecbda63462340fc
:10620c005b006a46002098524b1c98464b78002b3a
:10621c0015d0072c57d026004146e9e700202e2a3e
:10622c009cd1052c01dc002e51db013407232340cb
:10623c005b00002268461a528846012701e02600be
:10624c000027002e1ddb01e08846002773006b44fd
:10625c009946621c921b5200f31d1b1b5b006b4486
:10626c001800494609f0c2fa07231b1b002b08dd56
:10627c0049469b195b006b4400220a80023199420b
:10628c00fbd1544623006a4610341188080a187052
:10629c00597002330232a342f7d10120002f00d1f2
:1062ac005ce752460c3241460330fff719ffc31727
:1062bc00181ac00f52e7002050e700204ee70020cc
:1062cc004ce700204ae7002048e7002046e7002082
:0862dc0044e7c046cc4b002052
:020000040000fa
:1062e400f0b5d64600b584b00400029103921d00b7
:1062f400431e033300d9d7e08168002900d1d5e0db
:10630400eb1efd221e001640134205d0022630006b
:1063140004b080bcba46f0bd8378002b00d1c7e03e
:1063240099239b00cb5c012b01d00826efe798232f
:106334009b000b9aca50826850330c99d1508068e4
:10634400483b9c466044482200210af057f8a26862
:1063540097239b00d554a16801239e2292008b545d
:10636400a168584a8b54a168574a8b54a168574a6c
:106374008b54a2689f239b000221d1540a9b002bbb
:1063840046d0032d00d195e0514a230000210d2071
:1063940008f034fd071e00d18ee00022002105f034
:1063a40049fe0a9b1b68002b3fd10a9b1b89002bcb
:1063b40048d10a9b5b68002b51d10a9b5b89002b57
:1063c4005ad1a368972292009a5c052a61d00023cf
:1063d4009a460093039b02220621380009f074fdbb
:1063e400534600932b0002220821380009f06cfd6b
:1063f4000299380008f0a8f8a068390008f03cf9c0
:1064040000285dd0a26899239b000221d1547ee725
:106414002f4a23000021052008f0f0fc071e4dd070
:106424000022002105f006fecbe700220092033291
:106434001121380007f04efe01221121380005f029
:10644400f9fdb2e70022009203322121380007f05f
:1064540041fe01222121380005f0ecfda9e70022cc
:10646400009203322721380007f034fe012227214d
:10647400380005f0dffda0e700220092033222215c
:10648400380007f027fe01222221380005f0d2fd52
:1064940097e7be2292009b5c002b98d00122262114
:1064a400380005f0c7fd92e7022630e702262ee702
:1064b40001262ce702262ae7082628e7082626e7ed
:1064c400082624e7790200007a0200007b0200001b
:0464d400ddb2000035
:020000040000fa
:1064d800f0b5d6464f464646c0b588b0041e00d132
:1064e800cce0037a012b09d0038d042b30d0002691
:1064f800062b00d0c3e0b421c9002ae0c16ecb78d6
:10650800002b00d1c2e04822825c981a934200d145
:10651800bee048260ce0ad1aedb26a018a189288ee
:10652800002a0dd10133a355431e00280ed01800b0
:10653800a35d8d785d19edb20a78aa42edd8eae735
:106548006b01c9180b8c98464f8c1ee0012696e00b
:1065580051496823e25a063be75ad719bfb20233ba
:10656800e35a9b1a9bb26622a25aba4201d8bf1ab2
:10657800bfb2081c994200d9181c83b29846d31b95
:106588000025984501dd9bb2984601264346002b1d
:1065980075d007934646a036404b1868310003f083
:1065a800a7fa8146002800d174e03d4b00940122ef
:1065b800310007f015f88246002836d04423e35a04
:1065c8006822a25a9b189bb2227a012a40d1e26e15
:1065d8006d0150198188042934d00c3555191022c1
:1065e8009446073aa188079e0596266ff6190496e1
:1065f800039343460293c08840ba80b20190634631
:1066080000932b00504603f06dfe264b1868514648
:1066180001f0e4ff061e25d06822a35a4344a35282
:10662800203aa35c0133a35429e01f4b1b68002bbd
:1066380001d01e489847194b1868494607f0f4ffdf
:1066480000261ce008355519042294460432c9e78f
:10665800a188079a0192226fd2190092424604f04b
:1066680031fdd2e7104b1b68002b01d0104898472a
:106678000a4b1868494607f0d7ff00e000263000ab
:1066880008b0e0bcba46b146a846f0bd0026f6e719
:106698000026f4e70026f2e7b4050000a44b00202a
:1066a800092c0000b44b00209c4b0020440600003d
:0466b8008c0600004c
:020000040000fa
:1066bc00f0b587b005001400002814d0002a12d0c1
:1066cc00538812798668002e0dd0200010306e4948
:1066dc008c46634499b2042905d88b006b49cb587e
:1066ec009f46022a01d007b0f0bd6b469f1c0223c7
:1066fc003a00022102f018fdaa23f25a3b889a4272
:10670c00f1d1ae68d1239b00f358002bebd0237e44
:10671c00082b0cd0092be6d1628b102ae3d801abe5
:10672c0002211970e16902a809f05afe09e0628b96
:10673c00042ad8d801ab01211970e16902a809f02b
:10674c004ffed8239b00f1561c3bf45801ab0222a0
:10675c002800a047c7e7012ac5d17a23f35c002b98
:10676c00c1d06b469c1c02232200022102f0dcfcef
:10677c00aa23f25a23889a42b5d198230022f254c4
:10678c001e3bf25c023a53425a41524202239a4354
:10679c00033278330021f154c1239b00f358002bb2
:1067ac00a1d031009c31280098479ce7032a00d0e7
:1067bc0099e77a23f35c022b00d194e77a23013a10
:1067cc00f2542233f6500c330022f254a63b320022
:1067dc00aa32022102f0a8fc3200a03220001830ac
:1067ec0006230b2102f0a0fc32009832200020304e
:1067fc000123022102f098fca6230122f254c123aa
:10680c009b00f358002b00d16de731009c31013215
:10681c002800984767e7012a00d064e77a23f35ce5
:10682c00012b00d05fe779330022f254c1239b0087
:10683c00f358002b00d156e731009c31033228006d
:10684c00984750e7012a00d04de77a23f35c022bde
:10685c0000d048e76b469c1c02232200022102f068
:10686c0063fcaa23f25a23889a4200d03be7c12347
:10687c009b00f358002b00d135e731009c310422ea
:10688c00280098472fe7c04600ecffffe802010004
:020000040000fa
:10689c00f0b50f00060015000022634b87b092196b
:1068ac007b41009201936149019b8b4200d9b8e076
:1068bc0004d15f4b009a9a4200d9b2e001215d48a5
:1068cc0049428019794100235b4a08f01bf9060004
:1068dc000f00131e029208da574a9446634402933f
:1068ec0001225242d317b6185f4103200021072220
:1068fc0080197941002308f005f9131e049201da7e
:10690c00073304930023300039004c4a08f0faf89e
:10691c00141e039004da494be4180300013b039363
:10692c002000474904f088ff0600042800d1013eee
:10693c00444f454977433f19380004f07dff04006c
:10694c00192800d1013c6e21404bff316343df1904
:10695c00380004f071ff042800d101383c4b43434c
:10696c00db1900930023984204d10133002c01d190
:10697c00734273419922009952003339ff390591c2
:10698c000099914203da0a003b32d3180593642331
:10699c00c8227343a4002018c018039b0600c71715
:1069ac00d91703980023520008f0c0f9002480196d
:1069bc007941284b009ae35c93422ddd092c04ddd0
:1069cc0001220023801859410c3c0027224e361816
:1069dc004f41002f25d1e121009b64300133eb6046
:1069ec00049b0234ab61059b6861eb610901029861
:1069fc002c6104f021ff3c21a860029804f01cffdc
:106a0c003c2104f063ff029869603c2104f05effb6
:106a1c003800296007b0f0bd009a0134d31a0093f6
:106a2c00c7e701204042f5e78042f100ff84e20114
:106a3c00007b1dfe80a243c780510100b13a0200c9
:106a4c00ac8e00005471ffffb50500004bfaffff40
:0c6a5c0093fefffff806010064000080bc
:020000040000fa
:106a6800f0b40125ed070f005f405ad48b4200d1e6
:106a7800824205d950404240504059404b4059400d
:106a88004e18760ddf187f0d3bd0741c640529d095
:106a9800f41b352c26d80e0ddb022b43db0ac9026a
:106aa8002943c9121700202c1ed2e741e240574063
:106ab800e3415a40a340e3405a400024801859411a
:106ac8000ad3b21c520521d0c207012f6241170018
:106ad8004008cb0718434908013636054208af413c
:106ae80060417141f0bc7047203c06d01f00e7416f
:106af800e3405f400024012a6741c0186141ebd39d
:106b0800dfe7002eeed129400020ebe70136310502
:106b18000020e7e7e742e5d10020c143090dc90499
:106b2800e0e76b400e00871a9e4104d26e40c01bfe
:106b3800b141d21973414e18df18ac0ae642e9d2c6
:106b4800760d7f0d31d0f41b362ccbd8b4460e0d04
:106b5800db022b43db0ac9022943c90a012c32d8bc
:106b680004d1d4075208df073a435b08ef0a6442ae
:106b7800904199411ed0002239424dd124194041fb
:106b880049410124394204d10134001849413942ac
:106b9800fad06246a24204d9361b013e360589194d
:106ba800a0e7f10ac90700209ce736429ad10020e5
:106bb800002197e70200224394d0b842ded20100b8
:106bc80020002024e3d1202c13dd203ce2411700d3
:106bd800a240e2405740e3415a40a340e3405a40b4
:106be800012fbf410137174300227c429841914150
:106bf8000ce01700e741e2405740e3415a40a34008
:106c0800e3405a407c429041994100220f0303d24d
:106c1800013e241940414941013e36054708ac412f
:086c280050417141f0bc7047be
:020000040000fa
:106c3000f0b585b005001400002812d0002a10d04d
:106c4000538812798668002e0bd0200010306449da
:106c50008b4208d063498b4200d18de002398b42d0
:106c60004bd005b0f0bd022afbd102236a460232a6
:106c7000022102f05ffa01af2000183006233a002b
:106c80000b2102f057fa0123bb713900280005f0ef
:106c90007bfc041e21d009f023fd002817d12660bb
:106ca000ff23e372002323736b4602331b88e381c7
:106cb000201d072201a909f099fbc1239b00f3586d
:106cc000002bced00222210028009847c9e709f006
:106cd00001fd454906f0a2f8e1e70021280005f092
:106ce00053fc041edbd109f0fbfc0028b9d009f0ed
:106cf000f1fc3e4906f092f8b3e7022ab1d1d52360
:106d00009b00f358002bacd002236a4602320221ca
:106d100002f010fa20001830042301aa082102f022
:106d200009fa002402e00134082c9ad0aa68230151
:106d3000d318ac331b680133f5d02301d318b63315
:106d40001b78002befd023000b331b01d31859897c
:106d50006b4602331b889942e5d121015118b031ad
:106d6000072202a809f042fbd5239b00f35801aa91
:106d7000002128009847d6e7022a00d071e70223b5
:106d80006a460232022102f0d5f901af2000183024
:106d900006233a000b2102f0cdf90123bb71390023
:106da000280005f0f1fb041e10d001235b420360b4
:106db00000228272c381c1239b00f358002b00d1b3
:106dc0004fe700222100280098474ae709f088fc95
:106dd0000028f0d009f07efc054906f01ff8eae72c
:106de0000112000002120000ec0a00001c0b00005f
:046df0003c0b000058
:020000040000fa
:106df400f0b599b004001500002834d0022b34d02b
:106e0400032b00d196e0012b2dd1002607e0a268c8
:106e1400d0235b000021d1500136022e20d0f20095
:106e2400a3689b18a62252009a5c002af4d0a822d8
:106e340052009a589542efd1a8225200002199504d
:106e4400a268d0235b00d758002fe0d0711cc9b2d0
:106e5400a03bff3b0093002300222000b847d6e765
:106e6400280008f04df819b0f0bd1e9b002bfad095
:106e74008368002bf7d04d4a1e9909889142f2d1bc
:106e8400d02252009b58002bedd01e9b587a00282c
:106e9400e9d05d88d96804aa07f03cfd0028e2d057
:106ea400022303aa190004a802f042f91e9b5b7a8c
:106eb400022b1ad0032bd6d1edb2002dd3d0013b37
:106ec4000e226a44190008a802f032f903ab1978bb
:106ed400a26800230093a133ff33d558a03bff3ba6
:106ee4000e226a442000a847bde7edb2002d15d15b
:106ef400a0685b33ff33c35c02005f32ff3203a937
:106f0400097801350095a035ff3545592000a8477b
:106f1400a268d0235b000021d150a4e703ab197809
:106f2400a06800220092d0235b00c5581300200003
:106f3400a847ede71e9b002b00d194e78368002b44
:106f440000d190e7194b1e9a52889a4200d08ae7e2
:106f54001e9b1b79022b00d085e704ad1e981030d0
:106f640002332a00042102f0e3f80222ab5e01336b
:106f740012d00e256d441e98183002232a000321d6
:106f840002f0d6f8a26804ab02215b5eac335b006e
:106f9400d3182a88da8066e7a2685d32ff321e9829
:106fa40018300123022102f0c3f85ce7011100004c
:020000040000fa
:106fb400f0b583b00d001600664ce40fe4070443fb
:106fc40020d000291ed00f2a1cd92378db071fd517
:106fd400a388002b6ad1237a012b1fd00b88042ba2
:106fe40000d1a9e0062b00d077e00c341c2200214c
:106ff400200009f003fa32002900200009f0f4f916
:10700400002068e0544b0e221a600120404262e0e6
:10701400514b0e221a60012040425ce0e388fd2bb4
:107024003ed10b88042b00d179e0062b55d12700e3
:107034000c371c220021380009f0e0f93200290045
:10704400380009f0d1f9e3880020fd2b43d0434bed
:107054001868802102f04efd061e44d0404b009477
:107064000122802106f0befa051e42d0e28952bafe
:1070740092b2a188002305f023f83a4b186829003e
:1070840001f0aefa00283fd0200000f03dfd0300df
:107094000020002b1fd1304b0c221a6001381ae05b
:1070a4002d4b0b221a600120404214e00b88042b64
:1070b40001d0062b11d127000c371c2200213800e7
:1070c40009f09cf932002900380009f08df9237a7f
:1070d4000020012bb7d003b0f0bd1f4b7c221a60f7
:1070e40001204042f7e71c4b0c221a600120404269
:1070f400f1e71a4b1868310007f098fa164b4d2245
:107104001a6001204042e6e7144b1868310007f08a
:107114008dfa114b4d221a6001204042dbe70c34fa
:107124001c220021200009f069f932002900200006
:1071340009f05af90020cee70c341c22002120006b
:1071440009f05cf932002900200009f04df9002013
:10715400c1e7c046b8470020cc4b0020a44b002018
:08716400092c0000b44b0020cf
:020000040000fa
:10716c00f0b5de4657464e464546e0b583b00700bf
:10717c00894614000ca904c909788a46002800d154
:10718c00bbe0c168002943d0c878002851d088786a
:10719c0045014d19ad88002d18d140010818bd8846
:1071ac00008c281ab88000207880c8780138c87004
:1071bc00f868817801318170f9688d78087885429a
:1071cc003fd0f968c978002900d19de0002b01d08f
:1071dc00002a39d1fa6893785b01d3181e8c0023ee
:1071ec000193a64202d3331b019326005346002b76
:1071fc0014d1d378013bd370fa6893780133937030
:10720c00fb6899781a78914208d100229a7005e0af
:10721c008688a64200d92600002301937c88bb886f
:10722c009846002e62d000239b463b00474698466a
:10723c0016e00e9b002b64d000230e9a13609b4625
:10724c004ce000208870bce7f96888784001043075
:10725c000918180009f0c4f8bce7ab44761b1cd025
:10726c004346dd882d1bb54200d935004b46002b1b
:10727c0007d04346196909192a00484609f0b0f8a5
:10728c00a944abb2ff1abfb21c19a4b24346db88a7
:10729c00a342e2d8e41aa4b2dfe74346b8461f0083
:1072ac00019b002b0bd09bb21c19a4b24246d31ae3
:1072bc009bb29846fb88a34201d8e41aa4b2534669
:1072cc00002b02d17c804346bb800e9b002b05d04b
:1072dc00fb68002b0dd00e9b019a1a60584603b028
:1072ec00f0bcbb46b246a946a046f0bd00239b4667
:1072fc00d6e7bb880e9a1360f0e701235b429b46ee
:0e730c00ece700239b46e9e700239b46e6e7fb
:020000040000fa
:02731a007047ba
:020000040000fa
:10731c00f0b5d64600b5a6b00c000a921e000428a3
:10732c0009d006281dd05f4b7c221a60002026b0a5
:10733c0080bcba46f0bd0b785b4ac9780291a17843
:10734c0001916178009131000a9c200008f073ffd4
:10735c0003002000b342eadb524b1c221a600020cf
:10736c00e5e752490c22200008f061fd002837d0d7
:10737c0023781b0262789b184d4aa17b0902e07ba3
:10738c0009180691217b0902607b09180591a17ae5
:10739c000902e07a09180491217a0902607a091825
:1073ac000391a1790902e079091802912179090266
:1073bc00607909180191a1780902e0780918009107
:1073cc0064210da808f037ff0dab1b78002b46d0bd
:1073dc000dac00220b9202270025364a924637e06c
:1073ec0023781b0262789b18334ae17b0891a17bbe
:1073fc000791617b0691217b0591a17a0902e07ac4
:10740c0009180491217a0902607a09180391a1796b
:10741c000902e079091802912179090260790918a9
:10742c000191a1780902e0780918009164210da856
:10743c0008f001ffc8e75146200005f057fab842a2
:10744c0001dd0b950700013501342378002b04d0a6
:10745c00002df0d03a2beed0f5e7032f09dc0da868
:10746c0008f068feb04215d30e4b1c221a600020a7
:10747c005de70da83a330b994354421853700b0037
:10748c006a1ad21b0132791841189f1cc01908f0d6
:10749c00adf9e4e70da90a9c200009f021f92000c0
:1074ac0045e7c046cc4b002050080000d84b0020cc
:0c74bc005c080000940800007408000048
:020000040000fa
:1074c800f0b5d6464f464646c0b582b007000e0016
:1074d800150004281cd006239946062812d1022e2e
:1074e80019d0012e25d1002d30d0112d00d177e0f3
:1074f80001239a46fd2d2cd0564b78221a60012084
:10750800404267e0534b7c221a600120404261e010
:1075180004239946e3e7002d11d0062d13d002234a
:107528009a46fd2d15d04b4b78221a600120404217
:1075380050e0484b16221a60012040424ae00223dc
:107548009a46062505e002239a4602e001239a4658
:107558001125414b1b68002b45d008f033fb041e56
:1075680047d00378012213430370067200238380f7
:1075780080231b014367836705237c2283540132e0
:107588008354364b18688023e050002837d0802178
:1075980002f0aefa8046002836d0314b0094012222
:1075a800802106f01df8061e37d04a46514605f0e0
:1075b800defc294b1868310001f010f800283ad099
:1075c800e580677223786022934340221343237037
:1075d8006000400802b0e0bcba46b146a846f0bd1b
:1075e80001239a46b5e71b4b0e221a600120404240
:1075f800f0e7184b17221a6001204042eae7154bc2
:10760800663a1a600138e5e7200007f031fd114bb2
:107618000c221a6001204042dce7104b18684146f2
:1076280007f002f8200007f023fd0a4b4d221a60ec
:1076380001204042cee7094b1868414606f0f4ffa6
:10764800200007f015fd034b4d221a60012040422f
:10765800c0e7c046cc4b0020b44b0020a44b002010
:04766800092c0000e9
:020000040000fa
:10766c0070b582b005006b460022da710126002845
:10767c0002d100266b46dd1d5b4b19605b4c2fe085
:10768c00002002b070bd6b469a1d0021062004f04c
:10769c0059fb01282ad002232b7007f05bf9030059
:1076ac000138c0b2fd2800d980e0012b31d1032371
:1076bc002b706946002004f059fe01282ed10423ba
:1076cc002b700023009380206946800304f04efe4b
:1076dc00012828d8009b002b2adb0220002ed0d1b9
:1076ec002b78062b64d89b00e3589f466b469b79fe
:1076fc00082213436a46937100226b46991d05308c
:10770c0004f020fb0128c6d001232b700620404238
:10771c00b7e701232b7005204042b2e701232b7001
:10772c0004204042ade701232b7004204042a8e71f
:10773c0001232b7006f0f4fc00283cd12c4c2d4e70
:10774c00210001c9002204f0fdfa002836d10834ca
:10775c00b442f5d180206b469a1d0021400004f004
:10776c00f1fa00283cd16b4606331b787f2b28d9c5
:10777c006b469a1d0021032004f0e4fa002823d163
:10778c006b4606331b789b0721d56b469a1d00214f
:10779c00043004f0d7fa00281cd16b4606331b7852
:1077ac00db439b0719d106232b706ae7012095e771
:1077bc000220404265e70320404262e7032040423a
:1077cc005fe7032040425ce70320404259e7032077
:1077dc00404256e70320404253e70320404250e723
:1077ec00032040424de7c046a04b002090ff000014
:0877fc0020e3000070e300002f
:020000040000fa
:1078040008d1002806d1f54204d801d3002a01d1b9
:107814006d0d09d10020c143090dc904f0bdf9d192
:107824001242f7d1640df5d00020c143490549083f
:10783400a6e000206146f0bdf0b50127ff070e0069
:107844005e403e40b446be0a4c18dd18f442d7d21e
:10785400f542e4d2640decd06d0dead06419c9028e
:107864003943460dc0023143db023b43db0a10b40b
:107874008e4685b297b26f43140c6c433e0ca41928
:10788400260c2404bfb227439cb26c43a419190ce0
:107894006943250ca4b249190d04090c6419000ca0
:1078a40095b245433e0c76193743bfb2360c150cde
:1078b4004543ad19a6b2240cad192e0437432e0c42
:1078c40036199db24543ad19acb22e0c89191d0c65
:1078d40045436d182e04290c3443704680b295b28a
:1078e40045433e0c76193743bfb2360c150c45435d
:1078f400ad19a6b2ad19240c2e0437432e0c36193b
:107904009db24543ad19acb22e0c89191d0c4543eb
:107914006d182e043443290c75462d0c90b268431f
:107924003e0c80190604bfb23e43070ca0b23f18b8
:10793400120c6a43d019020c80b2240ca4189ab217
:107944006a43121914042043120c89181b0c6b434c
:10795400c91810bc01273d05294203d1b61940417d
:107964004941013cff077d0d013d641b0bdb6d00ac
:10797400ac4209da240500254208be416841614150
:0a79840066463143f0bd54e74ee7bc
:020000040000fa
:10798e00f0b5ce4600b582b004000f00160001938c
:10799e0008ab1a78002800d1a4e0002900d1a3e09a
:1079ae00002e00d1a2e0c5888388eb1ab34200d224
:1079be00a1e0c368002b00d18be0002a3bd14188a7
:1079ce0000888146814236d8281a864233d9100063
:1079de00b14200d28be0d97802311878844610007b
:1079ee00614500d383e05a785201043298181c2264
:1079fe00002108f0fefce2684b46eb1a9bb2517870
:107a0e00490152181384e2682088517849015218ae
:107a1e005084e168ca780132ca70e1684a7801324e
:107a2e004a70e2685078117888422ed0a2889b184e
:107a3e00a38000232380e068c27803789a425cd04a
:107a4e000199002924d043785b010433c0181c220d
:107a5e0008f0c5fce3685a7852019b181e84e3684f
:107a6e0021885a7852019b185984e268d3780133e1
:107a7e00d370e268537801335370e36859781a78fb
:107a8e00914226d100225a7023e000215170cde799
:107a9e0043785b010433c0181c22002108f0a9fcb6
:107aae00d8e72069c0182a00390008f098fcabb25c
:107abe00a2889a18a28022889b189bb2761b7f19e7
:107ace00e088c01a421e9041404203402380002e9f
:107ade0006d02388e588ed1ab542e2d93500e0e7f5
:107aee00012004e0002002e0002000e0002002b0af
:0e7afe0080bcb946f0bd0020f9e70020f7e794
:020000040000fa
:107b0c0010b5041e00d19ee0c16d002903d0802366
:107b1c00c05806f087fd20004c301422002108f0dc
:107b2c0069fc216f002903d08023e05806f07afd10
:107b3c00200060301422002108f05cfc616f0029e9
:107b4c0007d1a16f002917d1237a0120012b26d050
:107b5c0010bd8023e05801f0c9ffe065002803d078
:107b6c00626f5223e252ece73c4b1b68002b6cd04b
:107b7c003b4898470020ebe78023e05801f0b6ff24
:107b8c002067002803d0a26f6623e252dce7334b58
:107b9c001b68002b5bd0334898470020d8e7a16db9
:107bac00002905d07f33e05806f03cfd0023a36587
:107bbc00e16e002905d08023e05806f033fd002348
:107bcc00e3667c23e15c002919d17d23e15c012073
:107bdc000029bdd0490104310333e05801f086ff80
:107bec00e066002827d000230022027043708370c7
:107bfc00c370e36e7d32a25c1a700120a8e74901c4
:107c0c0004310433e05801f071ffa06500280ad05c
:107c1c0000230022027043708370c370a36d7c320a
:107c2c00a25c1a70d1e70d4b1b68002b11d00e48cb
:107c3c00984700208ce7094b1b68002b0bd0094898
:107c4c009847002084e7002082e7002080e700208e
:107c5c007ee700207ce700207ae7c0469c4b0020a2
:0c7c6c0070050000a4050000d805000011
:020000040000fa
:107c7800f0b5d646474680b585b0050088460392dc
:107c88001c00421e033200d98de08368002b00d10e
:107c98008be08278002a00d189e01a68013200d18d
:107ca8008be00d2900d98ae0002907d096229b5a3b
:107cb8000a00013a1341db0700d482e0039b002b42
:107cc80005d10220002c73d1002100270be0002ce5
:107cd80066d0230000210027242001371a5c891868
:107ce8001b68002bf9d13a4b00221a70394a781dcb
:107cf8002b0007f081f8061e65d0aa689223d35a94
:107d080000229246009202320b2108f005f95346f0
:107d18000093434602220121300008f0fdf8aa68ca
:107d28009423d3565246009202320621300008f0be
:107d3800f3f8294b5246009205320a21300008f028
:107d4800ebf8002f13d0002c11d0023f24239846c3
:107d5800231d4246a25c009205220a21300008f049
:107d6800dbf824687b1c02d0013f002cf0d103997a
:107d7800300006f085fda868310006f07bfc00287d
:107d880023d0aa687b230121d154aa68013300219a
:107d9800d154aa68c0239b000c99d150002007e059
:107da800002100279fe7022002e0022000e00120d6
:107db80005b0c0bcba46b046f0bd0120f8e70220c5
:107dc800f6e70220f4e70820f2e70820f0e7c046cb
:0c7dd80000300020199900009c0e0000f3
:020000040000fa
:107de40070b586b00c00002800d094e04b4b1b7893
:107df400002b57d1494b00225a60494b1a71002974
:107e040054d008f09dfc464d00269123ee5408f012
:107e14009bfc206807f0f2f86168a9613f4c2000e0
:107e240008f028f8280002f081ffd1239b00ee50cf
:107e34008020000105f03aff286100283bd0009023
:107e440080231b010193364d00232b73684607f0f2
:107e5400f3f8a86000283ed002a9324b0293324bbb
:107e64004b608023db008b6001230b7301f0b8feb1
:107e7400002840d02d492a4da868220007f040fc74
:107e840001235b42eb6100222133ea54d6239b0099
:107e9400ea500433ea50214b012119709a70597049
:107ea4009d6000e01d4c200006b070bd1b4bff32ee
:107eb4005a70013cf7e708f011fcb04205d1174baa
:107ec400ff225a7001246442ede708f001fc1849ce
:107ed40004f0a2fff3e708f001fc002805d10f4be2
:107ee400ff225a7001246442dde708f0f1fb1149d6
:107ef40004f092fff3e708f0f1fb002805d1074beb
:107f0400ff225a7001246442cde708f0e1fb0a49dc
:107f140004f082fff3e701246442c4e7c84a002066
:107f2400a83e00201b0701002307010029ec0000e4
:0c7f3400e4080000080900002c0900000f
:020000040000fa
:107f4000f0b5c64600b584b004001500002809d07d
:107f5000002a07d08368002b04d0d8235b01528805
:107f60009a4203d004b080bcb846f0bd2e79012ef1
:107f7000f8d92800103002230e226a44032101f0b0
:107f8000d9f809276f442800183001233a0003214b
:107f900001f0d0f83b78012b6ed1072ee2d12b00f7
:107fa0004033588805f084fe061edbd00a276f4454
:107fb0002800203001233a00032101f0bbf82800fb
:107fc000283001230b226a44032101f0b3f8280072
:107fd0003030012303aa032101f0acf82800383027
:107fe00001230d226a44032101f0a4f82800403047
:107ff00043883200062101f09df83b78012b03d025
:10800000300006f07fffade70a336b441b785a1e41
:10801000012af5d8a168130012018a183132ff3203
:1080200012689046002aebd003aa1278012ae7d101
:108030000c326a441778022f0ed0032f0cd0012f78
:108040000ad008f04dfb0328dad908f043fb1149a8
:108050003a0004f0e3fed3e713331b01c9180e23e3
:108060006b441b88019340356b88009333003a00c2
:1080700049682000c047c3e708f032fb032800d856
:1080800070e708f027fb09236b441a78024904f0d3
:0c809000c5fe67e7140a0000340a000077
:020000040000fa
:10809c00f0b583b004000e00002800d187e005780d
:1080ac00002d00d184e04378012b00d183e0037dc7
:1080bc00002b01d000257be06b46da1d00214048e7
:1080cc0003f040fe010001280ad86b46d9794b0712
:1080dc0010d43c4b1b68002b6ad03b48984767e098
:1080ec00384b1b68002b01d038489847012363702c
:1080fc0000255de067680123042239003448fdf750
:10810c00b5fc011e14d1fb7823757a8862753a6828
:10811c00e2826a4604219171012b13d0022b28d0e4
:10812c00284b1b68002b48d02a48984700253fe075
:10813c00244b1b68002b01d0274898470123637000
:10814c00002535e02369002b16d06b4607331b78ce
:10815c001b0707d56b460c229a712369da69e26119
:10816c00a36109e0174b1b68002bf6d01b489847fe
:10817c00f3e70023a361e36100226b46991d1048cd
:10818c0003f0e0fd021e05d1002e11d0b0470028ef
:10819c00fcd10de00b4b1b68002b04d0694606315b
:1081ac0009780f48984701236370002500e00025eb
:1081bc00280003b0f0bd0025fae70025f8e7c0461b
:1081cc00080000109c4b0020700300006c020000a3
:1081dc002800001008030000a4020000e0020000c8
:0481ec00300300005c
:020000040000fa
:1081f00070b5504b586a504b9b7d002b54d04e4964
:108200004c68072214404b4b5a699d699e680b7e4f
:108210005b0757d5896a474bdb68934252d9002cdc
:1082200043d1444b5b6899540132434b1b7edb07bf
:1082300016d5414b012119753e4b9b68ab4256d96f
:108240003c4b1b68595d3c4b99620135394b1b69ae
:10825000002b01d1b54262d0364bdb68934262d02d
:10826000344b5a619d61344b1b7e9b0715d5334bb4
:108270001b78002b18d02f4bdb68934211d12d4b6c
:1082800000221a772c4907240c752c490a701b6aa6
:10829000002b09d0274b1b6a9847284b1b78002bd3
:1082a00002d0254b02229a7570bd224b5b685400a8
:1082b000e1520132204b1b7edb07d1d51e4b012141
:1082c000197508e01c4b1b7edb07c9d51a4b012131
:1082d0001975002cb0d0174b9b68ab4213d9154bc6
:1082e0001b686900c95a144b99620135aee7114bfe
:1082f0001b69002baad0104bff2199620d490b6915
:10830000013b0b61a2e70b4b1b69002b9ed00a4b74
:108310000b49996207490b69013b0b6196e7074bd3
:10832000012119709ce7044b0121997503311975de
:1083300096e7c046884900200008004267380020c0
:04834000ffff00003b
:020000040000fa
:1083440070b582b0141e0bd0538811791500103506
:10835400a022d200934205d0484a934200d170e053
:1083640002b070bd0329fbd1454b1b68002bf7d02d
:10837400444b1b68002bf3d0042301aa01392800c5
:1083840000f0d6fe3e4b1d682a68638b9342e7d10a
:10839400e06929000b3107f04efd0028e0d16b683d
:1083a400002b27d01d00db69002bfbd11c35354b7e
:1083b4001b68302098472860002816d030220021fe
:1083c40008f01cf82b681a0020325a612b6800222e
:1083d400da612023e15c08290ed009291ed02a4b3a
:1083e4001b68002b01d029489847254b1b680022a5
:1083f4001a81b5e70435dae72a681c3b53602a681a
:10840400083111612a68526913802a685269d218a6
:1084140020002030083900f08bfee6e72a680623a6
:1084240053602a68133111612a68526913802b68da
:108434005a690832200020301023133900f078fee6
:10844400d3e7032900d08be70d4b1e68002e00d123
:1084540086e73268638c934200d081e7606a31001a
:108464000b3107f0e8fc002800d079e7320008322d
:1084740002230121280000f05bfe71e701050000e2
:10848400a84b0020084b00209c4b00201406000041
:020000040000fa
:10849400f0b583b0002901d000230b60002800d17f
:1084a40087e00378002b00d185e00024013000260a
:1084b400002212e0032a18d02e2b35d01d00303da7
:1084c400092d00d97ee00132d2b22402303bdbb266
:1084d4001c430378002b3cd00130002aead11d0054
:1084e400303d092defd9002066e02e2b68d13a4ba0
:1084f4009c4201d900205fe0771c2202120e642303
:10850400534325042d0eaa00521952009b181b191f
:1085140001aa9355feb200240378002b19d0013030
:10852400032e4bd80022d8e72b4b9c4201d90020c4
:1085340042e0771c2202120e6423534325042d0ebd
:10854400aa00521952009b181b1901aa9355feb296
:10855400e1e7032e38d10378002b0ad03a2b35d823
:108564001f2b1cd9203bdbb21c4ada400020d20767
:1085740022d5194b9c422bd82202120e642353435a
:108584002004000e8200121852009b181b1901aa25
:10859400d37000291ed0019b0b6001200ce00a2b34
:1085a40003d80020082be4d806e00d2be1d00020ee
:1085b40002e0002000e0002003b0f0bd0020fbe753
:1085c4000020f9e70020f7e70020f5e70020f3e7b3
:1085d4000020f1e70120efe7050502000180000417
:020000040000fa
:1085e400f0b5d6464f464646c0b5051e8a4643d02a
:1085f40003789846002b41d0002945d00b69002b05
:1086040045d04378012b45d00023cb828b691a686f
:108614000a6100228a730a7b002a3ed00022914616
:1086240040275fe0013202341e2a39d02678b4454f
:1086340043d0411cf6d1002ef4d11000f2e7eb68d0
:10864400002b16d01a001b68002b03d01a001b68dd
:10865400002bfbd1534613602b69002b0ed12e4bfc
:108664005b78032b0ad15146280001f02ffb80468a
:1086740004e05346eb60efe7002398464046e0bc35
:10868400ba46b146a846f0bd00239846f6e7002353
:108694009846f3e700239846f0e700239846ede771
:1086a400421c16d00200400028185024614601558f
:1086b400013400260655002006e010002830400052
:1086c40028184078ff2804d028325200aa18013014
:1086d400507008334a460132d2b291465246127b58
:1086e4004a45acd99a79174203d108339a7917428b
:1086f400fbd01a686888000ad0706888107168888e
:108704000130688052789446002ae2d02c0050341c
:0c87140001204042002289e72c47002091
:020000040000fa
:10872000f0b583b0040008a80678601e033079d83d
:10873000a568002d78d0a078002877d0286801306f
:1087400000d176e0002a0cd08c20285a904208d024
:108750003d4f10000a3880b2b84200d96be08c203f
:108760002a52002b0bd08e22aa5a9a4207d03648a2
:108770001a000a3a92b282425fd88e22ab52002986
:1087800005d08923eb5c8b4201d08923e954002e6c
:1087900008d08a23eb5cb34204d0731e012b4ed861
:1087a0008a23ee54294a23000021042006f028fbe6
:1087b000061e46d08c23eb5a002b14d18e23eb5a85
:1087c000002b17d18923eb5c002b1bd18a23eb5c98
:1087d000002b1fd1a068310005f050ff0123584045
:1087e000c000c0b223e0002200920232022107f052
:1087f00097fbe3e70022009202320321300007f0ea
:108800008ffbdfe70022009202320421300007f0e4
:1088100087fbdbe70022009202320521300007f0df
:108820007ffbd7e7022002e0022000e0012003b036
:10883000f0bd0120fbe70220f9e70220f7e7022064
:10884000f5e70820f3e7c046d205000019990000bb
:020000040000fa
:10885000f0b58fb00b934b680d0008938b68170031
:108860000993cb680e680393089b0a90002b44dba6
:1088700002239e43102332001a400c92099a04925c
:108880001e4206d03b687a68134302d0099b023b24
:108890000493082332001a400d921e4202d0049b1a
:1088a000013b04933b682c6906937b68039a07930a
:1088b0000023013c1355049b0593012c20dc0c9be9
:1088c000002b50d10d9b002b03d02023039a013c99
:1088d00013552a69039b013a19190a98099b121b1f
:1088e000009604f0fff80a9b5b68db0503d56b6814
:1088f000984200da18000fb0f0bd01230893b9e7e1
:10890000069b079a13430ad1049a089b9b1a059a5f
:108910009b18002b03dc002ad1ddb307cfd50f2332
:10892000069a013c134018005730092b01dc303304
:1089300018000b9b413b192b06d820230343613bb6
:10894000192b01d807f052fe039b1855059b013bdc
:108950000593079b1a07069b1b091a43079b069260
:108960001b090793a9e70ccf1343abd0039b0b9aca
:108970001b19013b1a703023039a023c1355a1e7df
:020000040000fa
:10898000f0b583b0140000280fd0002a0dd0856800
:10899000002d0ad053881179160010369822520102
:1089a000934204d03e4a934250d003b0f0bd052913
:1089b000fbd13c4b1f78312ff7d89023eb5c002b79
:1089c00001d1002ff1d16b46dd1d200018300123ad
:1089d0002a00022100f0aefb2b78092be5d8324aa1
:1089e000d3560133e1d02b257d436a1c2d4fd2197c
:1089f00001230221300000f09dfbea1cd219200067
:108a000020300123022100f095fb2a1dd2192000fd
:108a1000283006230b2100f08dfb2a000b32d219df
:108a2000200030302023052100f084fb7d191e4bef
:108a30006a46073212789b5cab700123ab722b3510
:108a4000638e2b703b7801333b70aee76b460022a0
:108a5000da710129a9d17b23ea547a3b6a460732ad
:108a60000131300000f066fbc0239b00ec58002c65
:108a70009bd06b4607331b78002b08d1c0239b008b
:108a80000022ea50286800230021a0478de77c22bd
:108a9000ab5c013bab542868210001f099fe84e7f0
:0c8aa0000113000000300020100701004e
:020000040000fa
:108aac00f0b50d001900002387b0040005931000e9
:108abc009d4207da2b002200002554429d410123e0
:108acc005b420593002907da059b0200db43059303
:108adc000b0000215042994126002f00029000917a
:108aec00a94200d96fe002d1a04200d96be00099f5
:108afc00029807f05bfb29000490200007f056fb5e
:108b0c00049b00991b1a1a000298049307f042fb6d
:108b1c0000900191a94250d801d1a0424dd8009aa1
:108b2c00019ba41a9d4101200021049a26002f00cc
:108b3c0007f030fb049b002b35d0019b009adb0720
:108b4c0052081a43019b00255b080393049b0124e4
:108b5c009c460292039bbb4232d802d1029bb34289
:108b6c002ed832003b00029e039f921bbb419218f1
:108b7c005b4112196b4116001f0001235b429c44a0
:108b8c006346002be6d180197941049a04000d004c
:108b9c003000390007f0f2fa049a07f0fbfa241ab5
:108bac008d4120002900059b002b04d003000c00f4
:108bbc0000215842a14107b0f0bd00200021b9e7c7
:0c8bcc00b6197f41d9e700200021ece73a
:020000040000fa
:108bd800f0b583b00e001500414ce40fe4070443e0
:108be8006cd0002900d170e0080007f0c3f8a84253
:108bf80000d96ce02378db0700d46ae0a388002b57
:108c080049d023785b0700d565e0328802239a4370
:108c18007a33042a53d12700283718320021380024
:108c280007f0eafb2a003100380007f0dbfb2000e0
:108c3800fef768ff0c23002841d02a4b18688021d2
:108c480000f056ff051e48d0274b009401228021d2
:108c580004f0c6fc071e25d03388042b29d0230036
:108c6800303310260922a188608d40ba80b2019065
:108c78000096380004f0b4f91c4b18683900fff767
:108c8800adfc962300281ad1164b1868290005f068
:108c9800cbfc4d2313e02378db07db1753229343e8
:108ca8005f330ce00f4b1868290005f0bdfc4d231d
:108cb80005e023002c3304260822d4e70e230c4aaf
:108cc80013600120404203b0f0bd0e23f7e70e23e6
:108cd800f5e70e23f3e78523f1e70c23efe7c0461a
:108ce800b8470020a44b0020092c0000b44b0020fa
:048cf800cc4b002041
:020000040000fa
:108cfc00f0b5de4657464e464546e0b587b0070010
:108d0c000e0010a909788c4611a90988884612a969
:108d1c0009788946002865d0002e4ad0149900297c
:108d2c0062d0614688008246b24451468a84002a49
:108d3c0002d0b27b0132b273190a1bd03c00503402
:108d4c000120404200229b4604e010000132023414
:108d5c001e2a07d02578a94248d0431cf6d1002df5
:108d6c00f4d1f2e75b4605e00139c9b25124115543
:108d7c00002942d07468002c12d002aa13806346da
:108d8c0013724346938053469b8c53804b465372cd
:108d9c00139b0593b0680092022332003900a04760
:108dac00149b1b780133dbb2149a1370327b934201
:108dbc0007d0300007b0f0bcbb46b246a946a0466f
:108dcc00f0bd35687468002c09d002ab1a70b27b08
:108ddc005a70b0680093012332003900a047fd603f
:108dec000026e6e70600e4e7149ee2e75b46520045
:108dfc00ba185121515c0029b6d150210024545489
:028e0c00b8e7c5
:020000040000fa
:028e0e007047ab
:020000040000fa
:108e1000f0b583b00d003d4ce40fe407044332d0bd
:108e20000a2900d90a252378db0732d5237a022bb9
:108e300035d1e389002b38d0a388002b3bd0344bad
:108e40001868802100f058fe071e43d0314b009473
:108e50000122802104f0c8fb061e41d0ebb2e2895a
:108e600052ba92b2a18803f02df92b4b1868310049
:108e7000fff7b8fb00283ed023780222134323706b
:108e8000002003b0f0bd254b09221a6001204042aa
:108e9000f7e7224b0e221a6001204042f1e71f4bf8
:108ea0007a221a6001204042ebe71c4b7d221a60b7
:108eb00001204042e5e72378db0705d5174b0b225d
:108ec0001a6001204042dce7144b5f221a60012047
:108ed0004042d6e7114b0c221a6001204042d0e7f5
:108ee0000b4b1868390005f0a3fb0c4b4d221a60a0
:108ef00001204042c5e7064b1868390005f098fb91
:108f0000064b4d221a6001204042bae7b8470020c4
:108f1000a44b0020092c0000b44b0020cc4b0020b7
:020000040000fa
:108f2000f0b5ce4600b584b00400039115001f00d3
:108f3000421e033266d88668002e65d0002d65d0ab
:108f40008378002b64d0280007f0faf88146002fc0
:108f500033d097239b00f35c032b5ed0324a23006f
:108f60000100052005f04cff06000820002e50d01f
:108f700000220021300003f05ff83b68002b29d16c
:108f8000a368972292009a5c052a30d0039b4a4638
:108f90002900300004f0f2fba068310005f06efb00
:108fa00000283ed0a268af239b000a99d150a26846
:108fb00004330b99d15000202be01b4a2300010001
:108fc000032005f01dff061e29d00022002103f01a
:108fd00033f8d5e70022009203320b21300005f070
:108fe0007bf801220b21300003f026f8c8e7be22ef
:108ff00092009b5c002bc9d001222621300003f097
:109000001bf8c3e7022004e0022002e0022000e097
:10901000012004b080bcb946f0bd0220f9e7082069
:0c902000f7e70820f5e7c046ddb20000cd
:020000040000fa
:10902c00f0b5ce46474680b583b00400884617009d
:10903c001d00461e03365dd88368002b60d00029c6
:10904c0060d02800fff7ddfe0600002d0cd0431e7b
:10905c00dbb2012b58d8a368421e12019b182d338a
:10906c00ff331b78002b51d04121404607f06ef89e
:10907c0081460300013b3f2b4ad8002f07d16b1ec2
:10908c009d416d42254f2f40254b9c466744a3784c
:10909c00002b3fd0a26899239b00d35c0820012ba6
:1090ac0029d1204a23004946053805f0a3fe051ea8
:1090bc0032d04b46009343460522012106f000ffb7
:1090cc000023984600933b0002220221280006f060
:1090dc00f7fe43460093330002220721280006f0d6
:1090ec00effea068290005f0c3fa01235840c00028
:1090fc00c0b200e0022003b0c0bcb946b046f0bd1f
:10910c000220f8e70220f6e70220f4e70220f2e75b
:10911c000220f0e70120eee70820ece7a8e4ffffcf
:08912c00b3220000ddb20000d7
:020000040000fa
:10913400f0b5c64600b584b007000191161e9846e6
:109144005ad01a000021300007f058f9002f58d0e7
:109154003c78200006f0c2ff002835d00022022c03
:1091640025d0019b042b50d07c88631e7968c918d4
:1091740033004046002818d0002c44d04046091a39
:109184008c466146095c197001330138013ca4b274
:10919400002807d0002cf4d119001b180a700131e3
:1091a4009942fbd1019b042b37d0404625e07b68d4
:1091b4001a78d2095242d2b2d3e7039b1a0c3280f6
:1091c4007380f2e7002018e0053c012c0ad97b8863
:1091d4000020434511d179684246300007f004f974
:1091e40040460ae07a880020424506d87968300073
:1091f40007f0faf8788800e0002004b080bcb84694
:10920400f0bd0020f9e74046c6e77c88631e796814
:10921400c91803ab40460028aed13b78042bccd010
:10922400039b802252029342ccd2338001235b42bf
:049234007380bae7a2
:020000040000fa
:10923800f0b5de4657464e464546e0b583b0019048
:109248008c4600296dd005000123374f374a9146d7
:109258009346160092460de040003549009c0c5498
:10926800013000240c5451468a605a1c023563456b
:1092780047d213005a1e9046796807220a40012aed
:1092880017d0b068f468421c31698a4289410a40a3
:10929800944237d001990139cc5c009479688846aa
:1092a8000721444621400129d6d02149009c0c546d
:1092b800d9e74a469068d468421c494609698a42f7
:1092c80089410a4094421dd0697809022c782143cb
:1092d80000917c68a046072441460c40012c06d02a
:1092e80069460978124c215459468a60bde7400006
:1092f800694609780e4c215401300099090a215415
:10930800f2e7984606f06afe002802d0064b0122d2
:109318009a75404603b0f0bcbb46b246a946a04683
:10932800f0bd8846eee7c046001c00421849002000
:049338000000002011
:020000040000fa
:10933c0030b583b004000d001000002c2bd0a368b6
:10934c00002b28d0002a26d001236a4607320a2196
:10935c00fff7eafe2b001e3b9ab2042a59d8930061
:10936c00314ad3589f46a06896239b006a46073221
:10937c001278012111408900c25c0425aa430a43da
:10938c00c254a168ca5c01200243ca54a168ca5cd9
:10939c0002208243ca5403b030bda06896218900d4
:1093ac006b4607331b7801221a40d200435c082419
:1093bc00a34313434354eee7a068962189006b4600
:1093cc0007331b7801221a401201435c1024a3437b
:1093dc0013434354dfe7a068962189006b4607339b
:1093ec001b7801221a405201435c2024a3431343ef
:1093fc004354d0e7a068962189006b4607331b784d
:10940c0001221a409201435c4024a343134343546a
:10941c00c1e707f05ff90328bdd907f055f90349f7
:10942c002a0003f0f5fcb6e7100301005c0b00000a
:020000040000fa
:10943c0070b582b00400431e03336cd88368002bd4
:10944c006bd0807800286ad0962080001b5c0225a7
:10945c00280018401d4265d1dd0720d5002914d005
:10946c00db0801252b400b70a3689626b6009b5d8c
:10947c001b092b404b70a3689b5d5b092b408b70c9
:10948c00a3689b5d9b091d40cd70002a48d0a16844
:10949c0096239b00cb5c5b07db0f137040e0234ae9
:1094ac0023000021052005f0a5fc051e3cd000265c
:1094bc000096002300221f2106f048fd0096002391
:1094cc0000222021280006f041fd009600230022f6
:1094dc002121280006f03afd0096002300222221cb
:1094ec00280006f033fd0096002300221e212800e0
:1094fc0006f02cfda068290005f0baf8030008203e
:10950c00002b0dd0a168962292008b5c02200343a5
:10951c008b540a2004e0022002e0022000e001202b
:10952c0002b070bd0a20fbe70820f9e77d5000006f
:020000040000fa
:10953c00f0b5d6464f464646c0b5040016001d0091
:10954c00002846d0036a002b4bd00769002f48d067
:10955c00ebb25a42032010408146a846c84404226c
:10956c0042449246e28a52453bd3397078702a0abb
:10957c00ba70fb70002e0ed0080006f0abfd002870
:10958c003dd07319002d06d03a1d013b197811708e
:10959c0001329e42f9d14b46002b36d123695344fc
:1095ac00236143469ab2e38a043b9b1ae382216a05
:1095bc004b7901334b71e1698b880433d2188a8063
:1095cc00237b9b00e418636a4344043363620120e9
:1095dc0010e0124b1b68002b1ed01148984700203e
:1095ec0008e00e4b1b68002b01d00e489847002357
:1095fc0023610020e0bcba46b146a846f0bd381d38
:10960c002a00310006f0ecfec5e7043578194a460d
:10961c00002106f0effec1e70020ebe79c4b002099
:08962c00e000000070010000e5
:020000040000fa
:1096340030b5a9b00500140000280fd0002a0dd0c1
:10964400518813798268002a08d020001030a022a3
:10965400d200914204d0334a91423bd029b030bd6c
:10966400032bfbd1023b0b226a440221fff760fd6e
:1096740020001830802308aa0521fff759fd00288f
:10968400ecd02023e35c082b0ad0092be6d1200080
:109694002030073304aa0921fff74afd022207e01c
:1096a40020002030043b04aa0821fff741fd0122d9
:1096b40003ab1a70aa68d0239b00d458002ccdd0d9
:1096c4000b236b441a7803ab009308ab00212800ea
:1096d400a047c3e7032bc1d1013b03aa0121fff734
:1096e40027fd2000183001230b226a440221fff7d2
:1096f4001ffd20002030802308aa0521fff718fd54
:10970400ab68d02292009c58002ca7d0002098501f
:109714000b236b441a7803ab1988009008ab28001c
:08972400a0479be701050000ce
:020000040000fa
:10972c00f0b5d6464f464646c0b582b004000d0093
:10973c0016001f00431e033355d88368002b54d0ea
:10974c00002a54d04a1e012a53d812019b182d33db
:10975c00ff331b78002b53d02121300006f0f6fc90
:10976c00804620284ed8002f2fd02121380006f01b
:10977c00edfc8146202847d8a3780120002b39d056
:10978c00234a23004021013005f034fb8246002897
:10979c003cd043460193009605230322290003f095
:1097ac0021f9002f14d04b46019300970523042276
:1097bc002900504603f016f9a068514604f058fff2
:1097cc0001235840c000c0b214e000239946d3e7ef
:1097dc00002301930f4b00930523042229005046cc
:1097ec0003f000f9e8e7022004e0022002e0022086
:1097fc0000e0022002b0e0bcba46b146a846f0bd7b
:10980c000220f7e70220f5e70220f3e70820f1e752
:08981c00f56d00009c0e000038
:020000040000fa
:10982400f0b583b00400150000280ad0002a08d03f
:109834008368002b05d0528832498c466244012a41
:1098440001d903b0f0bdc42292009b5c002bf8d078
:109854002e79022ef5d16b465f1d280010300123ae
:109864003a000321fff764fc2800183002236a46fb
:1098740006320121fff75cfca268234bd25c3b78e3
:109884009a42ded16b4606331b881e4a94466344d3
:109894009ab20a2a23d893001c4ad3589f46012619
:1098a400a268c4239b00d15c0020d054a368c522c5
:1098b40092009d58002d0ed0134a9a5c330020006c
:1098c400a847a368c42292009a5c002a03d1c52247
:1098d400920000219950200003f02cfcb1e706f01f
:1098e400fdfe0328dcd906f0f3fe6b46da8808494e
:1098f40003f092fad4e70426d2e70826d0e7072635
:10990400cee7c04600f6ffff1103000010f9000087
:04991400a40a0000a1
:020000040000fa
:1099180030b585b0002830d0012b2bd0032b2cd1ab
:10992800089b002b29d08468002c26d098235b0143
:10993800089a52889a4220d1089b1b79022b1cd185
:109948000f256d4408981030013b2a000221fff7cb
:10995800edfb2b78042b39d011d8022b1ad0032b0e
:109968003dd108981830022322008e321900fff7e3
:10997800ddfb17e0100005f0c1fa05b030bd052b7e
:109988002dd108981830012322008a320221fff7ce
:10999800cdfb07e022008c3208981830022319000a
:1099a800fff7c4fb06f098fe0328e6d906f08efe02
:1099b8008e23e35a8c22a25a0f498a25655d0195a8
:1099c8008925645d009403f025fad6e708981830d5
:1099d8000123220089320221fff7a8fbe2e706f003
:1099e8007bfe0328ded906f071fe0f236b441a783c
:1099f800024903f00ffad5e7f8090000dc09000076
:020000040000fa
:109a0800f8b5de4657464e464546e0b5354d364b29
:109a18002f001e00354a01239b46324b9846b2461a
:109a28001e0016e0580030498c46095c8946ff2123
:109a38008c4349460c4301306146085c0002e4b29d
:109a48000443013319e0ff2323401385337d002ba2
:109a580021d1137e584603423ed0a868eb6898424d
:109a680037d05068072108400128dbd05046c05c39
:109a7800f8318c430443a4b20133386983428041ee
:109a880003404046c360536807210b40012bdad1dd
:109a9800164b1c85dae7564606f054fc114b1b683a
:109aa800002bb7d00f4b59681b7f002b08d00d4bec
:109ab8009b699842aed30b4b1b6803209847a9e7d4
:109ac800084b9b699842a5d1064b1b680320984711
:109ad800a0e7064b01221a75f0bcbb46b246a94660
:109ae800a046f8bd1849002000000020001c0042d4
:020000040000fa
:109af800f0b5d6464f464646c0b582b005000f00c1
:109b0800002815d00668002e12d043689846481ed3
:109b18004044190002f05efb0821695600294add1d
:109b28000024431e9c46b1462e000d00ba4622e092
:109b3800274b1b68002b47d03800984702b0e0bc81
:109b4800ba46b146a846f0bd35004e4653b2002b82
:109b580007dd09342d192a70013ad2b20135002add
:109b6800f9d10198434658433018e7e71c000134ff
:109b780064b2ac421eda33195b7a5bb20133f6d1b8
:109b8800a542f4dd019420000930301863461f19fe
:109b98007fb223000122002141560131e6d1bb42a8
:109ba800d2d001335bb20132d2b20130ab42f2d132
:109bb8002c00dce75746074b1b68002b06d00648ed
:109bc800390098470020b9e70020b7e70020b5e73b
:0c9bd800084b00209c4b002038050000ca
:020000040000fa
:109be400f0b5c64600b5041e5dd0002948d02f4dff
:109bf4001022280006f0f8fbab682a68002a39d046
:109c0400002b39d02949097b49b28846002935dd22
:109c1400033303218b431f0046460f368e434046d1
:109c2400584380199047051e08d03200ff2106f0e2
:109c3400e5fbae192e606f6043462b721c4b1d6012
:109c44001c488422002106f0d9fb1b490022200075
:109c540005f056fd19490022200005f051fd184b6e
:109c64001c60184b00221a60174b1a60012080bc3c
:109c7400b846f0bd0025e1e70025dfe70025dde774
:109c84000c4b1b78db0704d40f4b186804f0a8ffb7
:109c9400e5e7084d01220621280005f0e3fe28002f
:109ca40005f0e8f9f0e70020e1e7c046084b0020a2
:109cb400a44b0020b847002019140000458300007d
:0c9cc400b44b0020b04b0020a84b002047
:020000040000fa
:109cd00030b583b005000c0000285fd0002918d0f3
:109ce0000a7b110480235b040b430193012a14d8df
:109cf000626a134301930123042201a92848fbf758
:109d00008dfd011e3dd1a369e3612c61012003b0eb
:109d100030bd002303610120f9e700230093862072
:109d20000133032269464000fbf778fd011e0cd089
:109d30001c4b1b68002b01d01b48984701236b70fc
:109d4000280004f0c5fd0020e1e7227b92002100fd
:109d5000243110200023ff30fbf760fd011e04d1e9
:109d6000227b019b13430193c5e70e4b1b68002b1d
:109d700001d00e48984701236b70280004f0a8fd1d
:109d8000e1e7084b1b68002b01d0094898470123e5
:109d90006b70280004f09cfd0020b8e70020b6e7b7
:109da000240000109c4b0020b4010000f0010000d2
:049db0002c02000081
:020000040000fa
:109db400f0b5c64600b582b0041e5ad0037810220e
:109dc400934303704623c35a002b54d04432815a20
:109dd400023a855a023a825aad1a6d1a5a1a92b246
:109de400954200db5d1a0126002d45dd267a013ef1
:109df400731e9e4176420b239e43b823db009c4690
:109e04006644214b18688021fff774fe071e38d082
:109e14001e4b00940122802103f0e4fb80460028bd
:109e24001ad0b54200dd3500a1882b00032240463c
:109e340003f048f9164b18684146fef7d1fb061e9d
:109e440011d0adb25422a35aeb18a352237a012b9a
:109e540012d14533e5520fe00b4b1868390004f07a
:109e6400e5fb002608e0084b1868390004f0defb27
:109e740002e0002600e00126300002b080bcb846b3
:109e8400f0bd0026f8e7c046a44b0020092c0000d2
:049e9400b44b0020ab
:020000040000fa
:109e9800f8b5ce46474680b5334d2f00a846a946ab
:109ea8005be04246126a002a42d0716a336a012096
:109eb8009847b36a0133326b93429241134037e0bb
:109ec8004a46926a5200e0b2284988540132240a6c
:109ed8008c543ce006f090f8234b1b6a002b3cd0d6
:109ee800214b596a3c229b5c002b08d01e4b9b6b74
:109ef800984232d31c4b1b6a002098472de01a4b1e
:109f08009b6b984229d1184b1b6a0020984724e084
:109f1800174b1b7e5b0722d5154b1c8da4b2ab6a71
:109f280001332a6b934292411340fa6a9a42b8d09d
:109f38000d4ad26a9a42ebd00d4a516807220a406c
:109f4800012abdd0084a926ae4b208498c54064aec
:109f580093623423d35c002bbcd1034ed8e7c0bc3a
:109f6800b946b046f8bdc046184900200010002088
:049f7800001c004287
:020000040000fa
:109f7c00f0b506000f0015001c0085b08b4263d8ad
:109f8c0001d1824260d82100280006f00ff9390077
:109f9c000090300006f00af9009b21001b1a1a00f1
:109fac002800039306f0f6f800900191b94245d8c9
:109fbc0001d1b04242d8009b019c01200021039aa0
:109fcc00f61aa74106f0e6f804000d00039b002bdf
:109fdc002bd0019b009adb0750081843019b5908b2
:109fec00039b9c46b9422cd801d1b04229d83200ef
:109ffc003b00121a8b41012692185b410027b618c0
:10a00c005f4101235b429c446346002bead1300044
:10a01c003900039a06f0b2f8039aa4197d410600a0
:10a02c000f0006f0b7f8241a8d410a9b002b01d0c3
:10a03c001e605f602000290005b0f0bd00240025e3
:0ea04c00c4e7b6197f41dce700240025ede7ec
:020000040000fa
:02a05a0070474d
:020000040000fa
:10a05c00f0b5de46574680b587b0040008001700ff
:10a06c000393631e03334cd8a568002d4bd03121cc
:10a07c00049006f06bf80600302846d8812105972d
:10a08c00380006f063f80700802844d80221ff311d
:10a09c00039806f05bf8824680235b0098423cd81c
:10a0ac00a378002b3bd099239b00eb5c0820012b61
:10a0bc002cd11d4af11951442300053804f09afea5
:10a0cc00834600282dd00096049b0522032105f021
:10a0dc00f7fe0097059b05220421584605f0f0fe7b
:10a0ec0052460092039b05220521584605f0e8fed6
:10a0fc00a068594604f0bcfa01235840c000c0b215
:10a10c0004e0022002e0022000e0022007b0c0bc04
:10a11c00bb46b246f0bd0220f8e70220f6e701206c
:0ca12c00f4e70820f2e7c046ddb20000b6
:020000040000fa
:10a13800f0b5c64600b58ab00400039115001e00ac
:10a14800431e033357d88368002b56d0012a0dd0fd
:10a15800022a54d11000109b7f2b03d8a37801202a
:10a16800002b08d10ab080bcb846f0bd109b1f2b4d
:10a17800f4d90220f6e7244a2300002104f03cfe2b
:10a18800071e3ed0002e13d0012d1ad01022310008
:10a1980005a806f027f9109b02aa1377112301934b
:10a1a80005ab009309233c220399380002f083fd94
:10a1b800a068390004f05efa01235840c000c0b21c
:10a1c800d0e72023109a9b1a01204042984005f0be
:10a1d80021fe804605ad04223100280006f002f970
:10a1e80043460693082301930095282203993800d3
:10a1f80002f061fddce70220b4e70220b2e70220aa
:0ca20800b0e70820aee7c04619bc00001b
:020000040000fa
:10a2140010b50400902911dc00207f2928dd803945
:10a224000800102910d806f007f931313d0f110f3d
:10a234000f0f240f0f0f0f0f0f0f3d00c0294bd02e
:10a24400f02949d0a02928d0002011e01968002a5b
:10a2540007d00a1d1a6000228b5e2360db1763603f
:10a2640005e0081d18600b689bb223606260012042
:10a2740010bd1968002a04d00a1d1a600023cb56a9
:10a28400ebe7081d18600b68dbb2eee71968002adb
:10a294001ed00a1d1a600b68dfe71a68111d1960c9
:10a2a4001368dae707201968002a09d009188143de
:10a2b4000a0008321a600a684b6822606360d6e7b5
:10a2c400ca1d824311000831196053681268f4e70b
:10a2d400081d18600b68c8e71a68111d1960136817
:06a2e40023600023bbe72c
:020000040000fa
:02a2ea00fee78d
:020000040000fa
:10a2ec0070b582b0040015001e006b46d9800028a2
:10a2fc004ed08bb2002b4ed007ab1b88002b4cd012
:10a30c00b823db0008aa12889a4248d8099b01336b
:10a31c0080225202934244d80a9b002b43d0b8238c
:10a32c00db0000200b9a9a4233d82149200001f01f
:10a33c00d7fa002839d002236a46063203212000be
:10a34c00fff7f6f8069b32002900200004f07eff90
:10a35c00022307aa03212000fff7eaf8022308aa28
:10a36c0003212000fff7e4f8099b013309d10b9b73
:10a37c000a9a06212000fff7dbf8200001f002fb0f
:10a38c0007e0042309aa02212000fff7d1f8eee729
:10a39c00002002b070bd0020fbe70020f9e7002090
:10a3ac00f7e70020f5e70020f3e70020f1e7c046cf
:04a3bc00060e000089
:020000040000fa
:10a3c000f0b587b00400150000280dd0002a0bd08e
:10a3d0008368002b08d052882e79b02109018a4267
:10a3e00004d02b498a4248d007b0f0bd022efbd1e1
:10a3f000cf2292009b58002bf6d02b7c082b15d037
:10a40000092b31d06b469e1d2800183002233200e4
:10a410000221fef78ffea268cf239b00d5580021b2
:10a42000d150338800222000a847dde76b8a042b37
:10a43000e8d86969042202a805f0d8ff013e6b46fe
:10a440009f1d2800183002233a000221fef772fef9
:10a45000a268cf239b00d5580021d1503b88320001
:10a4600002a92000a847bfe76b8a102bcad86969e8
:10a47000102202a805f0baffe1e7cf2292009d5812
:10a48000002db1d00021995000230022a847abe74e
:04a49000010b0000bc
:020000040000fa
:10a49400f0b5d6464f464646c0b505000e00924676
:10a4a4002c490c78002c34d04c78002c31d0002e60
:10a4b40035d080231b019846002d34d08023db0047
:10a4c4009946244b16229b5e434530d1214f39696e
:10a4d400387a5346320000f005fb1422bb5e4b452c
:10a4e4002ed11c4bda6818795346290000f0fafa89
:10a4f400184a1100137e002bfcd00b7e002bf9d0e0
:10a5040006f01ef9134a137e013bdbb2137606f004
:10a514001bf92000e0bcba46b146a846f0bd0023b2
:10a5240098460d4ec8e7002399460c4dc9e7094fdc
:10a53400b8684246002105f08ffb4346fb82c5e71d
:10a54400044e70680022494605f086fb4b46b382f0
:10a55400c7e7c046ac4a00202c4a0020984b002094
:020000040000fa
:10a56400ce3400005e3500008e3500008e350000cc
:10a574008e350000ca3500000a3600004636000059
:10a58400f23600009a3800001e3700003e37000003
:10a59400563700009a3800009a3800009a380000b4
:10a5a4009a3800009a3800009a3800009a3800005f
:10a5b400783700009a3800009a3800009a38000072
:10a5c4009a3800009a38000090370000a437000041
:10a5d4009a3800009a3800009a3800009a3800002f
:10a5e4009a3800009a3800009a3800009a3800001f
:10a5f4009a3800009a3800009a3800009a3800000f
:10a604009a3800009a380000b6370000ca370000b4
:10a614009a380000dc370000f037000024380000ce
:10a624005038000064380000763800008838000094
:020000040000fa
:10a63400f8b5314b5a6a9869d96901240025001983
:10a6440069419861d961002a4ed02020195c0131fa
:10a6540019549368002b48d09368013b9360264bb0
:10a664005c6a002c43d1254d00242e0021e0e069d2
:10a6740004f006fce368002b01d020699847746a53
:10a68400002cf0d0a368002bedd125756575a37857
:10a69400002b02d1e368002be9d1200004f038f844
:10a6a400a378002be6d16770e4e701342035322c1f
:10a6b40015d06301f3185b7d002bf6d00f4b6101bd
:10a6c4005b1800215975ab78012beed169680b4bef
:10a6d40062019b189960280001f0eafae5e7064b4d
:10a6e40020215a5c013a5a54f8bd034b5c6a012597
:10a6f4000027014ec6e7c0465849002068380020ac
:020000040000fa
:10a70400f0b5ce46474680b583b004000d00160070
:10a714001f00431e033345d88368002b44d04a1ed0
:10a72400012a43d812019b182d33ff331b78002bc9
:10a7340042d0002f31d0002e40d04121300005f00e
:10a7440009fd804640283bd8a3780120002b2ed059
:10a754001d4a23004021013004f050fb81460028ab
:10a7640030d00023019300970a332922290002f0f4
:10a774003df9002e08d04346019300960523062296
:10a784002900484602f032f9a068494603f074fff4
:10a7940001235840c000c0b209e0002ecdd10023ef
:10a7a4009846d1e7022002e0022000e0022003b034
:10a7b400c0bcb946b046f0bd0220f8e70220f6e777
:0ca7c4000220f4e70820f2e7f56d000029
:020000040000fa
:10a7d000f0b58db00400431e033350d88368002bbe
:10a7e0004fd08278002a4ed01a6801324ed07b2298
:10a7f0009a5c002a4cd17c32985c01309854a36852
:10a800009a5c2448007890422bd9c022920099503b
:10a81000a3689b58002b29d01e4d2e0001a92000b3
:10a8200001f0f4fe002828d1a3682a787c21595c25
:10a830000131c9b2c02080001f5801ab2000b847c9
:10a84000002815d0a1687c23ca5c0132ca54a268d2
:10a85000d15c33789942e1d3c0239b000021d150d1
:10a860000be0013a7c215a5405200de000200be05a
:10a87000a268c0239b000021d150002004e00220e8
:10a8800002e0022000e001200db0f0bd0120fbe756
:08a890000320f9e7003000206d
:020000040000fa
:10a89800f0b5c64600b5041e59d0002959d000208d
:10a8a800282a02d880bcb846f0bd23001022904662
:10a8b800a04420000e300f272a3294461ee02a00ba
:10a8c80030320026002d23d01fe015003035002a35
:10a8d80024d10a00002e24d020e029003031002d98
:10a8e80025d11500002e24d021e02970834229d0db
:10a8f800a91c62466a700233984524d01c001a7855
:10a9080015099f2adbd92a0057320a70013101261e
:10a9180022783a40092ad8d9573215004a1c0d70b6
:10a92800012661780d099f29d7d929005731551c6f
:10a93800117062783a4011003031092ad5d957325e
:10a948001100d2e7691c00230b700120aae7002040
:06a95800a8e70020a6e7bd
:020000040000fa
:02a95e00fee712
:020000040000fa
:10a9600070b582b02a4ce40fe407044322d0237868
:10a97000db0725d5a388002b28d0264b186880211b
:10a98000fff7baf8061e27d0234b0094012280213e
:10a9900002f02afe051e25d0a18804f001f91f4b04
:10a9a00018682900fdf71efe03000020002b24d0ac
:10a9b00002b070bd1a4b09221a6001204042f7e72d
:10a9c000174b0e221a6001204042f1e7144b5f2220
:10a9d0001a6001204042ebe7114b0c221a60012063
:10a9e0004042e5e70b4b1868310003f021fe0c4ba9
:10a9f0004d221a6001204042dae7064b1868310008
:10aa000003f016fe064b4d221a6001204042cfe7ac
:10aa1000b8470020a44b0020092c0000b44b0020b4
:04aa2000cc4b0020fb
:020000040000fa
:10aa2400f0b5c64600b584b00400039116001d00bd
:10aa3400431e033344d88768002f43d0002d43d0ee
:10aa44008378002b42d0d3239b00fb580a20002b91
:10aa54003dd13b007f331900039805f0ecf9002841
:10aa640003d17e23fb5cb34221d096230022fa5209
:10aa74001b4a23000021012004f0c0f9804600286d
:10aa840029d00096039b05220a2105f063faa068e9
:10aa9400414603f0f1fd00281fd0a268d3239b0098
:10aaa400d550a26888230121d15400200fe07e37bd
:10aab40000970123012201212000a847002006e07d
:10aac400022004e0022002e0022000e0012004b0a1
:10aad40080bcb846f0bd0820f9e70820f7e7c04677
:04aae4007d500000a1
:020000040000fa
:10aae800f0b504002c4825014019067bf6b22b4826
:10aaf8003f27c55dedb2c4550f37c05d800702d151
:10ab08000020002e39d1254e4e20032737542248e5
:10ab180026018019023f07732148305a400530d575
:10ab2800c9181f48801941601d492001415a09056b
:10ab38002cd5d2181a4909188a60194a2001815a55
:10ab48008905890fcb409bb212185380134b4021c3
:10ab58005a5c022002435a54596c5a6c08230b4021
:10ab6800fc2189010a4013430138002b05d10b4a07
:10ab780011690133a3400b431361084a3f23d5549d
:10ab8800f0bd0748260180194160cde7044920013e
:10ab980009188a60d1e7c0460c4a002000480041e5
:04aba800304a00200f
:020000040000fa
:10abac00f0b40125ed070c005c402c40a446ae0a25
:10abbc004c18df18f4423dd2f74245d2640d4cd00c
:10abcc007f0d3cd0e41bc9022943cf0adb022b4387
:10abdc00db0a0600b61a9f4104d2013cb6197f412c
:10abec00b6185f416812800d241838dd00188442b5
:10abfc0025d8e80c0021b6197f41b61a9f4103d322
:10ac0c0040414941f7d304e0b6185f41001849416f
:10ac1c00f1d32405b6197f41b61a9f4105d33743aa
:10ac2c00c20717430022012f504161416246114374
:10ac3c00f0bc70470cd100280ad1f74208d2002092
:10ac4c00c143490d0905f1e7002a01d1f74206d0ad
:10ac5c000020c143090dc904eae77f0df8d000209c
:04ac6c006146e5e771
:020000040000fa
:10ac7000234b00229a619a8c80218a439a8419007e
:10ac80001022cb681a42fcd01e4b5b6a9b0e3f2bf6
:10ac900034d09b02802292001343194a9362110020
:10aca0001022cb681a42fcd0154b02229a8419005c
:10acb0000e32cb681a42fcd0134b144a5a60144a25
:10acc0009a601a0053785bb2002bfbdb0e4b114ae3
:10acd0005a601a0053785bb2002bfbdb0a4b0e4a1a
:10ace0005a800e4a5a800e4a5a800e4a5a800e4b9b
:10acf0000e4a1a62024b00221a627047203bc8e7d4
:10ad00000008004000608000000c004001030300c8
:10ad10000120000000070100044100000540000080
:10ad200014400000194000000004004084000100ad
:020000040000fa
:10ad300010b5002857d001223823c25400233921ee
:10ad40004354033143542c314354c3660831fd242a
:10ad5000445443670831435401314354013143544f
:10ad6000013143541d314354c421890043540831f7
:10ad70004354483143541c4943549c21fe3c4450a5
:10ad80000c31435402394354aa33c2520300ac334a
:10ad900004002d34ff34023a00211a609972da81de
:10ada0001033a342f9d1002396225200835410326b
:10adb000835468328354c03201218154043a835051
:10adc000a032835004328350083283503032835093
:10add000343a835038328350f03a8350243014226e
:0cade000002105f00dfb10bd6103000018
:020000040000fa
:10adec004b005b0d284af0b50d00591e0400914232
:10adfc0039d8264a9e1825d420002900332e20dc71
:10ae0c00234a9b1826d4120bda4013002700214a40
:10ae1c009f43f24038002f00234097432a403900cb
:10ae2c0013430ed0002f0cda3400203c25d480259f
:10ae3c006d03e5402a0080246403f440230080184d
:10ae4c005941f0bd002d02db00200021f9e7002064
:10ae5c001149f6e720230f4a9b1b9a4001235b42c2
:10ae6c00f3401343d2e720002900002be9d1002244
:10ae7c00e90fcb0710001900e3e720248025a41b61
:10ae8c006d03a5402a00d6e7fd07000001fcffff7b
:0cae9c00e1fbffffffff0f000000f0bf14
:020000040000fa
:10aea800f0b5c64600b584b004001500002809d0e6
:10aeb800002a07d08668002e04d0b0235b01528890
:10aec8009a4203d004b080bcb846f0bd2b79042b5d
:10aed800f8d128001030023b6a4606320221fef7fc
:10aee80025f96b465f1d2800183001233a0002211e
:10aef800fef71cf902ab984628002030062342468c
:10af08000b21fef713f928002830012301aa02219a
:10af1800fef70cf90123424693713b78002b09d1c7
:10af2800aa33f25a6b4606331b889a42cad13100bb
:10af38009c3105e002a9200001f022fb011ec1d0ce
:10af480001ab00229a560a73c3239b00f358002bc7
:08af5800b8d020009847b5e7ce
:020000040000fa
:10af6000f0b5ce4600b584b004000d001600039382
:10af7000431e03333cd88368002b3bd0002a3bd0d0
:10af80004a1e012a3ad812019b182d33ff331b7831
:10af9000002b38d02121300005f0def807002028f2
:10afa00033d8a3780120002b29d01a4a230020216e
:10afb000013003f025ff8146002828d000230193ab
:10afc000039b00930a232822290001f011fd019719
:10afd0000096052301222900484601f009fda068da
:10afe000494603f04bfb01235840c000c0b206e0c5
:10aff000022004e0022002e0022000e0022004b06f
:10b0000080bcb946f0bd0220f9e70220f7e708202e
:08b01000f5e7c046f56d0000f4
:020000040000fa
:10b0180070b586b00400150000280fd0002a0dd0a6
:10b028008668002e0ad05388117910001030c82283
:10b038005201934204d0224a93422cd006b070bdec
:10b048000329fbd1d7239b00f358002bf6d0042308
:10b058006a460139fef76af82b7e082b0ad0092bbd
:10b06800ecd128001830073302aa0921fef75ef850
:10b07800022307e028001830043b02aa0821fef743
:10b0880055f8012301aa13700099d7239b00f358a0
:10b0980020009847d2e70129d0d1d7239b00f35845
:10b0a800002bcbd0042301aa0131fef73ff8019908
:10b0b800d7239b00f358002220009847bee7c046dc
:04b0c800011900006a
:020000040000fa
:10b0cc0010b582b0040000936b46d98001ab1a8096
:10b0dc0000283cd08bb2002b3cd0234b01aa128809
:10b0ec009a4239d8009b013380225202934235d8c0
:10b0fc00049b002b34d01c4b0020059a9a4227d875
:10b10c001a49200000f0ecfb00282bd002236a46e1
:10b11c00063203212000fef70bfa022301aa0321b9
:10b12c002000fef705fa009b013309d1059b049a18
:10b13c0006212000fef7fcf9200000f023fc07e0bc
:10b14c0004236a4602212000fef7f2f9eee7002004
:10b15c0002b010bd0020fbe70020f9e70020f7e764
:10b16c000020f5e70020f3e7b4050000050e000011
:020000040000fa
:10b17c00f8b50e001500284bdb0fdb0718432ad05f
:10b18c00037a022b2cd102f003fd041e2ed003787f
:10b19c00db0731d5002e14d0002d12d0038d043bcb
:10b1ac005a1e93415b420c271f4010372b68bb4241
:10b1bc0000d92f60210028312a68300005f010f9e1
:10b1cc002f60237a022b1dd023780822134323707f
:10b1dc0060004008f8bd114b09221a600138f9e7ec
:10b1ec000e4b7a221a6001204042f3e70b4b0b22e4
:10b1fc001a6001204042ede7084b0e221a60012034
:10b20c004042e7e72000fcf77bfc0028dcd1034b35
:10b21c000c221a600138dde7b8470020cc4b002027
:020000040000fa
:10b22c00f0b5c64600b584b004000e0015000393bb
:10b23c00431e033336d88368002b35d0002a35d013
:10b24c008378002b34d0012901d01c2935d18121e0
:10b25c00280004f07bff80460300013b7f2b2ed897
:10b26c001a4a23000100022003f0c4fd071e28d057
:10b27c0002230093039b0322032104f013fe434695
:10b28c002a003100380002f0a1f8a068390003f060
:10b29c00eff9002817d0a268d0239b000a99d1504f
:10b2ac00002006e0022004e0022002e0022000e080
:10b2bc00012004b080bcb846f0bd0220f9e70220a2
:10b2cc00f7e70820f5e70820f3e7c04699020100ec
:020000040000fa
:10b2dc0070b584b004001500002808d0022b08d0eb
:10b2ec00032b22d0012b02d1100003f005fe04b079
:10b2fc0070bd089b002bfad08368002bf7d01f4a37
:10b30c00089909889142f2d1089a5288002aeed005
:10b31c00ad2292009e58002ee9d004329958022397
:10b32c00009300232a00b047e1e7089b002bded0f6
:10b33c008368002bdbd0114b089a52889a42d6d1e5
:10b34c00089b1b79012bd2d10898103001330e22a7
:10b35c006a440221fdf7e8fea268ad239b00d65893
:10b36c00002ec4d00e236b441b88ae21890051588b
:10b37c00002200922a002000b047b8e7060800001f
:020000040000fa
:10b38c0070b586b004001500002816d0002a14d021
:10b39c008368002b11d053881179234a93420ed025
:10b3ac00224a934238d0023a934206d1002200211d
:10b3bc0004f04cfa200001f0b9fe06b070bd04296f
:10b3cc00fbd101ae28001030042332000139fdf707
:10b3dc00abfe28001830042302aa0321fdf7a4febb
:10b3ec0028002030012303aa0321fdf79dfe337aa8
:10b3fc00022b0ad001ab6a8d1a73ea6a059201aa74
:10b40c000021200004f022fad7e72800283004aaf3
:10b41c000321fdf789fef2e70022012104f016fa60
:10b42c00200001f083fec8e7011d0000021d000092
:020000040000fa
:10b43c00f0b583b004000e001500431e033340d852
:10b44c008368002b3fd0002a3fd08278002a3ed060
:10b45c00d32292009b580a20002b01d003b0f0bde0
:10b46c001e4a23000021083803f0c4fc071e30d00c
:10b47c00022e1bd0012e20d1002600960023002284
:10b48c000a2104f063fd0096002300220c213800f1
:10b49c0004f05cfda068390003f0eaf800281ad02b
:10b4ac00a268d3239b00d5500020d7e7002300933c
:10b4bc0000220b2104f04afdece705f075f808209a
:10b4cc00cce70220cae70220c8e70220c6e7012029
:10b4dc00c4e70820c2e70820c0e7c0467d50000042
:020000040000fa
:10b4ec00f0b583b005000c001700019308ab1e7873
:10b4fc0003f072ff00283fd0214b1b785bb2022b6c
:10b50c0006d00124644204f0c7fb200003b0f0bd58
:10b51c00002c2bd0ac422cd300201a4b1a78002aca
:10b52c0006d0203301303228f8d101246442eae7f6
:10b53c0001321a7000225a701a755a759e705c602e
:10b54c00df60019a1a61641b9c600f4a1288040424
:10b55c00240c11040c43dc61013293b20b4a93426c
:10b56c0002d0094a1380cee70123fae70124644292
:10b57c00c9e701246442c6e701246442c5e7c0461a
:10b58c005849002068380020d64b0020ffff0000ef
:020000040000fa
:10b59c00f0b54b6889b004930b680c009c468d6821
:10b5ac00cf68079353681268d90f06000591002bda
:10b5bc0042da19001000002342428b410499002901
:10b5cc0009db02206146814307910599002902d1cc
:10b5dc000798410701d5691e02e029000007fad43b
:10b5ec0007a802900a2000910190200001f026fb90
:10b5fc00059b002b15d02d2301383b542269079b4a
:10b60c00013a121a3918009330002b0001f064fa39
:10b61c007368db0503d56368984200da180009b03b
:10b62c00f0bd079b5a0702d52b230138e5e71b0712
:10b63c00e4d520230138e0e704990029c1dac7e7f3
:020000040000fa
:10b64c0030b583b0040006a805786846c171073090
:10b65c0069468a7106316a465371002c38d00b78d2
:10b66c00022b38d803786a4605321278134300202f
:10b67c00012b2ed8099b002b2fd01a49200000f04b
:10b68c002ff900282bd001236a4607320321200012
:10b69c00fdf74eff01236a46063203212000fdf719
:10b6ac0047ff01236a46053203212000fdf740ffc6
:10b6bc00089b079a2900200003f0c8fd0a9b099af1
:10b6cc0005212000fdf734ff200000f05bf900e0bd
:10b6dc00002003b030bd0020fbe70020f9e700207c
:08b6ec00f7e7c0460608000064
:020000040000fa
:10b6f400f0b589b007000c001600039300283bd076
:10b70400002939d08268d2239b00d358002b33d030
:10b714000123132202a98c46624402212000fdf772
:10b7240007fd07ad2000083004232a000421fdf79b
:10b73400fffc2b88022b21d1002e07d030000830cb
:10b74400043305aa0b21fdf7f3fc05ae132302aa6b
:10b754009446634400215956bb68d224a400039d37
:10b764006a1e9541ed0000951d59330001223800f1
:10b77400a847bb6800221a5109b0f0bd04f0aeff1f
:10b784000328f9d904f0a4ff07ab1a88014901f092
:08b7940043fbf1e7880a000005
:020000040000fa
:10b79c0070b584b00e0014001d00002a11d1089b56
:10b7ac00002b02d01b78002b05d11a49002001f088
:10b7bc002ffb04b070bd1849184a022003f0ecfcb2
:10b7cc00f7e7089b002b1ed0012915d0089b0133ed
:10b7dc00002d16d0124a13490392002202920192b4
:10b7ec0000923200002001f013fbb442e1d10e496b
:10b7fc00002001f00dfbdce70c49002001f008fbf8
:10b80c00e4e70b4ae7e704490a4a022003f0c4fcc8
:10b81c00cfe7c046200f0000c8fc00002702000044
:10b82c00180f0000740f00009c0f0000480f000060
:08b83c009c0e0000390200001f
:020000040000fa
:10b84400002941d010b404004c40a4460123002236
:10b85400002900d54942002800d5404288422cd313
:10b8640001242407a14204d2814202d209011b010e
:10b87400f8e7e400a14204d2814202d249005b000d
:10b88400f8e7884201d3401a1a434c08a04202d375
:10b89400001b5c0822438c08a04202d3001b9c08b6
:10b8a4002243cc08a04202d3001bdc082243002818
:10b8b40003d01b0901d00909e3e710006446002cfa
:10b8c40000d5404210bc704701b5002004f054ff7d
:10b8d40002bdc0460029f7d003b5fff7b3ff0ebc85
:08b8e4004243891a1847c046cf
:020000040000fa
:10b8ec0070b5041e26d00569002d2bd0027b437b3e
:10b8fc009a422ed2c38a072b35d9c3691d600562c3
:10b90c0000232b70026a080a5070226a9170226a16
:10b91c005371236908332361e38a083be382e369ab
:10b92c0008229a80e269937940210b439371256a2e
:10b93c00280070bd0f4b1b68002b18d00e48984781
:10b94c000025f5e70b4b1b68002bf1d00b489847f3
:10b95c00eee7084b1b68002b01d0094898470023e1
:10b96c0023610025e4e7002303610025e0e70025bf
:10b97c00dee7c0469c4b0020e000000018010000f0
:04b98c00480100006e
:020000040000fa
:10b9900010b5041e30d0026a002a35d00369002b8e
:10b9a00032d0037b08339b00c3185b681b0a93717a
:10b9b000026a037b08339b00c3185b68d371c269ba
:10b9c000917980235b420b439371027b9100411874
:10b9d0004b6a08339b084b6201320273c269130041
:10b9e0000833c361816909688b4217d200239360d1
:10b9f000c2699380012006e00b4b1b68002b11d01d
:10ba00000a489847002010bd074b1b68002b01d047
:10ba100007489847002323610020f4e70023c3610f
:10ba20000120f0e70020eee79c4b0020e000000042
:04ba300018010000f9
:020000040000fa
:10ba340070b596b005001c00002838d0012b33d017
:10ba4400022b34d11a9b002b31d08368002b2ed0cb
:10ba54001f4a1a990988914229d1c12292009b5800
:10ba6400002b24d01a9b587a002820d05e88d968ed
:10ba740002aa02f04fff002819d0042301aa0221d0
:10ba840002a8fdf755fb019b002b12d1aa68c12324
:10ba94009b00d3580322711e8e417642324001210d
:10baa40049422800984702e0100003f029fa16b032
:10bab40070bd012bfbd1aa68c1239b00d358002e73
:10bac40000d0032401212200494228009847eee7d0
:04bad400011200005b
:020000040000fa
:10bad800f0b5c64600b582b004000d001600431e3e
:10bae800033331d88368002b30d0002a30d04a1e67
:10baf800012a2fd812019b182d33ff331b78002bf6
:10bb08002dd02121300004f023fb0700202828d85d
:10bb1800a3780120002b1ed0144a2300202103f013
:10bb28006bf9804600281ed0019700960523022253
:10bb3800290000f059ffa068414602f09bfd01234f
:10bb48005840c000c0b206e0022004e0022002e033
:10bb5800022000e0022002b080bcb846f0bd0220fe
:10bb6800f9e70220f7e70820f5e7c046f56d000081
:020000040000fa
:10bb7800f0b5c64600b582b004000d001600431e9d
:10bb8800033331d88368002b30d0002a30d04a1ec6
:10bb9800012a2fd812019b182d33ff331b78002b55
:10bba8002dd04121300004f0d3fa0700402828d8ce
:10bbb800a3780120002b1ed0144a2300402103f053
:10bbc8001bf9804600281ed0019700960523052200
:10bbd800290000f009ffa068414602f04bfd01234f
:10bbe8005840c000c0b206e0022004e0022002e093
:10bbf800022000e0022002b080bcb846f0bd02205e
:10bc0800f9e70220f7e70820f5e7c046f56d0000e0
:020000040000fa
:10bc180030b595b0041e08d0022b08d0032b25d0d0
:10bc2800012b02d1100003f069f915b030bd189b43
:10bc3800002bfad08368002bf7d0189b5d88002d65
:10bc4800f3d090231b01189a12889a42edd1189bc1
:10bc5800d968587a6a4602f05bfe0028e5d02b00c6
:10bc6800002269462000fff741fddee7189b002b04
:10bc7800dbd08368002bd8d090231b01189a5288f8
:10bc88009a42d2d1189b1b79022bced1189bd96826
:10bc9800587a6a4602f03cfe0028c6d0189a10323c
:0cbca800002369462000fff721fdbee7e5
:020000040000fa
:10bcb400f0b5d6464f464646c0b584b0002834d0c9
:10bcc400214b596a83689a46002934d08b685246be
:10bcd4000392002290469a4531d3002200238146e4
:10bce4008e683400002512196b410291896900297c
:10bcf4000dd08e68009600260196009e019fb6180e
:10bd04005f41474503d8ebd103988642e8d9029caa
:10bd140048468161a06151468a1a82608369002b7a
:10bd240003d081689a68521a9a6004b0e0bcba469b
:10bd3400b146a846f0bd8360034b5862f5e7024b59
:0cbd4400586281610022e6e758490020a7
:020000040000fa
:10bd500070b588b01500234b1e68002e3dd004ab93
:10bd600001225242049205921a819a7200229a701c
:10bd700000292ed080329a700a785a71002d01d095
:10bd800088229a7004ac74236370020e043b134043
:10bd9000c203920f1343a2781343a370c309e37045
:10bda0004000207105211120684404f0defc0123cd
:10bdb0001843a0710b2269462000b04700280ed01e
:10bdc000002d02d06b465b7a2b706b46187a08b058
:10bdd00070bd04ab00225a71d4e7ff20f7e7ff20c3
:08bde000f5e7c046a04b00206e
:020000040000fa
:10bde80030b591b00c0040220021684604f004fbf5
:10bdf8001b4b5d681b4b9c4211d01b4b9c4217d0c0
:10be0800149b1a78012a1cd0022a21d01749002035
:10be180001f000f869460a20a84711b030bd14495e
:10be28001a00002000f0f6ff00210c20a847f4e7d4
:10be380010491a00002000f0edff00210b20a84750
:10be4800ebe7191d40236a460420fbf763fae1e794
:10be5800149b191d40236a460620fbf75bfad9e7b5
:10be6800904b00200105000002050000f00d0000c5
:08be7800ac0d0000d00d00002c
:020000040000fa
:10be8000f0b5d6464f464646c0b582461e4ad36aee
:10be9000956a002933d0ab4234d0040001201b4afc
:10bea00094469046184f13e05a006646b65c2670da
:10beb00001326646b25c627001333a6b9342924142
:10bec0001340814213d9421c0234ab4210d01000ff
:10bed0000f4a566807223240012ae5d04246d25c1a
:10bee00091465246013a4e4616540133e5e71d008d
:10bef000054bdd62e0bcba46b146a846f0bd1d0068
:10bf00000800f5e70020f3e71849002000100020a2
:04bf1000001c0042cf
:020000040000fa
:10bf140070b50500836898680021fdf761feaa6882
:10bf240098239b00d458002c0cd00433d35c012bf1
:10bf340008d09a239b00d318ac21890051580122c0
:10bf44002800a047a968c1239b00cb58002b27d009
:10bf540079228a5c002a1bd00024c126b60002e0a4
:10bf64000134082c1cd0aa682301d318ac331b68f5
:10bf74000133f5d02301d318b6331b78002befd04f
:10bf84002101ac3151189359002228009847e7e762
:10bf94007a228a5c002a03d09c3100222800984728
:02bfa40070bd6e
:020000040000fa
:02bfa600fee7b4
:020000040000fa
:10bfa800f0b5de4600b584b000900191029203938b
:10bfb8000aab1e781a4b00241a78002a09d00134db
:10bfc8004c330a2cf8d10027380004b080bcbb469b
:10bfd800f0bd4c256543134b9b46ef184c320021ae
:10bfe800380004f009fa01233b7201345b46ec5433
:10bff800009b7b60019bbb723b0044331e7002991f
:10c00800002904d0084828181c2204f0ebf90399e9
:10c018000029d9d0054828181c2204f0e3f9d3e7f1
:10c02800144200200c420020184200203442002014
:020000040000fa
:10c0380010b582b0041e0191009233d00b004a1c47
:10c04800042a09d9092919dd0b3b1c2b2dd8194abb
:10c05800da400020d20726d5009b01330020022bae
:10c0680021d815492000fff73dfc00281fd0019b6f
:10c07800013307d12000fff787fc14e00729ebdc28
:10c08800002010e0042301aa02212000fdf752fa43
:10c09800009b0133eed004236a4602212000fdf7fd
:10c0a80049fae7e7002002b010bd0020fbe70020b6
:0cc0b800f9e7c0464170d0190b080000e9
:020000040000fa
:10c0c40010b582b004006846c180063001a90a8018
:10c0d4006a46d3700332002c2dd00388002b2dd058
:10c0e4000b88002b2cd0137800200a2b24d8164957
:10c0f4002000fff7f9fb002824d002236a46063209
:10c1040003212000fdf718fa022301aa03212000cd
:10c11400fdf712fa6b4603331b78002b03d1200082
:10c12400fff734fc08e001236a46033203212000b0
:10c13400fdf702faf3e7002002b010bd0020fbe790
:0cc144000020f9e70020f7e7010e0000e2
:020000040000fa
:10c15000f0b583b006000c00002834d0002934d09c
:10c160000b786022110019401a4212d00023402996
:10c170000cd0227a022a22d0657a042d21d0063de5
:10c180006a4255416d42124a154004e0636f9bb20a
:10c19000efe700250023a1880027019700930323e0
:10c1a0006522300000f0c6fda188019700950323a9
:10c1b0006622300000f0befd012003b0f0bd054d49
:10c1c000e9e7054de7e70020f7e70020f5e7c0467f
:0cc1d000c6050000da050000d2050000e2
:020000040000fa
:10c1dc00002934d00123002210b488422cd301242e
:10c1ec002407a14204d2814202d209011b01f8e7c3
:10c1fc00e400a14204d2814202d249005b00f8e77c
:10c20c00884201d3401a1a434c08a04202d3001ba7
:10c21c005c0822438c08a04202d3001b9c082243da
:10c22c00cc08a04202d3001bdc082243002803d018
:10c23c001b0901d00909e3e7100010bc704701b5d8
:10c24c00002004f095fa02bd0029f8d003b5fff7e1
:0cc25c00c1ff0ebc4243891a1847c046bf
:020000040000fa
:10c268001e4b1f4a1a601a229a81c02292025a60f3
:10c278001a00d369002bfcd1184a136802210b431a
:10c288001360d369002bfcd1164b00221a629a6204
:10c29800da6234215a5408315a549a630021da87f1
:10c2a8001a609a60da60197519779a610b4b5a68a7
:10c2b80007231340012b0ad00a4b802252011a632c
:10c2c8001a61064b80229a757c3a9a757047054b1d
:10c2d800802212011a631a61f3e7c046001c00426b
:08c2e800042110401849002058
:020000040000fa
:10c2f00010b5194c01235b4223606360a360e360c7
:10c30000002323746374a374e37414480133144a40
:10c31000002101f0dbfd206012480123124a0021b8
:10c3200001f0d4fd6060fa22104801235200002180
:10c3300001f0ccfda0600e4801230e4a002101f05f
:10c34000c5fde06004f0e6f804f0f4f804f0faf853
:10c3500004f000f910bdc046f44a00205106010067
:10c3600060ea00005d06010030750000690601000a
:08c3700075060100204e0000db
:020000040000fa
:10c3780070b588b00d001e4b1e68002e32d0002903
:10c3880032d004ac01235b420493059306932373d4
:10c39800463363700023a370030ce370030a237110
:10c3a800607105211120684404f0dbf9012318436a
:10c3b800a0710d2269462000b047002816d06b46b0
:10c3c8005b7a1b066a46927a120413436a46127b0a
:10c3d80013436a46d27a120213432b606b46187acb
:10c3e80008b070bdff20fbe7ff20f9e7ff20f7e763
:04c3f800a04b002036
:020000040000fa
:10c3fc0070b500282cd11c4b9b68002b2bd01a4af3
:10c40c001278002a2ad0184a9278002a29d1164c80
:10c41c001c60a368154892329852002294215a54f9
:10c42c0093399025595506355853c02080001a5021
:10c43c0004301a5008301a50a1700d4a2000fef733
:10c44c00f7ff002200212000fcf7f2ff200070bd56
:10c45c0001246442fae701246442f7e701246442b0
:10c46c00f4e701246442f1e7c84a0020ff0700000a
:04c47c001b7300002e
:020000040000fa
:10c4800010b51e4a137801210b43137053785bb229
:10c49000002bfbdb194900238b6180239b02cb61be
:10c4a0005b09cb60164b10221a721a7520201a54a1
:10c4b0000c301a540c301a540c301a540c301a54d4
:10c4c0000c301a540c301a540c301a540c301a54c4
:10c4d0000c301a540c300c241c540c301a540c30f0
:10c4e0001a540c301a540b780e3a13430b700a008e
:10c4f00053785bb2002bfbdb10bdc0460018004038
:04c50000d8450020fa
:020000040000fa
:10c5040010b51a4b06225a6001f038fefef7aefb56
:10c5140004f07ef802f0eafd03f08cfb00f0a4facc
:10c52400fff7a0fefff7aaff03f000f81049002070
:10c53400fbf756fc0f4c20600f49002000f080fff1
:10c5440060600e49002003f091fda0600c490020ba
:10c5540001f07efbe06004f0b5f8fff7c7fe03f0de
:10c56400ffff04f0a9f800f049f910bd00400041b4
:10c574005c070100284b0020540701004406010019
:04c584003806010074
:020000040000fa
:10c58800f8b50e00431e033337d88768002f32d022
:10c59800002906d08b79002b31d03c00ac34002523
:10c5a80017e03b00ac33002203e001321033082ac5
:10c5b80009d019680131f8d1997a0029f5d1120109
:10c5c800ac32bf1817e0370015e001351034082ddc
:10c5d80010d023680133f8d0a37a002bf5d0201da2
:10c5e8000622310003f025fc0028eed12d01ac35e0
:10c5f8007f1900e000273800f8bd0027fbe7002777
:02c60800f9e750
:020000040000fa
:02c60a00704777
:020000040000fa
:10c60c0070b50c00431e03332ed88368002b2dd03d
:10c61c0000292dd08278002a2cd01a6801322bd018
:10c62c007c229b5c154a127804209a4223d9134e23
:10c63c002b255d437319d9782822a1540121595611
:10c64c000132a1549a782a23e25420002130291d6a
:10c65c008919072203f0c4fe0b35a91921222000e9
:10c66c0003f0befe002006e0022004e0022002e0ff
:10c67c00022000e0012070bd0120fce7003000200a
:020000040000fa
:10c68c00f8b504000e0017001d0000282ad0002960
:10c69c002ad06b1c23d0ebb20220052b1ed8154bd5
:10c6ac006a00d25ac0235b011a421fd039003000f5
:10c6bc0000f04efa00281bd02570637803229343b8
:10c6cc006370a77003343d320021200003f092fe0a
:10c6dc003a003100200003f083fe0020f8bd042551
:10c6ec00054ae3e70220f9e70220f7e70220f5e725
:0cc6fc000220f3e70806010061190000ad
:020000040000fa
:10c7080070b504000d00431e033327d88368002b3f
:10c7180026d08278002a25d0992292009b5c042b8f
:10c7280022d0022b22d00820032b1cd1124a23002e
:10c738000021073802f060fb061e19d0290000f01e
:10c74800b3fea068310001f095ff002812d0a2685e
:10c7580099239b000421d154002004e0022002e028
:10c76800022000e0012070bd0020fce70a20fae763
:0cc778000820f8e70820f6e7ddb200001a
:020000040000fa
:10c7840010b582b0002301931a4a138c0f210b4079
:10c794003031545ce4b253540f31525cd2b2019242
:10c7a400019a0220920708d512494e228854124a4f
:10c7b40019015218002111730138019ad20709d5c1
:10c7c4000c494e22012088540b4a190152180021a9
:10c7d40011730130084a190152185268002a04d012
:10c7e400054a531899685b689847024a3f23d45412
:0cc7f40002b010bd004800410c4a0020bb
:020000040000fa
:10c8000030b5bff35f8f62b6194bc02080001a5855
:10c810001202120ac02109060a431a5008221a609d
:10c8200004301a58ff218a433f390a431a50102214
:10c830001a601a580f4c2240c02109040a431a50aa
:10c8400040221a60c225ad0058590b4a1040c02240
:10c85000120202435a51802292001a60c3208000c3
:10c860001a582240114319508022d2011a6030bd5b
:0cc8700000e100e0ffff00ffff00ffff01
:020000040000fa
:10c87c0010b50d2806d880001a4b1b589f461a4b32
:10c88c000122da7210bd184b0022da721a735a7335
:10c89c009a73da7300210620f7f712f8f2e7124bbd
:10c8ac0001221a73eee7104b01225a73eae70e4b82
:10c8bc0001229a73e6e70c4b0122da73086801f047
:10c8cc0049ffdfe7084b0022da7200210620f6f759
:10c8dc00f7ffd7e7044b0022da721a735a739a7374
:0cc8ec00da73cfe754f40000044500208c
:020000040000fa
:10c8f80070b50d0088b0202204000021684603f0be
:10c908007bfd2a78101e19d06b78002b18d01f20b9
:10c9180001212b78002b15d00e005a0903409e40a8
:10c9280033006e469200b658013533436e46b35015
:10c93800efe7013001789142fbd0001b08b070bdd1
:10c948002000f7e723001f2501200ae0060051090f
:10c958002a40964032006e4689007158114203d031
:0cc9680001331a78002af1d1181be7e710
:020000040000fa
:10c97400f7b51d4f03003c68201e0dd00022210096
:10c98400100001920d68ac460d699c4509d1002a3e
:10c9940005d0156110310800febd2900f2e73d60a5
:10c9a400f8e79c4506d9002802d00668b44501d2b0
:10c9b400080001920a00002defd10028ecd00500f8
:10c9c40002680169d21a1035102a05d90360eb18e0
:10c9d40019611900103a1a60844202d139602800a2
:0cc9e400dae7019b1961fae7c84b00205c
:020000040000fa
:10c9f00070b582b0040015001e006b46d971002886
:10ca00002cd0cbb2022b2cd8ff21100003f0f8fb66
:10ca1000002824d0882149012000fef767ff002864
:10ca200021d06b4607331b78002b03d12000fef783
:10ca3000afff14e001236a46073203212000fcf710
:10ca40007dfd002df2d02900200003f099f8079b0e
:10ca5000069a3100200002f0fffbe7e7002002b059
:0aca600070bd0020fbe70020f9e79d
:020000040000fa
:02ca6a00704713
:020000040000fa
:10ca6c0070b5134b002119705960996019731974c2
:10ca7c005961996119770f480f4a50630f4c9463b1
:10ca8c000f4c54613f2691550e4951640e4901805b
:10ca9c00012119704d240325155591550b4e5664e3
:10caac000b4e0682197415550a4b138070bdc04687
:10cabc000c4a0020304a002000480041504a002017
:10cacc008181818100028000090400000001800046
:08cadc0009080000020f000030
:020000040000fa
:10cae400f0b589b014000e9a1d00029101231100c3
:10caf4001940019003911a4201d1a5420ad822009b
:10cb04000299019802f085ffa54203d82500280068
:10cb140009b0f0bd2e1b37003200102e00d91022b0
:10cb2400202104a803f06afc0f2f0ed80f220198cd
:10cb3400324004a902f06dff039b002be7d12200d1
:10cb44000299019802f065ffe1e71022019804a917
:08cb540002f05fff103fe7e76c
:020000040000fa
:10cb5c0010b5031e31d0d00405d53f292fd81205ae
:10cb6c001bd4012016e00120120513d5402914d145
:10cb7c0019003f31202403e04a1e99420bd01100ca
:10cb8c000a78100030380928f6d9a243413a052a10
:10cb9c00f2d9002010bd0120fce70a00083a372a20
:10cbac000fd80139c9b2ff2905d05a5c203a5e2a48
:10cbbc00f7d90020eee70120ece70020eae700209f
:06cbcc00e8e70020e6e7a7
:020000040000fa
:10cbd20010b50400902911dc00207f291bdd80396b
:10cbe200080010290ed803f028fc0f0f250d170d91
:10cbf2000d0d1e0d0d0d0d0d0d0d2500a02903d0df
:10cc0200c02901d0002006e01968081d18600b68d1
:10cc120023601a60012010bd1968081d18600b6896
:10cc220023601a80f6e71968081d18600b682360f4
:10cc32001a70efe71968081d18600b6823601a6004
:06cc4200d2175a60e6e77c
:020000040000fa
:10cc4800f7b5040019000a9ee36867680093336823
:10cc5800100001932369013b1c00002f00da012713
:10cc68000022009dea540123089d002c03dc002bc0
:10cc78001cd02000febd02000a4309d1089aba1a46
:10cc88005219002a04dc002df1dd019a9207eed535
:10cc9800099b099adb1702f051f98c460099130099
:10cca800013c30320a55013d6146dee71022336807
:06ccb80093433360dde749
:020000040000fa
:10ccbe0070b582b00400019115001e0000282ad024
:10ccce000b000133022b29d8ff21100003f091fa3b
:10ccde00002821d0902109012000fef700fe002837
:10ccee001ed0019b013303d12000fef74afe13e054
:10ccfe00042301aa02212000fcf719fc002df3d019
:10cd0e002900200002f035ff079b069a3100200013
:10cd1e0002f09bfae8e7002002b070bd0020fbe7ae
:04cd2e000020f9e701
:020000040000fa
:02cd3200704748
:020000040000fa
:10cd340070b582b0040016001d006b46d98000282f
:10cd440028d0ff21100003f059fa002823d01449f9
:10cd54002000fef7c9fd00281fd06b4606331b8850
:10cd6400002b03d12000fef711fe14e002236a46d3
:10cd7400063203212000fcf7dffb002ef2d0310045
:10cd8400200002f0fbfe079b069a2900200002f017
:10cd940061fae7e7002002b070bd0020fbe7c0465f
:04cda4000b0e000072
:020000040000fa
:10cda800f0b583b004000d00431e033324d8836814
:10cdb800002b23d08378002b22d08121280003f078
:10cdc800c7f90600431e7f2b1dd8114a2300010016
:10cdd800012002f011f8071e17d000962b0005223b
:10cde800032103f07df8a068390001f043fc01231a
:10cdf8005840c000c0b204e0022002e0022000e077
:10ce0800012003b0f0bd0220fbe70820f9e7c04687
:04ce1800c102010052
:020000040000fa
:10ce1c000eb400b582b000280cd1164b1b785bb257
:10ce2c00002b07d0134b5b68002b03d0124b1b78e5
:10ce3c00012b03d002b008bc03b018470e4b0022e4
:10ce4c001a7004ab019380210c48039a490100f03d
:10ce5c005dfc0200411e0a4b994207d8074900238a
:10ce6c000b54044b98685b685b699847024b012232
:10ce7c001a70dfe7604b00201749002000200020cb
:04ce8c00fe0f000095
:020000040000fa
:10ce900030b587b0059105a803f074fb0400144b6e
:10cea0001b78002b02d04369642b01dc07b030bd36
:10ceb000059a10490020fff7b1ff6368a2680e4988
:10cec00060690e4dac4660440390206901300290c9
:10ced000e0680190206800900020fff79fff084b5a
:10cee0005b6805a908209847014b00221a70dde70e
:10cef000d54b0020a80e0000b80e00006c07000003
:04cf0000904b002032
:020000040000fa
:10cf040070b582b00400019115001e0000282bd0da
:10cf14000b0001330020012b27d8ff21100003f060
:10cf24006df9002821d08021c9002000fef7dcfc27
:10cf340000281cd0019b013303d12000fef726fdfd
:10cf440013e0042301aa02212000fcf7f5fa002dc6
:10cf5400f3d02900200002f011fe079b069a31004d
:10cf6400200002f077f9e8e7002002b070bd00204d
:02cf7400fbe7d9
:020000040000fa
:10cf760010b582b0041e6b46d9716b469a712ad0e1
:10cf8600cbb2013b0020012b26d8d3b204221900d4
:10cf9600914301d0062b1fd1e02109012000fef7a5
:10cfa600a2fc00281ad001236a460732032120007a
:10cfb600fcf7c1fa6b4606331b78002b03d1200021
:10cfc600fef7e3fc08e001236a460632032120004f
:10cfd600fcf7b1faf3e7002002b010bd0020fbe732
:020000040000fa
:10cfe80070b582b0040015001e006b46d980002879
:10cff80024d08bb2002b24d007ab1b880020002b39
:10d008001dd012492000fef76dfc00281bd002231a
:10d018006a46063203212000fcf78cfa069b320090
:10d028002900200002f014f9022307aa0321200096
:10d03800fcf780fa2000fef7a7fc00e0002002b011
:10d0480070bd0020fbe70020f9e7c046020e000093
:020000040000fa
:10d0580070b582b0040015001e006b46d980002808
:10d0680024d08bb2002b24d007ab1b880020002bc8
:10d078001dd012492000fef735fc00281bd00223e2
:10d088006a46063203212000fcf754fa069b320058
:10d098002900200002f0dcf8022307aa032120005f
:10d0a800fcf748fa2000fef76ffc00e0002002b011
:10d0b80070bd0020fbe70020f9e7c046030e000022
:020000040000fa
:10d0c80010b582b0041e00936b46d9806b465a7126
:10d0d80025d08bb2002b25d0d3b2013b0020022be8
:10d0e8001ed812492000fef7fdfb00281cd00223a1
:10d0f8006a46063203212000fcf71cfa01236a461f
:10d10800053203212000fcf715fa04236a460221a0
:10d118002000fcf70ffa2000fef736fc00e00020a4
:10d1280002b010bd0020fbe70020f9e7070e000061
:020000040000fa
:10d1380070b50400431e033325d88368002b24d020
:10d148008278002a23d03c220021995482686823df
:10d15800d35c0020002b00d070bd104a23000130a2
:10d1680001f04afe051e14d0002103f07ff9a068e3
:10d17800290001f07ffa00280dd0a2686823012158
:10d18800d1540020e8e70220e6e70220e4e7012086
:10d19800e2e70820e0e70820dee7c046f53c0000ab
:020000040000fa
:10d1a800f0b585b00400039116001f00431e033339
:10d1b80023d88368002b22d083780120002b01d14b
:10d1c80005b0f0bd114a2300002101f015fe051e2f
:10d1d80017d00023019300960a3301220399fff721
:10d1e8008dfea068290001f045fa00280bd0a2683e
:10d1f800d5239b00d7500020e2e70220e0e7022079
:10d20800dee70820dce70820dae7c046ad020100c7
:020000040000fa
:10d2180010b582b0041e09d0002a07d08368002bfd
:10d2280004d0f8235b015188994201d002b010bda7
:10d238001379012bfad110321000033301aa03210c
:10d24800fbf774ff0c4b019a9a4209d1a268ce23ce
:10d258009b00d358002be9d0074920009847e5e701
:10d2680003f03afa0328e1d903f030faf822034927
:10d278005201fff7cffdd9e7011f0000c80a0000df
:020000040000fa
:10d28800e0380000fc380000343900003e39000066
:10d2980052390000443a000098390000cc390000a7
:10d2a800123b0000de3900000c3a00001e3a000074
:10d2b800303a0000303b00006c3b0000a43c00000a
:10d2c800963b0000c63b0000dc3b0000023c00002f
:10d2d800c03c00000a3c0000883a0000ea3a00001e
:10d2e800c63a0000ba3a0000d23a0000de3a00001e
:020000040000fa
:10d2f80010b5194b1a78062a06d89300174ad3583e
:10d308009f46154b01221a7010bd03f007f9124b06
:10d3180002221a70f8e703f0aff90028f4d00020d1
:10d3280003f0b0f90c4b05221a70ede7012003f069
:10d33800aff9094b06221a70e6e703f0aff90028a7
:10d34800e2d0002003f0a4f9002003f0adf9024b6d
:10d3580002221a70d8e7c046d44b002054000100be
:020000040000fa
:10d36800f0b50c004968236887b00600a768e5682f
:10d378000593002902db02218b43059305a9536815
:10d38800126802910821200001910097fff758fccc
:10d39800059bdb0602d5302301382b54059b1b0760
:10d3a80002d5202301382b542269059b013a121a11
:10d3b8002918009330003b00fff790fb7368db05ea
:0ed3c80003d56368984200da180007b0f0bd84
:020000040000fa
:10d3d80070b582b0040015001e006b46d971002894
:10d3e80023d0cbb2012b04d01c2b02d00020ff2b62
:10d3f8001cd1002d1cd00020802e17d80e492000eb
:10d40800fef770fa002815d001236a460732032177
:10d418002000fcf78ff833002a0005212000fcf7d4
:10d4280089f82000fef7b0fa00e0002002b070bdd5
:0cd438000020fbe70020f9e701050000e0
:020000040000fa
:10d4440010b5002926d0002827d1154c2823012205
:10d45400e2540b686360fa229200e26004228a5666
:10d46400227200200021a061e16100226262202179
:10d4740062540c481b680021984763685b689847ae
:10d484000948c822d200002102f0b8ff0223237009
:10d49400200010bd01204042fbe701204042f8e794
:0cd4a4005849002035a600006838002020
:020000040000fa
:10d4b00010b582b0041e019121d00b004a1c012a34
:10d4c00008d9042906d0803b192b1ad8104ada4013
:10d4d000d20718d50f492000fef708fa002814d00b
:10d4e000019b013304d12000fef752fa02b010bdb7
:10d4f000042301aa02212000fcf720f8f3e7002012
:10d50000f4e70020f2e70020f0e70020eee7c04655
:08d510000f00f90308080000f8
:020000040000fa
:10d51800f8b504000d00431e033322d88368002b9e
:10d5280021d0002921d083780120002b00d1f8bd1b
:10d53800080002f001fe07000e4a23000100012046
:10d5480001f05afc061e12d03a00290001f076fcc0
:10d55800a068310001f08ef801235840c000c0b225
:10d56800e5e70220e3e70220e1e70220dfe7082001
:08d57800dde7c046ddb2000052
:020000040000fa
:10d5800070b50400431e033320d88368002b1fd0de
:10d590008278002a1ed079229b5c002b1cd0114a75
:10d5a00003000021012001f02bfc051e16d00021f4
:10d5b00000f0f2ffa068290001f060f800280fd009
:10d5c000a26879230021d154002004e0022002e067
:10d5d000022000e0012070bd0820fce70820fae7e7
:08d5e0000820f8e735ba00004d
:020000040000fa
:10d5e800f0b5c64600b582b004000d009046019320
:10d5f80017000937bf0056004644f600002820d01f
:10d60800ba1900208a4203d902b080bcb846f0bdde
:10d618000021200002f0f0fea582e319a361e36176
:10d628009a19ad1b00212173414661732261ed1bdc
:10d63800013de5821a60019b6360089ba36020009e
:06d64800e2e70020e0e72c
:020000040000fa
:10d65000f0b583b004000d001600431e033320d83c
:10d660008368002b1fd083780120002b01d103b0e9
:10d67000f0bd0f4a2300002101f0c2fb071e14d0a9
:10d68000042301930096043302222900fff73afc99
:10d69000a068390000f0f2ff01235840c000c0b27a
:10d6a000e5e70220e3e70220e1e70820dfe7c046e4
:04d6b000ad020100c6
:020000040000fa
:10d6b4007a510000085200009a5200001a530000e8
:10d6c4001a5300001a5300001a5300001a530000a2
:10d6d4001a5300001a530000e25200001a530000cb
:10d6e4001a5300001a5300001a5300001a53000082
:10d6f4001a5300001a5300001a5300001a53000072
:10d704000e5300000e5300000e5300000e53000091
:04d714000e530000b0
:020000040000fa
:10d71800f0b59bb004000d00160000214c2207a8ac
:10d728001f0002f069fe01235b4202930433ff33ba
:10d738000393002c00d101ac0023049405959d426d
:10d7480000d06b1e0693002d06da4f220120084bed
:10d7580040421a601bb0f0bd002d01d00023237099
:10d768003a00310002a80894079402f0fdfcf1e7a2
:04d77800cc4b002076
:020000040000fa
:10d77c0070b582b004000e0015006a46d01dd3713e
:10d78c00002c1cd000291dd003780020022b17d8a8
:10d79c000e492000fef7a4f8002815d02b0032000b
:10d7ac0005212000fbf7c4fe01236a460732032142
:10d7bc002000fbf7bdfe2000fef7e4f800e000209f
:10d7cc0002b070bd0020fbe70020f9e70208000062
:020000040000fa
:10d7dc0010b582b0041e6b46d9806b465a711ed0b0
:10d7ec008bb2002b1ed0d3b20020022b18d80f49bd
:10d7fc002000fef775f8002816d002236a46063280
:10d80c0003212000fbf794fe01236a460532032115
:10d81c002000fbf78dfe2000fef7b4f800e000209e
:10d82c0002b010bd0020fbe70020f9e7040e000059
:020000040000fa
:10d83c0070b5002821d00023c356002b1fd0dcb2ba
:10d84c00a11ec9b203291cd845780f4a5b009a5a0d
:10d85c00eb070bd5033c012c04d981780330fff77f
:10d86c0077f970bdc0239b001a43f6e7ad07f4d5da
:10d87c000129f2d8054b1a40efe70020f1e701200f
:10d88c00efe70020ede7c04608060100fffeffffb2
:020000040000fa
:10d89c0070b582b004000d00431e03331fd883689b
:10d8ac00002b1ed083780120002b01d102b070bd5b
:10d8bc000e4a2300002101f09dfa061e13d000230e
:10d8cc0000932b000a22012102f008fba068310012
:10d8dc0000f0cefe01235840c000c0b2e6e70220a3
:10d8ec00e4e70220e2e70820e0e7c046c1020100bd
:020000040000fa
:10d8fc0070b582b004000d00431e03331fd883683b
:10d90c00002b1ed083780120002b01d102b070bdfa
:10d91c000e4a2300802101f06dfa061e13d000235d
:10d92c0000932b000a22022102f0d8faa0683100e1
:10d93c0000f09efe01235840c000c0b2e6e7022072
:10d94c00e4e70220e2e70820e0e7c046c10201005c
:020000040000fa
:10d95c0070b50400431e03331dd88368002b1cd004
:10d96c008278002a1bd07a229b5c002b19d00f4a9c
:10d97c0003000021012001f03dfa051e13d0002107
:10d98c0000f02afea068290000f072fe0123584026
:10d99c00c000c0b204e0022002e0022000e001203e
:10d9ac0070bd0820fce70820fae7c046d50201004c
:020000040000fa
:10d9bc0070b582b004000d00431e03331fd883687a
:10d9cc00002b1ed083780120002b01d102b070bd3a
:10d9dc000e4a2300002101f00dfa061e13d001237c
:10d9ec0000932b000222142102f0b0faa06831003f
:10d9fc0000f03efe01235840c000c0b2e6e7022012
:10da0c00e4e70220e2e70820e0e7c0467d50000092
:020000040000fa
:10da1c00f8b50024144d154e03e037610134102c79
:10da2c0020d063001b199b00eb181b7adbb2e1b210
:10da3c008b42f3d133690127a7401f42eed00a492c
:10da4c0063001b199b005b58002be6d00800630099
:10da5c0019198900411849681b199b001b580800ab
:10da6c009847dae7f8bdc046d845002000180040ba
:020000040000fa
:10da7c0010b592b016a9097814484468022921d02f
:10da8c0015d8002919d00193149b029351680b7877
:10da9c006a4613754b6806934b78537510312122e7
:10daac0009a802f09dfc69460220a04708e0032962
:10dabc0006d100210620a04702e000210320a04748
:10dacc0012b010bd00210820a047f9e7804b0020c0
:020000040000fa
:10dadc0010b590b0022a01d010b010bd002bfbd0b5
:10daec00114a54681a78012a10d0022af4d1181d50
:10dafc003e326946fcf7cafe0c49684601f06afbe7
:10db0c0000280cd069460620a047e5e7181d133203
:10db1c00694600f08bff69460520a047dce76946a3
:10db2c000720a047d8e7c046904b0020a00e00006d
:020000040000fa
:10db3c00ae4a0000c64a0000da4a0000f44a00006f
:10db4c00164b0000304b0000c44a00004a4b00004a
:10db5c00644b0000864b00009e4b0000b84b00004d
:10db6c00d24b0000ee4b0000084c0000244c00008f
:10db7c00404c00005a4c0000744c0000904c0000cb
:10db8c00a44c0000c04c0000de4c0000fe4c000019
:020000040000fa
:10db9c00031e0cd00278d2071fd5017a022902d0bd
:10dbac00c288fd2a1bd11a780020920700d4704736
:10dbbc000d4a934215d01278d207f8d50a4a12783a
:10dbcc001207f4d4084a127a8a42f0d1064ad9894b
:10dbdc00d3899942ebd10448e9e70020e7e700201c
:0cdbec00e5e70020e3e7c046b847002052
:020000040000fa
:10dbf80070b504000d00431e03331dd88368002b45
:10dc08001cd083780120002b00d170bd0e4a230060
:10dc1800002101f0f1f8061e12d0012100f01cfcd1
:10dc2800a068310000f026fd00280bd0a268c223ae
:10dc38009b00d5500020e8e70220e6e70220e4e751
:0cdc48000820e2e70820e0e7fd020100f0
:020000040000fa
:10dc540010b5134b1b78002b04d1124b01221a7000
:10dc64000f4b1a70002815d1002916d00e4b1b78c3
:10dc74005bb2002b02d00120404210bd88680a4be1
:10dc840098604a685a6002241c700968536898476f
:10dc94000020f2e701204042efe701204042ece798
:0cdca400094a002017490020604b0020b6
:020000040000fa
:10dcb00037b5144d04002b68002b0fd002f09ef8ee
:10dcc000019001a802f0b2fa0f230f300199984396
:10dcd00002f0eaf900280bd000232b60002c00d1c1
:10dce00001340f230f349c4304d10c22064b1a60dd
:10dcf00000203ebd2000fef73dfe0028f9d0031fa6
:0cdd00001c60f6e7e84b0020cc4b002034
:020000040000fa
:10dd0c0000230e4a10b513600d4a13600d4a1360c0
:10dd1c000d4a13600d4a13600d4a536213610133af
:10dd2c009360fff700f8fef7feff0a4c0a4b9c428b
:10dd3c0000d310bd08cc9847f8e7c046d04b002064
:10dd4c0048480020444800203c480020404800201f
:0cdd5c004c480020bc000000c00000008b
:020000040000fa
:10dd6800f0b583b004001500002809d0002a07d0b8
:10dd78008668002e04d090231b0152889a4201d055
:10dd880003b0f0bd2b79032bfad1d6239b00f358af
:10dd9800002bf5d06b46df1d2800103001233a0018
:10dda8000221fbf7c3f96b8c6a6a00217956d620e9
:0addb800800035582000a847e2e77c
:020000040000fa
:10ddc40070b5134b1d78002d03d05b78002b02d067
:10ddd4001d00280070bd02f0b3fc0d4c0023237617
:10dde40002f0b2fca068002101f0e6ff60680021a7
:10ddf40001f0e2ff01235b42a382e3822200183296
:10de04000449207a02f054fb01236370e1e7c04621
:08de1400ac4a0020fb050100ef
:020000040000fa
:10de1c0070b504000d00431e03331dd800291dd01e
:10de2c000668731e03331bd80100300000f08efe11
:10de3c00002817d0a37a002b07d17a23f05c023884
:10de4c00434258414000083070bd211d0722280074
:10de5c0002f0c6fa0020f7e70220f5e70220f3e70c
:08de6c000d20f1e70820efe7ab
:020000040000fa
:10de740010b5144b9b7d002b16d0124a137edbb2d7
:10de8400927d52b2002a10db0e4a137edbb2927de1
:10de9400d20701d5db070ed40a4a137edbb2927d8a
:10dea400520701d55b0709d410bd5bb2002bebda36
:10deb40000f05cfae8e7fbf7a5fdede7fbf7eaff06
:08dec400f2e7c046001c004219
:020000040000fa
:10decc0070b582b006000d001c1e01d100281ed0ba
:10dedc00002a04d101246442200002b070bd0d4b15
:10deec00d8680023002100f021fffa2292000023c1
:10defc0001f022f8010000942b0032000020fdf705
:10df0c00effa0400431ce7d000f06ffce4e70124b7
:08df1c006442e1e758490020ce
:020000040000fa
:10df240010b5002a0bd001290ed002f009fc0d4acd
:10df340013780133137002f007fc002010bd0a4966
:10df44000020fef769fff8e708490020fef764ffa8
:10df540007490020fef760ff06490020fef75cff3a
:10df6400e3e7c0460b4a0020180e0000340e000000
:08df7400440e00007c0e0000c9
:020000040000fa
:10df7c0010b5082806d88000104b1b589f46104b34
:10df8c0001221a7410bd0e4b00221a7400210120bc
:10df9c00f7f784fef6e70a4b01229a74f2e7084b76
:10dfac0001225a74eee78b684a6806490020fef796
:10dfbc002fffe7e7024b00221a74e3e7ecfc0000aa
:08dfcc00044500203c10000098
:020000040000fa
:10dfd40010b5134b1a78042a06d89300114ad35863
:10dfe4009f460f4b01221a7010bd0d4b8c229b5c77
:10dff400002bf9d00a4b8a3a1a70f5e702f0b8fa06
:10e00400074b03221a70efe7054b01228d215a5466
:10e014001a70e9e7024b01228d215a541a70e3e782
:08e0240098460020c40301002e
:020000040000fa
:10e02c00f8b505000c00002821d0002921d0427938
:10e03c001202837913434b80407a08710a00103224
:10e04c0029000a3100f062fc00280fd06b7a002bfb
:10e05c000cd021000023002709264a8a4c69a754ba
:10e06c000133dbb20831aa5d9a42f6d8f8bd002024
:06e07c00fce70020fae7ba
:020000040000fa
:10e08200f0b50c004968236887b00500a768e66808
:10e092000593002902db02218b43059305a95368ee
:10e0a200126802910a21200001910097fef7cbfd30
:10e0b2002269059b013a121a3118009328003b008d
:10e0c200fef70ffd6b68db0503d56368984200da43
:06e0d200180007b0f0bdcc
:020000040000fa
:10e0d800f8b506000f0014001d0000281cd0ff2111
:10e0e800380002f089f8002817d00d493000fdf7f4
:10e0f800f9fb002812d0002f03d13000fdf744fcb3
:10e108000be03900300001f037fd069b2a002100a2
:10e11800300001f09df8f0e70020f8bd0020fce792
:04e1280009080000e2
:020000040000fa
:10e12c0030b589b0124b1d68002d1dd004ac0123f5
:10e13c005b420493059323727c3363700023a370ba
:10e14c002371637105211120684402f008fb01233f
:10e15c001843a071092269462000a847002805d061
:10e16c006b46187a09b030bdff20fbe7ff20f9e7ba
:04e17c00a04b002094
:020000040000fa
:10e1800010b5124b08221a60114a1a61432202216b
:10e190009954423a42315a5401315a5401315a5435
:10e1a00001315a5411310520585400202739585450
:10e1b00002313224195559540a341855c2301a54b0
:10e1c00001301a54b032995410bdc0460044004189
:04e1d0000800000142
:020000040000fa
:10e1d40010b50f494c68042a06d892000d498a5894
:10e1e400974619000020a04710bd0b490020fef7f8
:10e1f40013fef9e700210120a047f5e707490020b5
:10e20400fef70afef0e706490020fef705feebe7fd
:10e21400804b00209c0301009c0b0000bc0b000001
:04e22400e00b00000b
:020000040000fa
:10e2280010b582b002000c1e20d00120002a01d1b6
:10e2380002b010bd0e4bd8680023002100f078fd15
:10e24800fa229200002300f079fe010000230093d7
:10e2580000220020fdf746f90300206001205a1c27
:10e26800e6d0180000f0c3fa0020e1e70120dfe75c
:04e2780058490020e1
:020000040000fa
:10e27c0030b500281dd02823c35c0d2b1bd82023c0
:10e28c00c55c202d19d80733c35c002b0ad00300c2
:10e29c002133273000221c78224301338342fad1e8
:10e2ac00002a0cd00120002906d06b1e9d41e8b23b
:10e2bc0002e0002000e0002030bd0020fce7002040
:02e2cc00fae76f
:020000040000fa
:10e2ce00f8b504000e0017001d0000291cd0ff2118
:10e2de00100001f08eff002817d021003000fdf74e
:10e2ee00fefa002812d0002f03d13000fdf749fbb3
:10e2fe000be03900300001f03cfc079b069a290028
:10e30e00300000f0a2fff0e70020f8bd0020fce78f
:020000040000fa
:10e3200010010000000000001101000002000000c8
:10e33000000100008000000010000000000000004c
:10e3400011000000020000000200000002000000b6
:10e35000070000002000000004000000030000008f
:10e36000008001000100000009000010040000000e
:020000040000fa
:10e3700010b5114b5a8b0723110019401a4200d1d6
:10e3800010bd0e4bd9870c4b80221a76793a5a83ee
:10e390001b7e5b0705d5084b04211a8d1a7e0a42a5
:10e3a000fbd1064b1b6a002bead0044b596a1b6a4f
:10e3b00002209847e4e7c046001c004218490020ac
:020000040000fa
:10e3c000f0b50e0087b0039015001049072204a88d
:10e3d0001c0002f00bf8b368776802933668002dd2
:10e3e00000d104ad002c03d1280001f0a9fe0400e7
:10e3f000002f02dbbc4200d93c0022002900029b16
:10e4000003980096fef76efb07b0f0bd74fd0000a8
:020000040000fa
:10e4100070b5104d04002b68002b0cd0002c12dac4
:10e420000d4a2b6812689b1a6242934208db2868e7
:10e4300004192c6006e001f04bf92b68002bedd19c
:10e440000120404270bd054b2a681b689b1aa342fd
:10e45000eddaf5e76c4b0020744b0020704b002088
:020000040000fa
:10e4600010b582b0041e6b46d9711bd0cbb2002010
:10e47000032b18d8802149012000fdf737fa002826
:10e4800013d06b4607331b78002b03d12000fdf718
:10e490007ffa08e001236a46073203212000fbf7d8
:0ee4a0004df8f3e7002002b010bd0020fbe7ae
:020000040000fa
:10e4ae0010b582b0041e6b46d9711bd0cbb20020c2
:10e4be007f2b18d8842189012000fdf710fa00283f
:10e4ce0013d06b4607331b78002b03d12000fdf7ca
:10e4de0058fa08e001236a46073203212000fbf7b1
:0ee4ee0026f8f3e7002002b010bd0020fbe787
:020000040000fa
:10e4fc0010b582b0041e09d0002a07d08368002b07
:10e50c0004d0802149015088884201d002b010bd4e
:10e51c0011790129fad1c22189005b58002bf5d061
:10e52c0010321000042301aa0321faf7fdfd019912
:0ee53c00a268c2239b00d35820009847e6e750
:020000040000fa
:10e54c0010b582b0041e019118d00b0001330020cd
:10e55c00022b14d80c492000fdf7c2f9002810d06a
:10e56c00019b013303d12000fdf70cfa07e00423d3
:10e57c0001aa02212000faf7dbfff4e7002002b029
:0ce58c0010bd0020fbe7c04601080000a5
:020000040000fa
:10e5980010b582b0041e019118d00b000133002081
:10e5a800022b14d80c492000fdf79cf9002810d044
:10e5b800019b013303d12000fdf7e6f907e00423ae
:10e5c80001aa02212000faf7b5fff4e7002002b003
:0ce5d80010bd0020fbe7c046011200004f
:020000040000fa
:10e5e40010b582b0041e019118d00b000133002035
:10e5f400022b14d80c492000fdf776f9002810d01e
:10e60400019b013303d12000fdf7c0f907e0042387
:10e6140001aa02212000faf78ffff4e7002002b0dc
:0ce6240010bd0020fbe7c0460114000000
:020000040000fa
:10e6300010b50400081e1ed0002c17d02368002b34
:10e6400014d08b4217d861680822a2564a439a1800
:10e65000904210d2c01afdf7c1fd231809229a5624
:10e6600009302018ff2101f0cbfe04e0024b5b686b
:0ce67000002b00d0984710bd084b002084
:020000040000fa
:10e67c0070b504000d00002819d0002919d00e4bdc
:10e68c00c35c022b07d0a0682900f9f7a5ff041e74
:10e69c0009d0200070bd084b0322c25480680221af
:10e6ac0000f0f1fdefe7280000f026fcf1e7002474
:0ce6bc00efe70024ede7c0463503000046
:020000040000fa
:10e6c800431e03331cd88368002b1bd08278002a92
:10e6d8001ad0962252009a5c002a08d09e22520034
:10e6e8009a5c0020002a00d07047013000e000202a
:10e6f80002019b182d33ff3301221a700130f3e712
:0ce708000020f1e70020efe70020ede723
:020000040000fa
:10e7140010b5114b5b6a002b14d0834213d01a003e
:10e724009b69002b0ed09842f9d18369002b05d048
:10e734008468996809199960002a08d083699361eb
:10e744000023836110bd83690022002bf0d1024baa
:0ce754005a6a92695a62f3e758490020a3
:020000040000fa
:10e7600000b583b0019001a801f00cff0e4b58607a
:10e7700002689a604268da6082681a61c2685a6107
:10e7800002699a614269da6182691a62c2695a62ef
:10e79000026a9a62426ada62826a1a63083318006d
:0ce7a00000f0b0fd03b000bd9846002062
:020000040000fa
:10e7ac0070b504000e001500002818d0002918d0f0
:10e7bc00202a18d82022002101f01cfe2a0031004a
:10e7cc00200001f00dfe2023e55400212000fff76e
:10e7dc004ffd4342584143420920184070bd02206e
:0ae7ec00fce70220fae70220f8e73c
:020000040000fa
:10e7f60070b5040000f0f3fd00281cd0200000f0e6
:10e80600b0fc041e15d043780025002b0dd183687b
:10e81600002b01d1436883602000fdf748fa0023ee
:10e826002375637501336370002501f038fa2800fb
:0ae8360070bd0125f9e70125f9e79f
:020000040000fa
:10e8400010b5064c2378002b07d1054b002b02d0c6
:10e85000044800e000bf0123237010bd904a00204f
:10e860000000000000000000044b10b5002b03d096
:10e870000349044800e000bf10bdc046000000008e
:08e88000944a00200000000092
:020000040000fa
:10e8880010b582b0041e6b46d97116d0cbb20020e9
:10e89800012b01d902b010bd0a492000fdf722f86a
:10e8a80000280cd001236a46073203212000faf71a
:10e8b80041fe2000fdf768f8ece70020eae70020b9
:08e8c800e8e7c046011300005f
:020000040000fa
:10e8d000f0b5c64600b584b08046002806d0c468ae
:10e8e000002c09d100234246d360136104b080bce0
:10e8f000b846f0bd002cf5d02300220024685e68e5
:10e90000002ef7d01f7b03ad2f706f7098680095b5
:08e9100001234146b047ede789
:020000040000fa
:10e9180070b500291ad0002a1ad000281ad000246d
:10e9280003260b7813708b781b02cd781d43558016
:10e938000b1d53604b78334004335b19c9180832f8
:10e948000134e4b2a042ecd1012070bd0020fce704
:08e958000020fae70120f8e7b6
:020000040000fa
:10e9600010b588b00f4b1c68002c17d004a80123e9
:10e970005b4204934360037213336b4400221a809a
:10e980005a80402343705533837109226946a0475a
:10e99000002805d06b46187a08b010bdff20fbe7b1
:08e9a000ff20f9e7a04b002065
:020000040000fa
:10e9a800ca14000026140000aa170000dc18000092
:10e9b800141900003e1900008a1400008016000097
:10e9c80068170000b6180000e018000018190000c9
:10e9d800c6140000ae16000026140000d818000067
:08e9e800101900003a190000ab
:020000040000fa
:10e9f00010b5041e1ed0002910d00622213001f0cf
:10ea0000f5fc01222723e25400212000fff736fc09
:10ea10004342584143420920184010bd00220021c2
:10ea20000300213319705a709a70da701a715a7192
:08ea30000022e7e70220f0e7f5
:020000040000fa
:10ea380070b588b004000d001600002816d000201c
:10ea4800002914d0637822780a49e0780190a078e8
:10ea5800009003a801f0fcfb431c0020b34206d839
:10ea680003a9280001f03efe012000e0002008b0c4
:08ea780070bdc046500800000b
:020000040000fa
:10ea800010b50f4b0f4a5a801a00937a5bb2002bd5
:10ea9000fbdb0b4b1b691a0b1f210a4082609c0990
:10eaa0003f22144044601a4002609a01120f013a5a
:10eab00002619a0e7c3242615b0c1940c16010bd4c
:08eac000001400401080ffff6c
:020000040000fa
:10eac80010b50a4b98470a4b984700f0dbfc094bf6
:10ead800ff229343084a9360084b9847084b98478e
:10eae800084b984701f070fdfee7c0460bc60000d2
:10eaf8000bc600000000000000ed00e00ddd000086
:08eb08000bc600000bc6000063
:020000040000fa
:10eb1000002b15d1002a13d1002906db01dc0028c7
:10eb200006d00020c043410802e0802109060020f1
:10eb300007b4024801a14018029003bd411c000027
:10eb400003b4684601b5029800f06efe019b9e4634
:08eb500002b00cbc7047c04686
:020000040000fa
:10eb580010b5002817d0002917d00300ac3399420c
:10eb680015d0103304002d34ff34a34205d01a0009
:10eb7800103299420dd01300f7e79c30081a43422f
:10eb88005841c0b210bd0020fce70020fae7012080
:06eb9800f8e70120f6e79a
:020000040000fa
:10eba00010b582b0041e6b46d98014d08bb2002001
:10ebb000002b11d00a492000fcf798fe00280dd048
:10ebc00002236a46063203212000faf7b7fc200030
:10ebd000fcf7defe00e0002002b010bd0020fbe7e5
:04ebe000090e00001a
:020000040000fa
:10ebe40070b5051e15d00d4b1b68834212d00c4b1b
:10ebf4005b68002b0dd06c68002c06d0084e2000fa
:10ec0400e46973689847002cf9d1054b5b682800c8
:10ec1400984770bd014b00221a60e8e7a84b00201a
:04ec2400084b002079
:020000040000fa
:10ec2800f0b5c64600b505000f001600002814d040
:10ec38008368002b11d0002a0fd0094c382398463e
:10ec4800a04402e00434444507d02368002bf9d0df
:10ec58003200390028009847f4e780bcb846f0bd78
:04ec6800ccf20000ea
:020000040000fa
:10ec6c000a4b0b4a1a600b4a1a820b4a5a600b4a1f
:10ec7c009a600b4ada6000229a7403321a76023ace
:10ec8c005a76e12212015a837047c046704a00201e
:10ec9c008c1000005b070000981000009c10000016
:04ecac00a4100000b0
:020000040000fa
:10ecb000030010b51a78202a0ad011000939042956
:10ecc00006d92b2a06d000212d2a05d1012102e0e8
:10ecd0000133efe70021013300200a2402e0604302
:10ece0000133801a1a78303a092af8d9002900d15c
:04ecf000404210bdd1
:020000040000fa
:10ecf40030b401256d054c00e54215d85c00e542b1
:10ed040012d80c001c436400044314430fd005d2f2
:10ed140082428b418041013030bc7047904299411e
:10ed24008041013030bc7047002030bc7047012066
:04ed340030bc704738
:020000040000fa
:10ed3800f7b5040c0d0091b20f0061438c46060034
:10ed4800019383b2100c5f43444358433b0c604427
:10ed58001b18994202d98021490264180199554328
:10ed68007143180c04191b04bfb24919d8190919a1
:04ed780003b0f0bd37
:020000040000fa
:10ed7c0070b505000c001600002916d0ff211000fc
:10ed8c0001f038fa002811d029002000fcf7a8fd6a
:10ed9c0000280cd0002e03d12000fcf7f3fd05e079
:10edac003100200000f0e6fef6e7002070bd0020e8
:02edbc00fce772
:020000040000fa
:10edbe0010b582b0041e6b46d97115d0cbb20020af
:10edce00032b12d8f02149012000fcf788fd002802
:10edde000dd001236a46073203212000faf7a7fb64
:10edee002000fcf7cefd00e0002002b010bd002098
:02edfe00fbe731
:020000040000fa
:10ee0000f0b5c64600b582b0060090461f00c501a9
:10ee10006d182800fef74cff041e10d000974346e3
:10ee200032002900fef7e0fb051e04d0280002b0e6
:10ee300080bcb846f0bd200000f064f8f6e700257d
:02ee4000f4e7f5
:020000040000fa
:10ee440070b504000d001600002810d0002910d061
:10ee54000a49fcf749fd00280dd033002a0005219a
:10ee64002000faf769fb2000fcf790fd00e0002089
:10ee740070bd0020fce70020fae7c046050800004a
:020000040000fa
:10ee840010b5040000f0acfa002817d0200000f000
:10ee940069f9041e10d04378002b08d10023237590
:10eea40063752370002400f0fbfe200010bdfff703
:10eeb4002ffc00236370f1e70124f4e70124f4e755
:020000040000fa
:10eec40070b5040000f08cfa002817d0200000f080
:10eed40049f9041e10d043780025002b03d100f01b
:10eee400dffe280070bdfff713fc00232375637554
:10eef40063706368a360f2e70125f0e70125f0e79a
:020000040000fa
:10ef040030b5002817d002000c4c103a21680029b3
:10ef140012d015680b684019814206d10969103373
:10ef24005b1911611360226005e01033c818824236
:10ef340002d1ed180d6030bd1161f4e7c84b00201b
:020000040000fa
:10ef4400002b11d1002a0fd1002900d1002802d0b2
:10ef54000021c943080007b4024802a140180290e6
:10ef640003bdc0461518000003b4684601b50298f5
:10ef7400fbf702f8019b9e4602b00cbc7047c046ea
:020000040000fa
:10ef840030b401256d054c00e54215d85c00e5421e
:10ef940012d80c001c436400044314430cd005d263
:10efa40082428b418041404230bc7047904299413b
:0eefb4008041404230bc7047002030bc7047a6
:020000040000fa
:10efc20030b401256d054c00e54215d85c00e542e0
:10efd20012d80c001c436400044314430cd005d225
:10efe200904299418041404230bc704782428b41fd
:0eeff2008041404230bc7047002030bc704768
:020000040000fa
:10f0000010b5011e03d00a4b1b78002b00d010bd99
:10f01000084c1022200001f0e9f9074b012252426e
:10f020001a60043c0023637001332370efe7c0468d
:0cf03000ac4a0020b04a0020984b0020a1
:020000040000fa
:10f03c0070b505000c4b1b78002b11d1002811d09a
:10f04c00094c8c220021200001f0d4f92b6863605c
:10f05c006b68a36002236370013b2370200070bdba
:0cf06c000148fce70020fae72c470020d8
:020000040000fa
:10f0780070b5041e02d00378db0700d470bdc16de3
:10f0880080254059fff7d0fa216f6059fff7ccfa75
:10f09800a16d6059fff7c8fae16e6059fff7c4fa2d
:0cf0a80084220021200001f0a7f9e7e716
:020000040000fa
:10f0b40070b50c4b3f229e5cf6b2985440241a5d06
:10f0c4000225aa431a551d0002222b5d1342fcd1ce
:10f0d4000001054bc01889b20180024a3f23d6546f
:0cf0e400012070bd00480041304a0020af
:020000040000fa
:10f0f0000b4b00221a621a779a60da60094b882259
:10f1000092025a601a00d369002bfcd1054b1722da
:10f110001a73054a1a601a00d369002bfcd1704794
:0cf1200088490020000800420e0030006a
:020000040000fa
:10f12c0010b50c4b002203e001324c330a2a0ed0ee
:10f13c001c79002cf8d019688142f5d14c20504331
:10f14c00054bc0184c22002101f054f900e00024ba
:0cf15c00200010bd104200200c420020da
:020000040000fa
:10f168000300421e033212d80204120c312a10d8ae
:10f17800094950010918c9690020994208d1064b6c
:10f188005101cb5c002b03d00348081800e0002095
:0cf1980070470020fce7c04668380020eb
:020000040000fa
:10f1a40010b582b000280fd00a280fd00f2810d035
:10f1b400094c009013000a0021000020fdf72cfeea
:10f1c4000120404202b010bd0020fbe70420404271
:0cf1d400f8e704204042f5e7e40e0000dc
:020000040000fa
:10f1e00030b50d78002d09d00378002b05d09d4255
:10f1f00005d001300378002bf9d1002030bd4a78ca
:10f20000002afbd0012303e00133ca5c002af5d0b9
:0cf21000c45c9442f8d00130ece7c0462a
:020000040000fa
:10f21c001c2101231b04984201d3000c10391b0a3a
:10f22c00984201d3000a08391b09984201d30009fe
:10f23c00043902a2105c40187047c0460403020255
:0cf24c00010101010000000000000000b2
:020000040000fa
:10f2580070b582b005000c0001921e000120002943
:10f268000ad0080000f038ff002807d0042301aabc
:10f2780021002800faf75ef902b070bd019a330048
:0af2880021002800faf756f9f6e716
:020000040000fa
:10f2920070b504000d00002812d00678002e10d0a0
:10f2a2008b1e012b0fd84378032b01d0032901d0e9
:10f2b200657006e0c1680029fad0faf708fdf7e7a1
:0af2c2000026300070bd0026fbe7b7
:020000040000fa
:10f2cc0081890000bd660000c1a30000fde40000c0
:10f2dc00316c00009d340000417f00003596000029
:10f2ec0069dd000019b00000a9ae000025980000ef
:08f2fc008db3000019d20000df
:020000040000fa
:10f30400c3685b04826812031343026813434268b0
:10f314009201134342697c3a920613430269013213
:10f3240092051343034a1361937a5bb2002bfbdb10
:08f334000120704700140040a5
:020000040000fa
:10f33c0010b5030008001100002b0fd1094b5b79ad
:10f34c00012b02d00120404207e0064c00236371e0
:10f35c0023681b6898470123637110bd012040424c
:08f36c00fbe7c046784b0020ce
:020000040000fa
:10f3740010b5030008001100002b0fd1094b5b7975
:10f38400012b02d00120404207e0064c00236371a8
:10f394002368db6898470123637110bd0120404254
:08f3a400fbe7c046784b002096
:020000040000fa
:10f3ac00583400007c3300005834000088300000d2
:10f3bc00143100002c31000058340000d032000011
:10f3cc00263400003634000046340000fa320000c7
:08f3dc0010330000243300008f
:020000040000fa
:10f3e40010b50c4b20229b5c0120002b05d1094b4e
:10f3f40008329b5c0020012b00d010bd054c273344
:10f404000022e25463689b6998472123e054012059
:08f41400f3e7c046584900204f
:020000040000fa
:10f41c0010b50b4b5c68042a05d89200094b9b581d
:10f42c009f460120a04710bd0420a047fbe7002009
:10f43c00a047f8e70220a047f5e70320a047f2e732
:08f44c00904b0020b003010009
:020000040000fa
:10f454008ac8000092c80000d0c8000090c800000c
:10f4640090c80000aac80000b2c80000bac80000d2
:10f47400c2c8000090c8000090c8000090c80000f6
:08f4840090c80000e0c8000080
:020000040000fa
:10f48c0010b50b480168002905d14368002b02d147
:10f49c00fdf7e5fa10bd04008368064a9bb20c34f4
:10f4ac009b009b5842682000984780002018e9e791
:08f4bc008c4d0000d803010093
:020000040000fa
:10f4c400431e033316d88368002b13d04a1e012a27
:10f4d40010d88278002a0dd001390a019a182d32e9
:10f4e400ff321278002a05d009015b182d33ff334f
:06f4f40000221a707047af
:020000040000fa
:10f4fa0010b50400812906dc00207f2912dd13687b
:10f50a000721073305e0002083290bd113687c39d2
:10f51a0007338b4319000120083111601a685b68b0
:06f52a002260636010bdc9
:020000040000fa
:10f530000a4a138801210b431380937a5bb2002b94
:10f54000fbdb064b064a1a801a00937a5bb2002b4b
:10f55000fbdb024b0122da717047c0460014004009
:04f560000a0a000093
:020000040000fa
:10f5640070b50c00002811d1094b1b785bb2002b3d
:10f574000cd0074b5d68002d08d0080000f0defdbc
:10f584000200034b98686b692100984770bdc04620
:04f59400604b0020a8
:020000040000fa
:10f5980010b502ab1b780a4a5268012b07d0022b20
:10f5a80009d0002b02d100210420904710bd002172
:10f5b80005209047fae7002108209047f6e7c04663
:04f5c800804b002054
:020000040000fa
:10f5cc0010b586b01000002901d006b010bd084b54
:10f5dc001c68002301930293039304930593142254
:10f5ec0001a9fff723fa01a90020a047ede7c046c7
:04f5fc00b84b0020e8
:020000040000fa
:10f6000010b50b484468012903d000210d20a04704
:10f6100010bd012af9d1002bf7d0029b002bf4d0aa
:10f620001b78002bf1d000210920a047f0e7c0464d
:04f63000904b0020db
:020000040000fa
:10f6340070b500250c000a0000682900f7f72cf9c2
:10f64400a84205da4f222c00044b1a60200070bd3a
:10f65400034b25626562a362f8e7c046cc4b0020e9
:04f6640058fd00004d
:020000040000fa
:10f668000200002070b50a4b4400e55c002d02d171
:10f678001b19587870bd116801300e78c0b2ae42bf
:10f6880003d11b190131587811600a28ebd9f1e729
:04f698006e020100fd
:020000040000fa
:10f69c00f4464a1805d200f009f901d5c017400804
:10f6ac00604701235b05d34206d200f0fff801d579
:10f6bc000120c0074042604701d10042f5d0d0176d
:04f6cc00400870473b
:020000040000fa
:10f6d000074a1368002b01d1064b1360064b1968cb
:10f6e000002901d105491960054b12681a6070475d
:10f6f000744b0020f04b0020704b0020f06b00207a
:04f700006c4b00202e
:020000040000fa
:10f7040070b5041e13d00078002811d025002035d0
:10f7140000232e68002e05d001330835052bf8d1bf
:10f72400002005e0db00e4182162626200e00020b2
:02f7340070bda6
:020000040000fa
:10f7380010b500280fd1094b5b79012b02d00120ad
:10f74800404207e0054c0023637123681b69984712
:10f758000123637110bd01204042fbe7784b002074
:020000040000fa
:10f7680010b500280fd1094b5b79012b02d001207d
:10f77800404207e0054c0023637123685b699847a2
:10f788000123637110bd01204042fbe7784b002044
:020000040000fa
:10f7980010b500280fd1094b5b79012b02d001204d
:10f7a800404207e0054c0023637123689b68984733
:10f7b8000123637110bd01204042fbe7784b002014
:020000040000fa
:10f7c80010b500280fd1094b5b79012b02d001201d
:10f7d800404207e0054c0023637123685b68984743
:10f7e8000123637110bd01204042fbe7784b0020e4
:020000040000fa
:10f7f80010b588420ad98b18984207d2002a04d03b
:10f80800013a8b5c8354013afbd210bd0023002ad5
:10f81800fbd0cc5cc45401339a42fad1f5e7c04618
:020000040000fa
:10f82800f7b517001e0004000d00f9f73bf90200b8
:10f838000b000090019138003100fff779fa241a83
:10f848008d41089b009801991c605d6003b0f0bd74
:020000040000fa
:10f85800f0b583b00191130000280ed08568c62644
:10f86800b600a95dc7229200ac580027af50826845
:0ef878009755002c01d0019aa04703b0f0bdb7
:020000040000fa
:10f8860070b4012676054c005d00e6420cd8ee42c7
:10f896000ad825430543154303d0994204d1904223
:0ef8a60002d1012070bc7047002070bc70477a
:020000040000fa
:10f8b4004a0010d2520d03231b02ff33d21a0ad47a
:10f8c40052421f3209d4400dc90208430123db0709
:0ef8d4001843d040704700207047d01770478f
:020000040000fa
:10f8e200002811d0030021330021002219705a7020
:10f8f2009a70da701a715a712723c154073bc154a6
:0cf902000833c154002070470220fce7cd
:020000040000fa
:10f910004698000046980000a2980000a2980000b7
:10f92000a2980000a498000002990000fe98000030
:0cf93000fe980000fa9800000299000008
:020000040000fa
:10f93c0030b5094b44002418a4001b191b7adbb208
:10f94c00834200d030bd044b44002518ad00e95073
:0cf95c005b195a60f6e7c046d845002051
:020000040000fa
:10f9680010b508490b7adbb2074a1370c1230b7232
:10f978005368002b04d091681078c0b25368984738
:0cf9880010bdc04600140040484b002099
:020000040000fa
:10f9940010b500f05bfd074b07221a611b69db03fe
:10f9a40005d5054a51688023db040b43536000f0fe
:0cf9b400b7fc10bd00e000e000ed00e03a
:020000040000fa
:10f9c00000030000f90001003df30000c9f700004a
:10f9d00099f7000075f3000039f7000069f700009f
:0cf9e0005ba00000890301006f0701001c
:020000040000fa
:10f9ec0070b50500fff7f8fc041e0ad02800fff7dd
:10f9fc00b5fb002807d0047de4b20023037500f0aa
:0afa0c004bf9200070bd0024f9e75b
:020000040000fa
:10fa160070b505690400954200d91500002d0bd07c
:10fa26002a00606900f0dffc22696369521b2261cb
:0afa360000225b1963611a7070bdb5
:020000040000fa
:10fa400010b5084b1b78002b00d110bd00f07afeda
:10fa5000044c237e0133237600f078fe002363708c
:08fa60002370f2e7ac4a00201c
:020000040000fa
:10fa680070b50c001300002809d0054a1568002d50
:10fa780005d040004108034a10682200a84770bd1d
:08fa8800b04b0020ac4b002044
:020000040000fa
:10fa9000682c0000d02c0000f22c0000f22c00009a
:10faa0002c2c0000262d0000262d0000162e000014
:08fab0002c2c0000142d0000b5
:020000040000fa
:10fab80010b500280cd00d290cd82823c1540021da
:10fac800fef7d8fb4342584143420920184010bd75
:08fad8000220fce70220fae71e
:020000040000fa
:10fae000431e03330ad88368002b09d08278002a8a
:10faf00008d0d12292009950002070470220fce7e4
:08fb00000220fae70120f8e7fa
:020000040000fa
:10fb080010b50200431e03330ad88368002b09d0be
:10fb1800986800f047fa01235840c000c0b210bdf1
:08fb28000220fce70220fae7cd
:020000040000fa
:10fb300010b5074b5868074a12699a6801329a60f3
:10fb40001b68002b02d0024b1b68984710bdc046b3
:08fb5000544b002000e000e02e
:020000040000fa
:10fb5800cc5c00004e5d0000a05e0000a25d0000cd
:10fb68000a5e0000505e0000b65d0000645e0000a2
:08fb7800765e0000885e0000cb
:020000040000fa
:10fb800000b583b00191090c012906d9042301aa0b
:10fb90000421f9f7d3fc03b000bd042301aa03211b
:06fba000f9f7ccfcf7e7c9
:020000040000fa
:10fba600431e033309d88368002b06d00278002a47
:10fbb60003d001228256022a00d0704791215a5c56
:06fbc60001325a54f9e778
:020000040000fa
:10fbcc0010b5074b1b780020db0700d510bd04488f
:10fbdc0084220021040000f00dfc2000f6e7c04652
:04fbec00b8470020f6
:020000040000fa
:10fbf000431e033309d80378002b03d00123c356d7
:10fc0000002b05d0407840b2704701204042fbe70e
:04fc10000120f9e7ef
:020000040000fa
:10fc140010b5041e09d01422002100f0effb044ba0
:10fc2400636002232372002010bd0220fce7c0465b
:04fc34001027000095
:020000040000fa
:10fc3800054a00231361936104495161062111614a
:10fc4800034a93601360704700e000e07fbb000048
:04fc5800544b0020e9
:020000040000fa
:10fc5c0070b50c001600c5b2280000f02dfc044b4a
:10fc6c0018402100314301432800fff71dfa70bdf5
:04fc7c00fff3ffff94
:020000040000fa
:10fc800052410000124300002e4300009243000046
:10fc9000da430000e443000034410000ba430000ae
:04fca000ee4300002f
:020000040000fa
:10fca40010b5074c2123e05c63685b699847202307
:10fcb400e35c002b03d1024b28220121995410bd8f
:04fcc400584900207b
:020000040000fa
:10fcc8005359535f57494e43535f574946495f67f6
:10fcd8006574526567446f6d61696e43616c6c62ef
:04fce80061636b00e9
:020000040000fa
:10fcec008adf000092df0000b2df0000aadf000014
:10fcfc00a2df000090df000090df000090df00002a
:04fd0c00c0df000054
:020000040000fa
:10fd1000054b00221a70054a5a60054a9a60032270
:10fd20001a73023a5a737047384b0020741000005f
:04fd30007c10000043
:020000040000fa
:10fd3400054b064a5a60064a9a6002225a7000220b
:10fd44009a7003321a7370478c480020b010000078
:04fd5400c0100000db
:020000040000fa
:10fd5800474d5400286e696c29002500494e46001d
:10fd6800696e66004e414e006e616e00286e756cbd
:03fd78006c2900f3
:020000040000fa
:10fd7c00002809d00088042808d00638434258418e
:10fd8c0043421c20184070470020fce71020fae783
:020000040000fa
:10fd9c0010b5041e07d01422002100f02bfb034bde
:10fdac00e360002010bd0220fce7c046805101003a
:020000040000fa
:10fdbc0070b50c00c5b2280000f07efb034b184058
:10fdcc00210001432800fff76ff970bdfffcffff16
:020000040000fa
:10fddc0070b50c008568280000f0acf9c2b203487d
:10fdec0023002900fcf74cfc70bdc046d448002011
:020000040000fa
:10fdfc0010b5054c2368002b01d1fff763fc034bb6
:10fe0c0018682368c01a10bd6c4b0020704b002082
:020000040000fa
:10fe1c000300000e1a0610431a0aff2109020a40b9
:0efe2c0010431b02ff221204134018437047bc
:020000040000fa
:10fe3a0010b5002a09d004780b789c4201d0e01a48
:0efe4a0010bd013a01300131f3e71000f8e776
:020000040000fa
:10fe5800002310b5934206d103201840421e90415a
:0efe68009b08c01810bdc45ccc540133f2e7f7
:020000040000fa
:10fe780010b50200ccb204492000fff75bfd20005a
:0cfe880000f024fb10bdc046a7fb0000ea
:020000040000fa
:10fe940030b583b0c024069d0195009313000a0079
:0cfea4000100a000fef711fa03b030bd11
:020000040000fa
:10feb00030b583b0a024069d0195009313000a007d
:0cfec0000100e000fef703fa03b030bdc3
:020000040000fa
:10fecc0030b583b08024069d0195009313000a0081
:0cfedc0001002001fef7f5f903b030bd75
:020000040000fa
:10fee80030b583b0d024069d0195009313000a0015
:0cfef80001002001fef7e7f903b030bd67
:020000040000fa
:10ff040030b583b09024069d0195009313000a0038
:0cff140001006001fef7d9f903b030bd18
:020000040000fa
:10ff200030b583b09824069d0195009313000a0014
:0cff300001006001fef7cbf903b030bd0a
:020000040000fa
:10ff3c0030b583b0a024069d0195009313000a00f0
:0cff4c0001006001fef7bdf903b030bdfc
:020000040000fa
:10ff580030b583b0e024069d0195009313000a0094
:0cff680001006001fef7aff903b030bdee
:020000040000fa
:10ff740030b583b0e824069d0195009313000a0070
:0cff840001006001fef7a1f903b030bde0
:020000040000fa
:10ff900092760000bc770000a6760000be760000d6
:0cffa000ce7600003c7700008c7600005c
:020000040000fa
:10ffac00002805d0034b1960034b1a6001207047e1
:0cffbc000020fce7b04b0020ac4b002004
:020000040000fa
:10ffc80010b5041e08d001304222002100f014fab6
:0cffd800ff232370002010bd0220fce776
:020000040000fa
:10ffe400054a9368d068834201d3181a7047024abd
:0cfff4001269d318181af9e71849002008
:020000040000fa
:020000040001f9
:10000000054bd86a9b6a984201d8181a7047024a71
:0c001000126bd318181af9e718490020e9
:020000040000fa
:020000040001f9
:10001c002d06010061030100f50401003d070100fc
:0c002c0021060100c3050100750301005e
:020000040000fa
:020000040001f9
:1000380010b5054b1868f2f7a7fbfdf759f9f4f767
:0c00480029fdfdf7c3ff10bd284b002070
:020000040000fa
:020000040001f9
:100054000ad3000012d300001ed3000010d3000006
:0c00640010d3000034d3000042d3000091
:020000040000fa
:020000040001f9
:10007000044b4a681a60044b0a895a8002221a709b
:0c00800000207047bc4b0020c04b00204b
:020000040000fa
:020000040001f9
:10008c00c9b2002a08d0821802e00130824203d0a3
:0c009c0003788b42f9d170470020fce78c
:020000040000fa
:020000040001f9
:1000a80003000020044a10b51468844203d1136089
:0c00b80018611960013010bdc84b002019
:020000040000fa
:020000040001f9
:1000c4005359535f57494e43535f4e45545f536fe3
:0a00d400636b5372764374726c0084
:020000040000fa
:020000040001f9
:1000e0000c2804d8034bc34001201840704700205f
:0800f000fce7c0461e140000ed
:020000040000fa
:020000040001f9
:1000f800002805d1034b01225a71096819601a7149
:080108007047c046784b00204f
:020000040000fa
:020000040001f9
:1001100070b50500fff76afc041e01d1200070bd18
:080120002800fef7affef9e72d
:020000040000fa
:020000040001f9
:1001280081be00000100010039030100399200007e
:08013800350701004d03010031
:020000040000fa
:020000040001f9
:100140000378002b06d003005a780133002afbd134
:08015000181a70470020fce7bb
:020000040000fa
:020000040001f9
:1001580070b50a000c0000210500fff793ff002886
:0801680000d0441b200070bd13
:020000040000fa
:020000040001f9
:1001700013b50400019201aaf4f700fb6368db06e3
:0801800001d50120404216bd2b
:020000040000fa
:020000040001f9
:10018800d0400b00d1409c46203ad34018435242fd
:080198006346934018437047d1
:020000040000fa
:020000040001f9
:1001a0009140030090409c46203a934019435242ac
:0801b0006346d3401943704778
:020000040000fa
:020000040001f9
:1001b80010b5002903d1fff72df8203002e0080020
:0801c800fff728f810bdc04646
:020000040000fa
:020000040001f9
:1001d0005359535f57494e43535f4d5154545f53e6
:0701e00072764374726c009b
:020000040000fa
:020000040001f9
:1001e8005359535f57494e43535f574946495f53e5
:0701f80072764374726c0083
:020000040000fa
:020000040001f9
:10020000030c03d181425b41d8b270470020994270
:060210004041c0b2f9e715
:020000040000fa
:020000040001f9
:1002160000b583b00800022a01d003b000bd6946cc
:06022600fdf7f9fdf9e708
:020000040000fa
:020000040001f9
:10022c00006810b5002801da002010bdfef7eaf8ce
:06023c00431cfad1f8e7b3
:020000040000fa
:020000040001f9
:100242000cb407b504ab04cb0193fdf764fa03b019
:0602520008bc02b01847d1
:020000040000fa
:020000040001f9
:100258000eb403b503aa02ca019200f0e1f802b095
:0602680008bc03b01847ba
:020000040000fa
:020000040001f9
:10026e0068076c094c836a9074a07ac00080688815
:06027e0000846c82008187
:020000040000fa
:020000040001f9
:10028400034b1b6a1b0e0122534001201840704788
:0402940000440041e1
:020000040000fa
:020000040001f9
:1002980010b5002801d0012b00d010bd1000fef7ca
:0402a8002dfefae746
:020000040000fa
:020000040001f9
:1002ac0010b5002801d0012b00d010bd1000fef7b6
:0402bc0023fefae73c
:020000040000fa
:020000040001f9
:1002c00010b5002801d0012b00d010bd1000fef7a2
:0402d00019fefae732
:020000040000fa
:020000040001f9
:1002d40010b5002801d0012b00d010bd1000fef78e
:0402e4000ffefae728
:020000040000fa
:020000040001f9
:1002e800ee6600006267000022680000b867000040
:0402f800506800004a
:020000040000fa
:020000040001f9
:1002fc0010b5002801d0012b00d010bd1000fef766
:04030c00fbfdfae714
:020000040000fa
:020000040001f9
:1003100072930000a6930000c4930000e2930000d3
:040320000094000045
:020000040000fa
:020000040001f9
:10032400002803d0bff35f8f62b6704772b6bff385
:040334005f8ffae7f6
:020000040000fa
:020000040001f9
:1003380010b5034b1c6bfff75ffe013c201a10bd84
:040348001849002030
:020000040000fa
:020000040001f9
:10034c0010b5034b1c69fff747fe013c201a10bd8a
:04035c00184900201c
:020000040000fa
:020000040001f9
:10036000034b00229a611a6901210a431a617047fe
:0403700000e000e0c9
:020000040000fa
:020000040001f9
:10037400034b186905221a618007c00f7047c046f5
:0403840000e000e0b5
:020000040000fa
:020000040001f9
:10038800002802d1024b187970470320fce7c046c9
:04039800784b00207e
:020000040000fa
:020000040001f9
:10039c000ae20000f8e10000eee10000e6e10000f6
:0403ac0000e200006b
:020000040000fa
:020000040001f9
:1003b0002ef4000034f400003af4000040f4000091
:0403c00046f40000ff
:020000040000fa
:020000040001f9
:1003c400e6df0000eedf000000e000000ce00000cb
:0403d40018e000002d
:020000040000fa
:020000040001f9
:1003d8006304010059fe0000790701007907010054
:0403e8007907010090
:020000040000fa
:020000040001f9
:1003ec0010b5002a05d00023cc5cc45401339342d1
:0403fc00fad110bd65
:020000040000fa
:020000040001f9
:10040000002a06d00300c9b21218197001339342b2
:04041000fbd1704765
:020000040000fa
:020000040001f9
:1004140003000a7818001a7001310133002af8d158
:040424007047c04617
:020000040000fa
:020000040001f9
:1004280010b513000a000249fdf772f910bdc04665
:04043800ffffff7f44
:020000040000fa
:020000040001f9
:10043c0002b4714649084900095c49008e4402bc6b
:04044c007047c046ef
:020000040000fa
:020000040001f9
:10045000eff3108072b6bff35f8f43425841c0b2d2
:020460007047e3
:020000040000fa
:020000040001f9
:100462008a18914201d10020704700230b7001319c
:02047200f7e7aa
:020000040000fa
:020000040001f9
:1004740010b50a00d02301005801fef77dfc10bd21
:020000040000fa
:020000040001f9
:100484000000000000000000000000000000000068
:020000040000fa
:020000040001f9
:1004940010b5002803d04368002b00d0984710bd46
:020000040000fa
:020000040001f9
:1004a400002803d000230370002070470220fce7db
:020000040000fa
:020000040001f9
:1004b400024b000118184160826070470c4a00200a
:020000040000fa
:020000040001f9
:1004c4000001024bc018008880b27047304a0020f7
:020000040000fa
:020000040001f9
:1004d40001238340014ad3607047c046001800409e
:020000040000fa
:020000040001f9
:1004e40001238340014a93607047c04600180040ce
:020000040000fa
:020000040001f9
:1004f400024a136901218b431361704700e000e055
:020000040000fa
:020000040001f9
:100504000000000001000000280800422808004202
:020000040000fa
:020000040001f9
:1005140010b5024b1868fef7d3fc10bdf44a002056
:020000040000fa
:020000040001f9
:1005240010b5024b5868fef764f910bdf44a002078
:020000040000fa
:020000040001f9
:1005340010b5024b5868fef7c3fc10bdf44a002006
:020000040000fa
:020000040001f9
:1005440010b5024b9868fef7bbfc10bdf44a0020be
:020000040000fa
:020000040001f9
:1005540010b5024bd868fef7b3fc10bdf44a002076
:020000040000fa
:020000040001f9
:10056400024b00221a70013a5a6070470445002079
:020000040000fa
:020000040001f9
:1005740010b50248fef782fa10bdc046cc460020f2
:020000040000fa
:020000040001f9
:1005840010b50249fff754f810bdc046b449002025
:020000040000fa
:020000040001f9
:1005940010b5f7f751f9029a039bf6f763fa10bd09
:020000040000fa
:020000040001f9
:1005a400f0b40125ed076b40004c20476f6a000052
:020000040000fa
:020000040001f9
:0e05b40010b5002800d110bdfef7a2fcfbe739
:020000040000fa
:020000040001f9
:0e05c20010b5002800d110bdfff7e3f9fbe7ec
:020000040000fa
:020000040001f9
:0e05d00010b50020fbf796fffff72efdfce7ad
:020000040000fa
:020000040001f9
:0e05de000300413b192b01d82023184370471e
:020000040000fa
:020000040001f9
:0e05ec000300613b192b01d85f2318407047b4
:020000040000fa
:020000040001f9
:0c05fa00002902d00b7801330b70704711
:020000040000fa
:020000040001f9
:0c06080000000000f10961096119611394
:020000040000fa
:020000040001f9
:0c061400014b82225a60704700400041f8
:020000040000fa
:020000040001f9
:0c0620000138014b5861704700e000e019
:020000040000fa
:020000040001f9
:0c062c00014b186059607047544b0020cf
:020000040000fa
:020000040001f9
:0c06380074070100c0f900000000000081
:020000040000fa
:020000040001f9
:0c064400000000000400000000000000a6
:020000040000fa
:020000040001f9
:0c065000014b01221a747047f44a00208c
:020000040000fa
:020000040001f9
:0c065c00014b01225a747047f44a002040
:020000040000fa
:020000040001f9
:0c066800014b01229a747047f44a0020f4
:020000040000fa
:020000040001f9
:0c067400014b0122da747047f44a0020a8
:020000040000fa
:020000040001f9
:0c068000014b587cc0b27047f44a0020c7
:020000040000fa
:020000040001f9
:0c068c00014b58747047c046f44a00202f
:020000040000fa
:020000040001f9
:0c069800014b58727047c046044500201a
:020000040000fa
:020000040001f9
:0c06a400014b987ac0b27047044500205a
:020000040000fa
:020000040001f9
:0c06b000014b98727047c04604450020c2
:020000040000fa
:020000040001f9
:0c06bc00014b00221a7070479846002085
:020000040000fa
:020000040001f9
:0c06c800014b00221a707047d44b002038
:020000040000fa
:020000040001f9
:0c06d400014b58887047c046c04b002006
:020000040000fa
:020000040001f9
:0c06e000014b18687047c046bc4b00205e
:020000040000fa
:020000040001f9
:0c06ec0010b50400fff790fe200010bdc8
:020000040000fa
:020000040001f9
:0c06f8001f1e1f1e1f1f1e1f1e1f1f1d88
:020000040000fa
:020000040001f9
:0a07040010b5c0b2fff7ecfe10bd07
:020000040000fa
:020000040001f9
:0a07100000ff02030405ffffffffd6
:020000040000fa
:020000040001f9
:08071a0010b5fdf7c8fa10bd8f
:020000040000fa
:020000040001f9
:0807220010b5fef7eefb10bd5f
:020000040000fa
:020000040001f9
:08072c000000000000000000c5
:020000040000fa
:020000040001f9
:0807340010b5fff755fc10bde4
:020000040000fa
:020000040001f9
:08073c0000487047006cdc026c
:020000040000fa
:020000040001f9
:0807440010b5fff783fe10bda4
:020000040000fa
:020000040001f9
:08074c0010b5fff7e9fd10bd37
:020000040000fa
:020000040001f9
:080754001c000100ff00000081
:020000040000fa
:020000040001f9
:08075c00040501000c0000007f
:020000040000fa
:020000040001f9
:0607640040ba80b27047ac
:020000040000fa
:020000040001f9
:04076a0000207047b4
:020000040000fa
:020000040001f9
:04076e0001207047af
:020000040000fa
:020000040001f9
:040774002801010057
:020000040000fa
:020000040001f9
:0407780000207047a6
:020000040000fa
:020000040001f9
:04077c007047c046bc
:020000040000fa
:0200000400807a
:0440000077c700d8a6
:020000040000fa
:0200000400807a
:044004005c00ffff5e
:00000001FF
